date of fixing,2 years,3 years,4 years,5 years,6 years,7 years,8 years,9 years,10 years,12 years,15 years,20 years,source_sheet
2006-11-15,8.01,7.79,7.61,7.46,7.33,7.22,7.12,7.03,6.95,6.85,6.76,,2006
2006-11-16,8.01,7.78,7.61,7.46,7.34,7.23,7.13,7.04,6.96,6.85,6.75,,2006
2006-11-17,7.98,7.74,7.58,7.43,7.31,7.2,7.1,7.02,6.94,6.84,6.75,,2006
2006-11-20,8.02,7.78,7.61,7.46,7.35,7.24,7.15,7.06,7.0,6.89,6.77,,2006
2006-11-21,7.77,7.55,7.4,7.26,7.16,7.06,6.97,6.89,6.81,6.69,6.59,,2006
2006-11-22,7.85,7.63,7.48,7.35,7.24,7.15,7.06,6.99,6.92,6.79,6.66,,2006
2006-11-23,7.89,7.67,7.52,7.39,7.28,7.19,7.1,7.02,6.94,6.81,6.68,,2006
2006-11-24,7.94,7.74,7.6,7.49,7.37,7.27,7.18,7.1,7.02,6.9,6.78,,2006
2006-11-27,7.86,7.69,7.56,7.45,7.34,7.24,7.15,7.05,6.96,6.84,6.73,,2006
2006-11-28,7.83,7.64,7.52,7.42,7.31,7.21,7.12,7.02,6.93,6.81,6.69,,2006
2006-11-29,7.77,7.59,7.46,7.35,7.26,7.16,7.07,6.98,6.9,6.77,6.65,,2006
2006-11-30,7.8,7.61,7.5,7.4,7.3,7.21,7.11,7.03,6.95,6.82,6.7,,2006
2006-12-01,7.79,7.6,7.49,7.39,7.3,7.21,7.11,7.02,6.94,6.81,6.7,,2006
2006-12-04,7.84,7.65,7.54,7.44,7.35,7.24,7.16,7.07,6.99,6.86,6.75,,2006
2006-12-05,7.82,7.64,7.52,7.43,7.34,7.25,7.15,7.06,6.98,6.85,6.74,,2006
2006-12-06,7.83,7.65,7.54,7.45,7.36,7.26,7.16,7.07,6.99,6.86,6.75,,2006
2006-12-07,7.84,7.66,7.55,7.46,7.36,7.27,7.17,7.08,7.0,6.87,6.76,,2006
2006-12-08,7.87,7.69,7.56,7.47,7.37,7.27,7.18,7.09,7.0,6.87,6.74,,2006
2006-12-11,7.85,7.68,7.56,7.46,7.36,7.27,7.17,7.08,7.0,6.87,6.74,,2006
2006-12-12,7.74,7.56,7.45,7.35,7.25,7.15,7.05,6.97,6.88,6.75,6.62,,2006
2006-12-13,7.65,7.47,7.36,7.27,7.18,7.08,6.98,6.88,6.79,6.66,6.54,,2006
2006-12-14,7.66,7.49,7.37,7.26,7.15,7.05,6.94,6.84,6.75,6.62,6.5,,2006
2006-12-15,7.65,7.47,7.36,7.25,7.14,7.04,6.93,6.83,6.74,6.61,6.49,,2006
2006-12-18,7.69,7.51,7.4,7.3,7.19,7.08,6.98,6.88,6.79,6.65,6.53,,2006
2006-12-19,7.7,7.52,7.41,7.31,7.2,7.09,6.99,6.89,6.8,6.66,6.54,,2006
2006-12-20,7.74,7.56,7.45,7.35,7.24,7.13,7.03,6.93,6.84,6.7,6.58,,2006
2006-12-21,7.69,7.51,7.4,7.3,7.19,7.08,6.98,6.88,6.79,6.65,6.53,,2006
2006-12-22,7.65,7.48,7.36,7.26,7.16,7.06,6.96,6.86,6.77,6.63,6.51,,2006
2006-12-27,7.65,7.47,7.35,7.25,7.15,7.05,6.95,6.85,6.76,6.62,6.49,,2006
2006-12-28,7.65,7.47,7.36,7.26,7.16,7.06,6.95,6.86,6.77,6.63,6.5,,2006
2006-12-29,7.63,7.46,7.35,7.25,7.15,7.05,6.94,6.85,6.75,6.62,6.49,,2006
2007-01-02,7.54,7.38,7.27,7.18,7.08,6.98,6.88,6.79,6.7,6.55,6.43,,2006
2007-01-02,7.54,7.38,7.27,7.18,7.08,6.98,6.88,6.79,6.7,6.55,6.43,,2007
2007-01-03,7.48,7.33,7.22,7.12,7.03,6.93,6.84,6.75,6.66,6.51,6.39,,2007
2007-01-04,7.55,7.38,7.27,7.18,7.09,7.0,6.9,6.81,6.73,6.59,6.45,,2007
2007-01-05,7.7,7.51,7.38,7.27,7.17,7.07,6.97,6.88,6.8,6.65,6.51,,2007
2007-01-08,7.71,7.54,7.4,7.29,7.19,7.09,6.99,6.89,6.81,6.68,6.53,,2007
2007-01-09,7.75,7.56,7.42,7.3,7.2,7.1,7.0,6.9,6.82,6.68,6.52,,2007
2007-01-10,7.85,7.67,7.54,7.43,7.32,7.22,7.11,7.01,6.92,6.77,6.62,,2007
2007-01-11,7.84,7.67,7.55,7.44,7.33,7.23,7.13,7.04,6.95,6.79,6.64,,2007
2007-01-12,7.91,7.75,7.64,7.53,7.44,7.34,7.23,7.14,7.04,6.89,6.73,,2007
2007-01-15,7.83,7.68,7.56,7.47,7.37,7.28,7.19,7.1,7.01,6.86,6.7,,2007
2007-01-16,7.73,7.59,7.48,7.4,7.31,7.22,7.13,7.04,6.95,6.81,6.67,,2007
2007-01-17,7.85,7.7,7.6,7.51,7.43,7.34,7.26,7.17,7.08,6.93,6.78,,2007
2007-01-18,7.8,7.65,7.54,7.45,7.37,7.29,7.2,7.11,7.03,6.88,6.74,,2007
2007-01-19,7.74,7.58,7.49,7.41,7.33,7.24,7.15,7.07,6.99,6.84,6.71,,2007
2007-01-22,7.77,7.61,7.51,7.42,7.34,7.25,7.15,7.07,6.98,6.84,6.7,,2007
2007-01-23,7.98,7.79,7.66,7.55,7.45,7.36,7.26,7.16,7.07,6.91,6.76,,2007
2007-01-24,8.04,7.84,7.69,7.59,7.48,7.38,7.29,7.2,7.12,6.95,6.8,,2007
2007-01-25,7.91,7.72,7.59,7.48,7.38,7.28,7.19,7.1,7.01,6.86,6.69,,2007
2007-01-26,8.04,7.84,7.7,7.6,7.51,7.41,7.31,7.21,7.11,6.95,6.79,,2007
2007-01-29,8.02,7.82,7.69,7.58,7.49,7.39,7.29,7.19,7.09,6.93,6.78,,2007
2007-01-30,8.1,7.88,7.74,7.63,7.54,7.44,7.34,7.23,7.13,6.97,6.82,,2007
2007-01-31,8.03,7.82,7.67,7.57,7.47,7.37,7.27,7.17,7.07,6.92,6.77,,2007
2007-02-01,7.93,7.71,7.58,7.48,7.39,7.3,7.2,7.1,7.0,6.85,6.69,,2007
2007-02-02,7.92,7.71,7.57,7.47,7.39,7.3,7.21,7.11,7.02,6.87,6.71,,2007
2007-02-05,7.9,7.68,7.55,7.45,7.36,7.28,7.19,7.09,7.0,6.84,6.68,,2007
2007-02-06,7.85,7.63,7.5,7.4,7.31,7.22,7.13,7.04,6.95,6.79,6.63,,2007
2007-02-07,7.87,7.64,7.51,7.41,7.32,7.23,7.13,7.04,6.95,6.78,6.63,,2007
2007-02-08,7.93,7.7,7.57,7.46,7.37,7.28,7.18,7.09,6.99,6.83,6.68,,2007
2007-02-09,7.98,7.74,7.6,7.5,7.41,7.32,7.23,7.13,7.03,6.86,6.72,,2007
2007-02-12,8.0,7.76,7.63,7.52,7.43,7.35,7.25,7.15,7.05,6.88,6.73,,2007
2007-02-13,8.04,7.8,7.66,7.56,7.46,7.37,7.27,7.17,7.07,6.9,6.75,,2007
2007-02-14,7.95,7.72,7.57,7.46,7.37,7.28,7.18,7.08,6.99,6.83,6.67,,2007
2007-02-15,7.9,7.67,7.52,7.41,7.32,7.22,7.12,7.02,6.93,6.76,6.6,,2007
2007-02-16,7.94,7.7,7.55,7.44,7.34,7.24,7.15,7.05,6.95,6.78,6.62,,2007
2007-02-19,7.9,7.65,7.5,7.39,7.29,7.19,7.08,6.98,6.88,6.7,6.55,,2007
2007-02-20,7.96,7.71,7.54,7.42,7.32,7.22,7.11,7.01,6.91,6.73,6.57,,2007
2007-02-21,7.99,7.74,7.58,7.46,7.35,7.25,7.14,7.04,6.94,6.77,6.59,,2007
2007-02-22,7.98,7.73,7.57,7.44,7.33,7.23,7.13,7.03,6.93,6.77,6.6,,2007
2007-02-23,7.96,7.71,7.55,7.43,7.32,7.22,7.12,7.02,6.93,6.76,6.6,,2007
2007-02-26,7.95,7.72,7.56,7.45,7.34,7.24,7.14,7.04,6.93,6.77,6.61,,2007
2007-02-27,7.92,7.68,7.54,7.43,7.34,7.23,7.14,7.03,6.92,6.75,6.6,,2007
2007-02-28,8.03,7.79,7.63,7.5,7.4,7.3,7.2,7.09,6.99,6.81,6.64,,2007
2007-03-01,8.0,7.76,7.6,7.49,7.38,7.28,7.18,7.07,6.95,6.77,6.61,,2007
2007-03-02,7.9,7.66,7.5,7.39,7.28,7.18,7.08,6.97,6.87,6.69,6.53,,2007
2007-03-05,7.96,7.72,7.57,7.45,7.34,7.24,7.14,7.04,6.94,6.76,6.6,,2007
2007-03-06,7.87,7.63,7.49,7.38,7.27,7.17,7.07,6.97,6.87,6.71,6.54,,2007
2007-03-07,7.87,7.63,7.49,7.38,7.27,7.17,7.07,6.97,6.87,6.71,6.54,,2007
2007-03-08,7.81,7.58,7.43,7.33,7.23,7.14,7.03,6.94,6.84,6.68,6.52,,2007
2007-03-09,7.77,7.54,7.4,7.3,7.21,7.12,7.02,6.93,6.83,6.67,6.51,,2007
2007-03-10,7.74,7.52,7.39,7.29,7.2,7.11,7.01,6.91,6.82,6.66,6.51,,2007
2007-03-12,7.69,7.48,7.35,7.25,7.17,7.08,6.98,6.89,6.79,6.63,6.49,,2007
2007-03-13,7.75,7.53,7.4,7.31,7.22,7.12,7.02,6.92,6.82,6.65,6.51,,2007
2007-03-14,7.77,7.56,7.42,7.31,7.21,7.11,7.01,6.9,6.8,6.63,6.48,,2007
2007-03-19,7.54,7.36,7.24,7.13,7.03,6.93,6.83,6.73,6.63,6.46,6.3,,2007
2007-03-20,7.52,7.36,7.25,7.16,7.06,6.96,6.86,6.76,6.66,6.49,6.35,,2007
2007-03-21,7.56,7.41,7.3,7.2,7.1,7.0,6.9,6.8,6.7,6.54,6.39,,2007
2007-03-22,7.53,7.38,7.27,7.18,7.08,6.98,6.88,6.78,6.68,6.53,6.37,,2007
2007-03-23,7.46,7.33,7.23,7.13,7.03,6.93,6.83,6.73,6.64,6.48,6.33,,2007
2007-03-26,7.45,7.32,7.22,7.13,7.04,6.94,6.84,6.74,6.65,6.5,6.36,,2007
2007-03-27,7.55,7.41,7.31,7.22,7.12,7.01,6.91,6.81,6.72,6.57,6.43,,2007
2007-03-28,7.54,7.41,7.31,7.22,7.12,7.01,6.91,6.81,6.72,6.57,6.43,,2007
2007-03-29,7.48,7.36,7.27,7.17,7.08,6.98,6.89,6.79,6.69,6.55,6.4,,2007
2007-03-30,7.44,7.33,7.24,7.15,7.06,6.96,6.87,6.77,6.68,6.53,6.39,,2007
2007-04-02,7.46,7.35,7.25,7.16,7.08,6.98,6.88,6.79,6.69,6.55,6.41,,2007
2007-04-03,7.45,7.34,7.25,7.17,7.08,6.99,6.9,6.8,6.71,6.57,6.42,,2007
2007-04-04,7.42,7.3,7.22,7.14,7.05,6.96,6.87,6.78,6.69,6.55,6.41,,2007
2007-04-05,7.4,7.28,7.19,7.12,7.03,6.95,6.86,6.77,6.68,6.54,6.41,,2007
2007-04-06,7.4,7.28,7.19,7.12,7.04,6.95,6.86,6.77,6.69,6.54,6.41,,2007
2007-04-10,7.41,7.28,7.2,7.12,7.04,6.95,6.86,6.77,6.69,6.55,6.42,,2007
2007-04-11,7.28,7.16,7.08,7.01,6.94,6.87,6.78,6.69,6.61,6.47,6.35,,2007
2007-04-12,7.26,7.14,7.06,6.98,6.92,6.85,6.77,6.69,6.61,6.47,6.34,,2007
2007-04-13,7.23,7.09,7.02,6.95,6.9,6.83,6.76,6.69,6.62,6.5,6.36,,2007
2007-04-16,7.21,7.06,6.98,6.9,6.85,6.8,6.74,6.67,6.6,6.47,6.33,,2007
2007-04-17,7.25,7.1,7.0,6.92,6.86,6.81,6.75,6.68,6.61,6.48,6.34,,2007
2007-04-18,7.27,7.11,7.01,6.92,6.87,6.81,6.75,6.68,6.61,6.48,6.33,,2007
2007-04-19,7.27,7.11,7.0,6.92,6.85,6.8,6.73,6.67,6.6,6.49,6.34,,2007
2007-04-20,7.18,7.03,6.94,6.88,6.82,6.76,6.7,6.64,6.57,6.45,6.33,,2007
2007-04-21,7.18,7.04,6.95,6.88,6.82,6.75,6.69,6.63,6.57,6.45,6.33,,2007
2007-04-23,7.18,7.05,6.95,6.88,6.81,6.75,6.69,6.63,6.57,6.45,6.33,,2007
2007-04-24,7.26,7.12,7.02,6.95,6.89,6.82,6.75,6.68,6.62,6.5,6.37,,2007
2007-04-25,7.25,7.11,7.01,6.93,6.88,6.81,6.75,6.68,6.6,6.47,6.35,,2007
2007-04-26,7.24,7.09,6.99,6.92,6.87,6.79,6.73,6.66,6.58,6.46,6.34,,2007
2007-04-27,7.17,7.03,6.94,6.87,6.81,6.74,6.68,6.61,6.55,6.43,6.31,,2007
2007-05-02,7.2,7.05,6.96,6.88,6.82,6.75,6.69,6.63,6.56,6.44,6.32,,2007
2007-05-03,7.18,7.02,6.93,6.86,6.8,6.73,6.67,6.6,6.54,6.42,6.3,,2007
2007-05-04,7.14,6.99,6.9,6.83,6.77,6.71,6.65,6.58,6.52,6.4,6.28,,2007
2007-05-07,7.1,6.95,6.86,6.79,6.73,6.67,6.61,6.54,6.48,6.36,6.24,,2007
2007-05-08,7.03,6.88,6.79,6.72,6.67,6.61,6.55,6.5,6.43,6.32,6.2,,2007
2007-05-09,7.1,6.95,6.86,6.79,6.72,6.65,6.6,6.54,6.48,6.36,6.23,,2007
2007-05-10,7.09,6.93,6.84,6.76,6.7,6.63,6.57,6.51,6.45,6.33,6.21,,2007
2007-05-11,7.17,7.01,6.9,6.82,6.75,6.69,6.63,6.57,6.51,6.4,6.28,,2007
2007-05-14,7.14,6.98,6.88,6.8,6.73,6.67,6.61,6.54,6.48,6.37,6.26,,2007
2007-05-15,7.17,7.02,6.92,6.84,6.77,6.71,6.64,6.58,6.52,6.41,6.3,,2007
2007-05-16,7.16,7.01,6.91,6.83,6.76,6.7,6.63,6.57,6.51,6.38,6.27,,2007
2007-05-17,7.26,7.09,6.98,6.9,6.83,6.77,6.7,6.64,6.57,6.45,6.33,,2007
2007-05-18,7.28,7.1,7.0,6.92,6.85,6.78,6.72,6.65,6.59,6.47,6.35,,2007
2007-05-21,7.23,7.06,6.96,6.88,6.81,6.74,6.68,6.61,6.55,6.43,6.31,,2007
2007-05-22,7.13,6.96,6.86,6.78,6.72,6.66,6.59,6.53,6.46,6.34,6.23,,2007
2007-05-23,7.15,6.99,6.89,6.81,6.74,6.68,6.62,6.56,6.49,6.36,6.26,,2007
2007-05-24,7.17,7.01,6.92,6.85,6.79,6.72,6.66,6.59,6.53,6.4,6.27,,2007
2007-05-25,7.17,7.03,6.94,6.87,6.8,6.74,6.67,6.61,6.54,6.43,6.32,,2007
2007-05-29,7.18,7.03,6.95,6.87,6.81,6.75,6.68,6.61,6.55,6.43,6.33,,2007
2007-05-30,7.18,7.03,6.94,6.87,6.8,6.75,6.67,6.61,6.55,6.43,6.32,,2007
2007-05-31,7.18,7.03,6.95,6.88,6.82,6.75,6.69,6.62,6.55,6.42,6.3,,2007
2007-06-01,7.15,7.01,6.92,6.85,6.79,6.73,6.66,6.59,6.53,6.4,6.27,,2007
2007-06-04,7.15,7.01,6.92,6.85,6.79,6.73,6.66,6.59,6.53,6.4,6.27,,2007
2007-06-05,7.15,7.01,6.93,6.86,6.8,6.73,6.67,6.6,6.54,6.41,6.28,,2007
2007-06-06,7.22,7.09,7.0,6.93,6.87,6.81,6.75,6.69,6.62,6.5,6.38,,2007
2007-06-07,7.29,7.16,7.07,7.01,6.95,6.9,6.84,6.77,6.71,6.57,6.45,,2007
2007-06-08,7.43,7.31,7.23,7.17,7.12,7.05,6.99,6.92,6.86,6.73,6.6,,2007
2007-06-11,7.32,7.22,7.17,7.11,7.07,7.01,6.95,6.88,6.81,6.7,6.57,,2007
2007-06-12,7.29,7.19,7.13,7.1,7.06,7.0,6.94,6.88,6.81,6.69,6.57,,2007
2007-06-13,7.39,7.3,7.25,7.21,7.17,7.12,7.07,7.02,6.96,6.84,6.71,,2007
2007-06-14,7.33,7.23,7.18,7.14,7.11,7.08,7.03,6.98,6.93,6.82,6.69,,2007
2007-06-15,7.27,7.17,7.12,7.08,7.05,7.0,6.97,6.92,6.87,6.76,6.63,,2007
2007-06-18,7.17,7.06,7.01,6.97,6.93,6.9,6.85,6.8,6.75,6.65,6.51,,2007
2007-06-19,7.24,7.13,7.08,7.04,7.01,6.98,6.93,6.88,6.83,6.72,6.59,,2007
2007-06-20,7.21,7.09,7.04,7.0,6.97,6.94,6.89,6.84,6.78,6.67,6.55,,2007
2007-06-21,7.27,7.16,7.1,7.06,7.03,6.99,6.95,6.9,6.85,6.75,6.63,,2007
2007-06-22,7.26,7.15,7.1,7.06,7.03,6.99,6.94,6.89,6.84,6.73,6.61,,2007
2007-06-25,7.2,7.1,7.05,7.02,6.99,6.95,6.9,6.85,6.8,6.69,6.56,,2007
2007-06-26,7.0,6.9,6.86,6.83,6.8,6.77,6.73,6.7,6.65,6.54,6.42,,2007
2007-06-27,7.04,6.95,6.9,6.87,6.84,6.81,6.78,6.74,6.7,6.6,6.48,,2007
2007-06-28,7.07,6.98,6.93,6.9,6.88,6.85,6.82,6.78,6.74,6.64,6.52,,2007
2007-06-29,7.02,6.94,6.91,6.89,6.87,6.84,6.8,6.76,6.72,6.63,6.5,,2007
2007-07-02,6.93,6.86,6.84,6.82,6.8,6.77,6.74,6.7,6.66,6.56,6.45,,2007
2007-07-03,6.9,6.83,6.81,6.8,6.79,6.76,6.73,6.69,6.64,6.55,6.44,,2007
2007-07-04,6.92,6.85,6.83,6.82,6.81,6.79,6.76,6.72,6.68,6.58,6.47,,2007
2007-07-05,6.91,6.83,6.81,6.79,6.78,6.77,6.74,6.7,6.65,6.56,6.45,,2007
2007-07-06,6.93,6.85,6.81,6.8,6.78,6.76,6.74,6.7,6.65,6.56,6.46,,2007
2007-07-09,6.92,6.83,6.8,6.78,6.77,6.75,6.73,6.69,6.65,6.56,6.45,,2007
2007-07-10,6.88,6.79,6.76,6.75,6.74,6.72,6.7,6.66,6.62,6.53,6.43,,2007
2007-07-11,6.91,6.82,6.79,6.77,6.76,6.74,6.71,6.67,6.62,6.54,6.45,,2007
2007-07-12,6.92,6.83,6.79,6.77,6.75,6.73,6.71,6.67,6.63,6.54,6.45,,2007
2007-07-13,6.9,6.82,6.78,6.76,6.74,6.72,6.7,6.66,6.62,6.53,6.45,,2007
2007-07-16,6.91,6.82,6.78,6.77,6.75,6.72,6.7,6.66,6.62,6.54,6.46,,2007
2007-07-17,6.9,6.8,6.77,6.75,6.73,6.7,6.68,6.64,6.6,6.52,6.44,,2007
2007-07-18,6.88,6.79,6.76,6.73,6.71,6.69,6.66,6.62,6.58,6.5,6.42,,2007
2007-07-19,6.86,6.77,6.74,6.72,6.7,6.67,6.64,6.61,6.57,6.48,6.4,,2007
2007-07-20,6.79,6.71,6.67,6.65,6.63,6.61,6.58,6.54,6.5,6.42,6.34,,2007
2007-07-23,6.8,6.71,6.67,6.65,6.63,6.61,6.59,6.55,6.5,6.42,6.34,,2007
2007-07-24,6.84,6.75,6.71,6.69,6.66,6.64,6.61,6.57,6.53,6.45,6.35,,2007
2007-07-25,6.88,6.8,6.75,6.73,6.71,6.69,6.66,6.63,6.58,6.5,6.4,,2007
2007-07-26,6.95,6.86,6.82,6.8,6.77,6.75,6.72,6.69,6.65,6.56,6.46,,2007
2007-07-27,7.11,7.02,6.97,6.93,6.9,6.86,6.84,6.8,6.75,6.66,6.57,,2007
2007-07-30,7.13,7.03,6.98,6.95,6.92,6.89,6.86,6.82,6.77,6.68,6.59,,2007
2007-07-31,7.15,7.05,7.0,6.96,6.93,6.89,6.86,6.82,6.77,6.68,6.59,,2007
2007-08-01,7.24,7.15,7.09,7.04,7.01,6.97,6.92,6.89,6.84,6.74,6.65,,2007
2007-08-02,7.2,7.11,7.05,7.0,6.97,6.93,6.89,6.85,6.8,6.71,6.62,,2007
2007-08-03,7.12,7.03,6.98,6.94,6.9,6.86,6.82,6.77,6.73,6.64,6.55,,2007
2007-08-06,7.2,7.1,7.04,6.99,6.95,6.91,6.87,6.83,6.79,6.71,6.6,,2007
2007-08-07,7.14,7.06,7.0,6.95,6.91,6.87,6.83,6.79,6.75,6.66,6.56,,2007
2007-08-08,7.08,7.0,6.94,6.9,6.85,6.81,6.77,6.73,6.69,6.6,6.51,,2007
2007-08-09,7.12,7.02,6.97,6.92,6.88,6.84,6.8,6.76,6.72,6.64,6.55,,2007
2007-08-10,7.23,7.14,7.07,7.02,6.98,6.94,6.9,6.85,6.81,6.72,6.63,,2007
2007-08-13,7.24,7.15,7.09,7.04,7.0,6.96,6.91,6.87,6.82,6.73,6.64,,2007
2007-08-14,7.24,7.15,7.09,7.05,7.0,6.96,6.91,6.87,6.82,6.73,6.64,,2007
2007-08-15,7.35,7.28,7.22,7.16,7.12,7.07,7.02,6.96,6.92,6.83,6.73,,2007
2007-08-16,7.39,7.31,7.26,7.21,7.16,7.11,7.07,7.02,6.97,6.88,6.78,,2007
2007-08-17,7.49,7.41,7.35,7.29,7.24,7.19,7.14,7.09,7.04,6.95,6.85,,2007
2007-08-21,7.53,7.45,7.39,7.33,7.28,7.23,7.18,7.13,7.07,6.99,6.89,,2007
2007-08-22,7.49,7.4,7.34,7.29,7.24,7.18,7.14,7.09,7.04,6.95,6.85,,2007
2007-08-23,7.38,7.3,7.24,7.19,7.14,7.09,7.05,7.0,6.96,6.86,6.76,,2007
2007-08-24,7.37,7.29,7.22,7.16,7.11,7.06,7.02,6.97,6.93,6.84,6.74,,2007
2007-08-27,7.26,7.17,7.11,7.06,7.01,6.97,6.92,6.88,6.83,6.74,6.64,,2007
2007-08-28,7.34,7.24,7.18,7.13,7.09,7.04,6.99,6.95,6.89,6.81,6.71,,2007
2007-08-29,7.38,7.3,7.23,7.18,7.13,7.08,7.03,6.99,6.94,6.85,6.75,,2007
2007-08-30,7.28,7.2,7.14,7.08,7.04,6.99,6.94,6.9,6.85,6.77,6.67,,2007
2007-08-31,7.26,7.18,7.12,7.07,7.02,6.98,6.93,6.89,6.85,6.76,6.66,,2007
2007-09-03,7.27,7.19,7.13,7.08,7.03,6.98,6.94,6.89,6.85,6.76,6.66,,2007
2007-09-04,7.34,7.25,7.18,7.12,7.07,7.02,6.97,6.93,6.88,6.79,6.69,,2007
2007-09-05,7.32,7.23,7.17,7.11,7.06,7.01,6.96,6.92,6.87,6.78,6.69,,2007
2007-09-06,7.33,7.24,7.18,7.12,7.06,7.01,6.97,6.92,6.88,6.79,6.69,,2007
2007-09-07,7.31,7.22,7.15,7.09,7.03,6.98,6.94,6.89,6.85,6.76,6.66,,2007
2007-09-10,7.3,7.21,7.14,7.08,7.02,6.97,6.92,6.88,6.83,6.75,6.65,,2007
2007-09-11,7.31,7.21,7.12,7.06,7.0,6.94,6.89,6.84,6.8,6.71,6.63,,2007
2007-09-12,7.19,7.09,7.01,6.93,6.87,6.81,6.76,6.71,6.66,6.58,6.49,,2007
2007-09-13,7.16,7.06,6.97,6.9,6.84,6.78,6.73,6.68,6.63,6.55,6.46,,2007
2007-09-14,7.14,7.04,6.96,6.89,6.83,6.78,6.73,6.68,6.64,6.55,6.46,,2007
2007-09-17,7.16,7.05,6.97,6.9,6.84,6.79,6.75,6.7,6.66,6.57,6.48,,2007
2007-09-18,7.18,7.08,7.0,6.94,6.88,6.83,6.78,6.74,6.7,6.61,6.52,,2007
2007-09-19,7.0,6.91,6.85,6.8,6.75,6.71,6.66,6.62,6.57,6.49,6.41,,2007
2007-09-20,6.96,6.86,6.8,6.75,6.71,6.67,6.63,6.58,6.54,6.46,6.37,,2007
2007-09-21,6.96,6.87,6.81,6.77,6.72,6.69,6.65,6.61,6.57,6.48,6.4,,2007
2007-09-24,6.91,6.83,6.79,6.75,6.71,6.68,6.64,6.61,6.58,6.5,6.4,,2007
2007-09-25,6.98,6.89,6.83,6.78,6.74,6.7,6.67,6.63,6.6,6.52,6.42,,2007
2007-09-26,6.98,6.89,6.83,6.78,6.74,6.7,6.67,6.63,6.6,6.52,6.43,,2007
2007-09-27,6.95,6.86,6.8,6.75,6.72,6.69,6.66,6.62,6.59,6.51,6.42,,2007
2007-09-28,6.99,6.9,6.84,6.79,6.75,6.72,6.69,6.67,6.64,6.55,6.47,,2007
2007-10-01,7.04,6.94,6.88,6.84,6.8,6.77,6.74,6.7,6.66,6.59,6.5,,2007
2007-10-02,7.05,6.95,6.89,6.84,6.8,6.78,6.75,6.71,6.67,6.59,6.5,,2007
2007-10-03,7.08,6.98,6.92,6.87,6.83,6.8,6.77,6.74,6.7,6.62,6.53,,2007
2007-10-04,7.14,7.04,6.98,6.92,6.88,6.85,6.81,6.78,6.73,6.65,6.56,,2007
2007-10-05,7.07,6.97,6.91,6.86,6.82,6.78,6.74,6.7,6.66,6.59,6.49,,2007
2007-10-08,7.03,6.93,6.87,6.83,6.8,6.76,6.72,6.68,6.64,6.56,6.47,,2007
2007-10-09,7.04,6.95,6.89,6.85,6.81,6.78,6.74,6.7,6.66,6.58,6.48,,2007
2007-10-10,6.99,6.9,6.84,6.8,6.77,6.73,6.7,6.66,6.62,6.54,6.45,,2007
2007-10-11,6.95,6.86,6.8,6.77,6.74,6.72,6.7,6.66,6.62,6.54,6.45,,2007
2007-10-12,6.93,6.83,6.78,6.74,6.71,6.68,6.65,6.62,6.58,6.5,6.4,,2007
2007-10-15,6.95,6.86,6.8,6.76,6.73,6.71,6.68,6.64,6.6,6.52,6.43,,2007
2007-10-16,6.97,6.87,6.81,6.77,6.74,6.71,6.69,6.65,6.61,6.53,6.44,,2007
2007-10-17,6.92,6.82,6.76,6.72,6.69,6.66,6.63,6.61,6.57,6.5,6.4,,2007
2007-10-18,6.91,6.8,6.74,6.7,6.67,6.64,6.61,6.58,6.55,6.48,6.4,,2007
2007-10-19,6.93,6.83,6.77,6.73,6.7,6.67,6.64,6.6,6.57,6.5,6.4,,2007
2007-10-20,6.94,6.83,6.77,6.73,6.7,6.67,6.64,6.6,6.57,6.49,6.4,,2007
2007-10-24,6.92,6.81,6.75,6.71,6.68,6.65,6.61,6.58,6.54,6.46,6.37,,2007
2007-10-25,6.89,6.78,6.72,6.67,6.63,6.59,6.55,6.51,6.47,6.39,6.31,,2007
2007-10-26,6.89,6.79,6.72,6.67,6.63,6.59,6.55,6.51,6.47,6.39,6.3,,2007
2007-10-27,6.9,6.79,6.73,6.68,6.63,6.59,6.55,6.51,6.46,6.38,6.3,,2007
2007-10-29,6.88,6.78,6.72,6.67,6.63,6.58,6.54,6.49,6.45,6.37,6.29,,2007
2007-10-30,6.99,6.89,6.82,6.76,6.71,6.67,6.62,6.58,6.53,6.45,6.37,,2007
2007-10-31,7.0,6.9,6.84,6.79,6.74,6.69,6.64,6.59,6.55,6.47,6.39,,2007
2007-11-05,7.03,6.93,6.88,6.82,6.77,6.72,6.66,6.61,6.56,6.48,6.4,,2007
2007-11-06,7.03,6.93,6.87,6.81,6.75,6.69,6.63,6.57,6.52,6.44,6.36,,2007
2007-11-07,7.05,6.95,6.88,6.83,6.77,6.7,6.64,6.59,6.54,6.46,6.38,,2007
2007-11-08,7.13,7.01,6.92,6.85,6.78,6.72,6.66,6.6,6.55,6.46,6.4,,2007
2007-11-09,7.13,7.01,6.92,6.85,6.78,6.72,6.66,6.6,6.55,6.47,6.4,,2007
2007-11-12,7.19,7.06,6.96,6.88,6.81,6.75,6.69,6.63,6.58,6.5,6.42,,2007
2007-11-13,7.23,7.1,7.0,6.92,6.85,6.79,6.73,6.68,6.62,6.53,6.46,,2007
2007-11-14,7.16,7.03,6.94,6.86,6.8,6.74,6.68,6.62,6.57,6.49,6.41,,2007
2007-11-15,7.21,7.08,7.0,6.92,6.86,6.8,6.74,6.68,6.63,6.55,6.47,,2007
2007-11-16,7.18,7.06,6.98,6.91,6.85,6.79,6.73,6.68,6.63,6.54,6.46,,2007
2007-11-19,7.2,7.09,7.01,6.95,6.89,6.83,6.78,6.74,6.69,6.61,6.52,,2007
2007-11-20,7.27,7.15,7.08,7.01,6.96,6.91,6.86,6.81,6.76,6.67,6.58,,2007
2007-11-21,7.28,7.17,7.09,7.04,6.98,6.93,6.88,6.83,6.79,6.69,6.6,,2007
2007-11-22,7.32,7.2,7.12,7.05,7.0,6.95,6.89,6.84,6.78,6.69,6.6,,2007
2007-11-23,7.39,7.27,7.19,7.12,7.06,7.01,6.96,6.9,6.84,6.75,6.66,,2007
2007-11-26,7.31,7.2,7.12,7.05,6.99,6.94,6.88,6.83,6.77,6.68,6.58,,2007
2007-11-27,7.43,7.31,7.21,7.13,7.05,6.98,6.91,6.85,6.79,6.69,6.59,,2007
2007-11-28,7.37,7.25,7.16,7.08,7.01,6.94,6.87,6.8,6.74,6.64,6.55,,2007
2007-11-29,7.31,7.19,7.11,7.03,6.96,6.89,6.82,6.76,6.7,6.61,6.5,,2007
2007-11-30,7.34,7.23,7.14,7.07,7.0,6.93,6.86,6.79,6.73,6.63,6.53,,2007
2007-12-03,7.31,7.2,7.12,7.04,6.97,6.9,6.83,6.77,6.71,6.6,6.52,,2007
2007-12-04,7.34,7.22,7.13,7.06,6.99,6.92,6.85,6.8,6.73,6.63,6.54,,2007
2007-12-05,7.34,7.22,7.14,7.07,7.0,6.92,6.85,6.79,6.73,6.63,6.54,,2007
2007-12-06,7.3,7.18,7.1,7.02,6.95,6.88,6.81,6.75,6.69,6.59,6.49,,2007
2007-12-07,7.27,7.15,7.07,6.99,6.93,6.87,6.8,6.75,6.69,6.59,6.49,,2007
2007-12-10,7.26,7.14,7.07,7.0,6.93,6.87,6.8,6.74,6.69,6.59,6.5,,2007
2007-12-11,7.3,7.18,7.1,7.03,6.96,6.9,6.83,6.77,6.72,6.62,6.52,,2007
2007-12-12,7.31,7.19,7.1,7.04,6.97,6.9,6.83,6.78,6.72,6.62,6.53,,2007
2007-12-13,7.34,7.22,7.14,7.06,6.99,6.92,6.85,6.79,6.73,6.64,6.54,,2007
2007-12-14,7.39,7.28,7.19,7.11,7.03,6.96,6.9,6.84,6.78,6.69,6.59,,2007
2007-12-17,7.47,7.35,7.26,7.18,7.1,7.03,6.97,6.91,6.85,6.75,6.66,,2007
2007-12-18,7.44,7.33,7.24,7.16,7.09,7.03,6.96,6.9,6.84,6.75,6.65,,2007
2007-12-19,7.44,7.32,7.24,7.17,7.1,7.03,6.97,6.91,6.86,6.75,6.66,,2007
2007-12-20,7.47,7.35,7.27,7.2,7.14,7.08,7.02,6.96,6.9,6.81,6.71,,2007
2007-12-21,7.44,7.33,7.26,7.2,7.14,7.08,7.02,6.95,6.9,6.81,6.71,,2007
2007-12-22,7.44,7.33,7.25,7.19,7.13,7.06,7.0,6.94,6.89,6.79,6.7,,2007
2007-12-27,7.43,7.31,7.24,7.17,7.11,7.05,6.99,6.93,6.88,6.78,6.69,,2007
2007-12-28,7.41,7.31,7.23,7.16,7.1,7.05,6.98,6.93,6.88,6.77,6.69,,2007
2007-12-29,7.41,7.31,7.23,7.17,7.1,7.05,6.98,6.93,6.88,6.78,6.69,,2007
2008-01-02,7.41,7.3,7.23,7.16,7.1,7.04,6.98,6.92,6.87,6.77,6.68,,2008
2008-01-03,7.47,7.37,7.29,7.22,7.15,7.09,7.03,6.97,6.92,6.82,6.73,,2008
2008-01-04,7.41,7.3,7.23,7.16,7.1,7.03,6.97,6.91,6.85,6.76,6.67,,2008
2008-01-07,7.43,7.33,7.25,7.18,7.11,7.04,6.98,6.92,6.86,6.76,6.67,,2008
2008-01-08,7.29,7.19,7.12,7.05,6.99,6.92,6.85,6.79,6.73,6.64,6.54,,2008
2008-01-09,7.27,7.18,7.11,7.05,6.98,6.91,6.84,6.78,6.73,6.63,6.54,,2008
2008-01-10,7.22,7.12,7.05,6.99,6.92,6.86,6.8,6.74,6.69,6.59,6.5,,2008
2008-01-11,7.21,7.1,7.03,6.98,6.92,6.86,6.8,6.74,6.69,6.59,6.5,,2008
2008-01-14,7.24,7.13,7.06,7.01,6.95,6.9,6.85,6.79,6.73,6.63,6.53,,2008
2008-01-15,7.28,7.18,7.1,7.04,6.98,6.92,6.87,6.81,6.76,6.66,6.57,,2008
2008-01-16,7.36,7.24,7.16,7.09,7.03,6.97,6.91,6.86,6.8,6.7,6.61,,2008
2008-01-17,7.34,7.22,7.14,7.08,7.02,6.96,6.91,6.85,6.8,6.7,6.6,,2008
2008-01-18,7.36,7.24,7.16,7.09,7.04,6.98,6.93,6.88,6.83,6.73,6.63,,2008
2008-01-21,7.43,7.32,7.24,7.18,7.12,7.07,7.02,6.97,6.92,6.82,6.71,,2008
2008-01-22,7.47,7.37,7.3,7.26,7.2,7.16,7.11,7.06,7.01,6.91,6.81,,2008
2008-01-23,7.4,7.29,7.22,7.17,7.12,7.07,7.02,6.97,6.92,6.83,6.73,,2008
2008-01-24,7.4,7.3,7.23,7.17,7.12,7.08,7.03,6.99,6.94,6.85,6.74,,2008
2008-01-25,7.35,7.25,7.17,7.11,7.06,7.02,6.97,6.93,6.88,6.78,6.68,,2008
2008-01-28,7.38,7.27,7.19,7.14,7.09,7.05,7.0,6.95,6.91,6.82,6.71,,2008
2008-01-29,7.36,7.25,7.17,7.11,7.06,7.02,6.97,6.93,6.88,6.79,6.69,,2008
2008-01-30,7.36,7.25,7.17,7.11,7.06,7.02,6.97,6.92,6.87,6.78,6.68,,2008
2008-01-31,7.38,7.26,7.19,7.12,7.07,7.02,6.98,6.93,6.88,6.79,6.69,,2008
2008-02-01,7.39,7.28,7.2,7.14,7.09,7.04,7.0,6.95,6.9,6.81,6.71,,2008
2008-02-04,7.36,7.24,7.17,7.11,7.07,7.03,6.98,6.94,6.9,6.8,6.7,,2008
2008-02-05,7.44,7.32,7.24,7.19,7.14,7.1,7.06,7.01,6.96,6.86,6.77,,2008
2008-02-06,7.59,7.46,7.39,7.32,7.26,7.21,7.16,7.11,7.06,6.96,6.87,,2008
2008-02-07,7.77,7.65,7.57,7.5,7.43,7.37,7.31,7.25,7.19,7.08,6.97,,2008
2008-02-08,7.83,7.71,7.63,7.56,7.5,7.45,7.38,7.32,7.25,7.15,7.05,,2008
2008-02-11,8.02,7.89,7.78,7.69,7.61,7.54,7.48,7.41,7.35,7.25,7.16,,2008
2008-02-12,8.07,7.93,7.82,7.72,7.64,7.57,7.5,7.43,7.37,7.26,7.18,,2008
2008-02-13,8.03,7.89,7.77,7.67,7.58,7.5,7.43,7.38,7.31,7.21,7.12,,2008
2008-02-14,7.96,7.81,7.7,7.6,7.51,7.43,7.36,7.3,7.23,7.14,7.04,,2008
2008-02-15,8.04,7.9,7.78,7.68,7.59,7.51,7.43,7.37,7.31,7.2,7.11,,2008
2008-02-18,8.14,8.0,7.88,7.77,7.68,7.59,7.51,7.44,7.38,7.28,7.18,,2008
2008-02-19,8.2,8.05,7.94,7.83,7.72,7.63,7.55,7.47,7.41,7.32,7.21,,2008
2008-02-20,8.28,8.14,8.02,7.91,7.8,7.7,7.61,7.54,7.47,7.37,7.28,,2008
2008-02-21,8.31,8.17,8.06,7.95,7.85,7.75,7.67,7.6,7.53,7.43,7.32,,2008
2008-02-22,8.28,8.14,8.02,7.92,7.81,7.71,7.63,7.56,7.5,7.4,7.3,,2008
2008-02-25,8.27,8.13,8.02,7.92,7.81,7.72,7.64,7.56,7.49,7.39,7.28,,2008
2008-02-26,8.13,7.98,7.87,7.76,7.67,7.58,7.51,7.44,7.37,7.26,7.16,,2008
2008-02-27,7.98,7.84,7.73,7.63,7.54,7.46,7.39,7.33,7.26,7.15,7.06,,2008
2008-02-28,8.03,7.9,7.78,7.67,7.58,7.5,7.43,7.36,7.29,7.19,7.09,,2008
2008-02-29,8.3,8.16,8.03,7.92,7.81,7.72,7.64,7.55,7.48,7.37,7.27,,2008
2008-03-03,8.68,8.53,8.38,8.22,8.08,7.95,7.85,7.77,7.69,7.58,7.49,,2008
2008-03-04,8.49,8.34,8.2,8.05,7.93,7.8,7.69,7.6,7.5,7.37,7.29,,2008
2008-03-05,8.59,8.43,8.28,8.14,8.0,7.86,7.74,7.63,7.54,7.41,7.32,,2008
2008-03-06,8.59,8.43,8.27,8.13,7.98,7.85,7.74,7.63,7.54,7.41,7.32,,2008
2008-03-07,9.0,8.83,8.68,8.53,8.4,8.27,8.16,8.05,7.97,7.83,7.74,,2008
2008-03-10,9.0,8.84,8.68,8.54,8.39,8.26,8.14,8.03,7.94,7.81,7.72,,2008
2008-03-11,8.95,8.8,8.64,8.49,8.36,8.23,8.11,8.0,7.91,7.78,7.7,,2008
2008-03-12,8.76,8.6,8.44,8.31,8.18,8.06,7.96,7.87,7.79,7.65,7.53,,2008
2008-03-13,8.78,8.62,8.49,8.37,8.25,8.14,8.04,7.95,7.87,7.73,7.61,,2008
2008-03-14,8.52,8.38,8.25,8.14,8.04,7.94,7.85,7.76,7.69,7.56,7.45,,2008
2008-03-17,8.7,8.56,8.43,8.31,8.21,8.11,8.01,7.93,7.85,7.72,7.61,,2008
2008-03-18,8.69,8.54,8.41,8.29,8.18,8.09,8.0,7.91,7.83,7.71,7.59,,2008
2008-03-19,8.45,8.29,8.18,8.06,7.96,7.85,7.75,7.66,7.58,7.45,7.34,,2008
2008-03-20,8.46,8.31,8.18,8.05,7.94,7.84,7.73,7.64,7.55,7.42,7.31,,2008
2008-03-21,8.47,8.31,8.18,8.06,7.94,7.83,7.73,7.63,7.55,7.43,7.31,,2008
2008-03-25,8.47,8.31,8.17,8.05,7.92,7.81,7.7,7.61,7.53,7.4,7.29,,2008
2008-03-26,8.53,8.36,8.21,8.08,7.96,7.84,7.74,7.64,7.56,7.43,7.31,,2008
2008-03-27,8.53,8.37,8.22,8.08,7.96,7.85,7.74,7.65,7.56,7.43,7.32,,2008
2008-03-28,8.64,8.47,8.33,8.19,8.07,7.96,7.86,7.77,7.68,7.55,7.43,,2008
2008-03-31,8.89,8.73,8.59,8.46,8.33,8.22,8.13,8.03,7.95,7.81,7.7,,2008
2008-04-01,9.03,8.85,8.7,8.55,8.41,8.3,8.2,8.1,8.02,7.89,7.76,,2008
2008-04-02,8.79,8.6,8.44,8.3,8.16,8.04,7.95,7.85,7.77,7.63,7.51,,2008
2008-04-03,8.78,8.59,8.43,8.28,8.15,8.04,7.93,7.84,7.76,7.63,7.51,,2008
2008-04-04,8.87,8.69,8.52,8.38,8.24,8.12,8.02,7.93,7.84,7.71,7.59,,2008
2008-04-07,8.71,8.53,8.37,8.22,8.09,7.98,7.88,7.78,7.71,7.57,7.44,,2008
2008-04-08,8.67,8.49,8.33,8.18,8.05,7.94,7.84,7.75,7.67,7.54,7.41,,2008
2008-04-09,8.69,8.51,8.35,8.2,8.07,7.95,7.85,7.76,7.68,7.55,7.43,,2008
2008-04-10,8.68,8.51,8.35,8.2,8.08,7.96,7.86,7.77,7.69,7.56,7.43,,2008
2008-04-11,8.51,8.33,8.18,8.05,7.93,7.82,7.72,7.63,7.55,7.43,7.3,,2008
2008-04-14,8.58,8.39,8.24,8.11,8.0,7.89,7.79,7.7,7.62,7.49,7.37,,2008
2008-04-15,8.53,8.35,8.2,8.07,7.95,7.84,7.74,7.65,7.56,7.43,7.32,,2008
2008-04-16,8.56,8.38,8.23,8.1,7.98,7.87,7.77,7.69,7.61,7.47,7.34,,2008
2008-04-17,8.7,8.51,8.35,8.2,8.08,7.96,7.86,7.77,7.69,7.56,7.43,,2008
2008-04-18,8.72,8.53,8.36,8.2,8.07,7.96,7.86,7.77,7.69,7.55,7.43,,2008
2008-04-21,8.64,8.44,8.27,8.13,8.01,7.9,7.8,7.71,7.62,7.49,7.35,,2008
2008-04-22,8.64,8.44,8.27,8.13,8.0,7.89,7.8,7.7,7.62,7.48,7.34,,2008
2008-04-23,8.65,8.44,8.28,8.14,8.01,7.9,7.8,7.71,7.62,7.48,7.34,,2008
2008-04-24,8.68,8.48,8.31,8.16,8.03,7.92,7.81,7.72,7.63,7.49,7.35,,2008
2008-04-25,8.86,8.64,8.46,8.3,8.16,8.04,7.94,7.84,7.75,7.62,7.48,,2008
2008-04-26,8.81,8.6,8.41,8.26,8.12,8.0,7.9,7.81,7.72,7.58,7.43,,2008
2008-04-28,8.77,8.56,8.38,8.22,8.08,7.97,7.87,7.78,7.69,7.56,7.42,,2008
2008-04-29,8.71,8.49,8.31,8.15,8.02,7.91,7.81,7.72,7.62,7.49,7.35,,2008
2008-04-30,8.83,8.6,8.42,8.27,8.13,8.02,7.91,7.82,7.74,7.59,7.46,,2008
2008-05-05,8.83,8.61,8.43,8.28,8.15,8.02,7.92,7.83,7.74,7.6,7.47,,2008
2008-05-06,8.8,8.58,8.41,8.26,8.13,8.02,7.91,7.82,7.73,7.59,7.46,,2008
2008-05-07,8.82,8.6,8.42,8.28,8.16,8.04,7.94,7.84,7.76,7.61,7.48,,2008
2008-05-08,8.84,8.62,8.45,8.31,8.18,8.07,7.96,7.87,7.79,7.65,7.51,,2008
2008-05-09,8.91,8.72,8.57,8.44,8.31,8.2,8.08,7.99,7.9,7.75,7.62,,2008
2008-05-13,8.84,8.64,8.49,8.38,8.27,8.15,8.04,7.93,7.83,7.68,7.55,,2008
2008-05-14,8.87,8.68,8.53,8.41,8.3,8.19,8.07,7.96,7.86,7.7,7.57,,2008
2008-05-15,8.94,8.74,8.6,8.47,8.36,8.25,8.13,8.02,7.91,7.76,7.62,,2008
2008-05-16,8.86,8.67,8.52,8.4,8.29,8.17,8.05,7.94,7.84,7.69,7.56,,2008
2008-05-19,8.74,8.54,8.39,8.26,8.15,8.04,7.94,7.83,7.73,7.58,7.45,,2008
2008-05-20,8.78,8.57,8.42,8.29,8.18,8.07,7.96,7.86,7.76,7.61,7.48,,2008
2008-05-21,8.74,8.52,8.37,8.25,8.14,8.03,7.93,7.83,7.73,7.58,7.45,,2008
2008-05-22,8.73,8.53,8.38,8.26,8.15,8.05,7.94,7.85,7.75,7.6,7.46,,2008
2008-05-23,8.75,8.54,8.39,8.28,8.17,8.07,7.96,7.86,7.77,7.61,7.48,,2008
2008-05-26,8.69,8.48,8.33,8.21,8.11,8.01,7.91,7.81,7.7,7.54,7.41,,2008
2008-05-27,8.74,8.54,8.39,8.27,8.16,8.06,7.95,7.85,7.74,7.58,7.45,,2008
2008-05-28,8.79,8.58,8.42,8.3,8.19,8.09,7.98,7.87,7.76,7.61,7.48,,2008
2008-05-29,8.75,8.55,8.39,8.27,8.17,8.07,7.96,7.85,7.75,7.6,7.46,,2008
2008-05-30,8.8,8.6,8.45,8.33,8.22,8.11,8.0,7.9,7.79,7.64,7.5,,2008
2008-06-02,8.82,8.61,8.47,8.35,8.25,8.14,8.02,7.91,7.81,7.66,7.51,,2008
2008-06-03,8.84,8.64,8.49,8.37,8.27,8.16,8.04,7.92,7.82,7.67,7.53,,2008
2008-06-04,8.91,8.7,8.56,8.44,8.33,8.22,8.1,7.99,7.88,7.73,7.59,,2008
2008-06-05,8.93,8.73,8.59,8.47,8.36,8.26,8.14,8.03,7.92,7.77,7.63,,2008
2008-06-06,9.3,9.11,8.97,8.85,8.73,8.61,8.49,8.36,8.24,8.08,7.94,,2008
2008-06-09,9.4,9.21,9.05,8.9,8.73,8.56,8.41,8.27,8.15,8.0,7.84,,2008
2008-06-10,9.38,9.19,9.03,8.88,8.72,8.56,8.41,8.28,8.16,7.99,7.84,,2008
2008-06-11,9.46,9.27,9.11,8.95,8.78,8.61,8.46,8.32,8.2,8.03,7.89,,2008
2008-06-12,9.45,9.28,9.1,8.95,8.78,8.62,8.47,8.33,8.22,8.05,7.9,,2008
2008-06-13,9.43,9.24,9.06,8.91,8.75,8.6,8.45,8.32,8.21,8.04,7.89,,2008
2008-06-16,9.44,9.24,9.08,8.91,8.76,8.61,8.47,8.34,8.23,8.05,7.9,,2008
2008-06-17,9.43,9.24,9.08,8.93,8.78,8.63,8.5,8.37,8.26,8.09,7.93,,2008
2008-06-18,9.32,9.13,8.97,8.83,8.69,8.55,8.41,8.29,8.18,8.0,7.86,,2008
2008-06-19,9.33,9.13,8.98,8.83,8.7,8.56,8.43,8.31,8.2,8.02,7.88,,2008
2008-06-20,9.26,9.08,8.91,8.77,8.64,8.51,8.38,8.26,8.15,7.98,7.84,,2008
2008-06-23,9.24,9.05,8.89,8.75,8.62,8.5,8.37,8.25,8.14,7.96,7.83,,2008
2008-06-24,9.16,8.98,8.82,8.69,8.57,8.46,8.33,8.22,8.11,7.94,7.8,,2008
2008-06-25,9.14,8.96,8.82,8.69,8.57,8.46,8.34,8.22,8.12,7.94,7.8,,2008
2008-06-26,8.99,8.82,8.7,8.59,8.49,8.38,8.27,8.16,8.06,7.88,7.73,,2008
2008-06-27,9.07,8.9,8.78,8.68,8.58,8.47,8.36,8.25,8.14,7.96,7.8,,2008
2008-06-30,9.07,8.91,8.79,8.68,8.58,8.47,8.36,8.25,8.15,7.97,7.81,,2008
2008-07-01,8.96,8.81,8.69,8.59,8.49,8.39,8.29,8.18,8.08,7.9,7.75,,2008
2008-07-02,8.97,8.82,8.7,8.6,8.5,8.4,8.3,8.19,8.09,7.92,7.76,,2008
2008-07-03,9.12,8.98,8.86,8.75,8.65,8.54,8.44,8.33,8.23,8.05,7.9,,2008
2008-07-04,8.92,8.78,8.68,8.59,8.5,8.41,8.31,8.2,8.09,7.93,7.76,,2008
2008-07-07,8.89,8.76,8.65,8.58,8.49,8.4,8.29,8.19,8.08,7.91,7.75,,2008
2008-07-08,8.81,8.67,8.57,8.49,8.4,8.31,8.21,8.1,8.0,7.83,7.66,,2008
2008-07-09,8.67,8.54,8.44,8.35,8.26,8.17,8.07,7.96,7.86,7.7,7.52,,2008
2008-07-10,8.64,8.51,8.4,8.3,8.21,8.12,8.02,7.92,7.82,7.65,7.48,,2008
2008-07-11,8.52,8.37,8.26,8.17,8.08,7.99,7.9,7.8,7.7,7.53,7.36,,2008
2008-07-14,8.53,8.37,8.26,8.16,8.06,7.96,7.87,7.77,7.67,7.5,7.33,,2008
2008-07-15,8.57,8.41,8.3,8.19,8.1,8.0,7.9,7.8,7.7,7.53,7.37,,2008
2008-07-16,8.64,8.48,8.35,8.24,8.14,8.03,7.92,7.81,7.7,7.53,7.36,,2008
2008-07-17,8.48,8.32,8.2,8.1,8.0,7.9,7.81,7.71,7.61,7.44,7.26,,2008
2008-07-18,8.49,8.33,8.21,8.11,8.01,7.92,7.82,7.73,7.63,7.46,7.28,,2008
2008-07-21,8.44,8.29,8.17,8.08,7.99,7.89,7.8,7.71,7.61,7.45,7.27,,2008
2008-07-22,8.49,8.33,8.21,8.1,8.0,7.9,7.81,7.71,7.62,7.45,7.27,,2008
2008-07-23,8.59,8.43,8.31,8.21,8.11,8.0,7.9,7.79,7.7,7.53,7.35,,2008
2008-07-24,8.56,8.39,8.28,8.16,8.07,7.96,7.86,7.75,7.65,7.48,7.3,,2008
2008-07-25,8.43,8.25,8.11,8.0,7.9,7.8,7.71,7.61,7.51,7.34,7.17,,2008
2008-07-28,8.46,8.28,8.14,8.02,7.91,7.82,7.73,7.64,7.55,7.38,7.2,,2008
2008-07-29,8.35,8.18,8.05,7.93,7.83,7.73,7.64,7.54,7.45,7.29,7.1,,2008
2008-07-30,8.3,8.14,8.0,7.89,7.79,7.69,7.6,7.5,7.41,7.24,7.06,,2008
2008-07-31,8.34,8.17,8.04,7.93,7.82,7.72,7.62,7.53,7.43,7.26,7.09,,2008
2008-08-01,8.39,8.21,8.08,7.96,7.86,7.75,7.65,7.55,7.45,7.28,7.1,,2008
2008-08-04,8.37,8.19,8.06,7.94,7.84,7.73,7.63,7.53,7.43,7.26,7.09,,2008
2008-08-05,8.45,8.28,8.14,8.01,7.91,7.8,7.69,7.58,7.49,7.32,7.14,,2008
2008-08-06,8.32,8.13,7.99,7.86,7.76,7.65,7.55,7.44,7.35,7.19,6.98,,2008
2008-08-07,8.25,8.05,7.91,7.78,7.67,7.57,7.47,7.38,7.28,7.11,6.93,,2008
2008-08-08,8.21,8.02,7.89,7.78,7.69,7.59,7.5,7.41,7.32,7.16,6.96,,2008
2008-08-11,8.25,8.06,7.94,7.83,7.74,7.64,7.55,7.46,7.36,7.21,7.03,,2008
2008-08-12,8.25,8.06,7.93,7.81,7.72,7.62,7.53,7.44,7.35,7.18,7.0,,2008
2008-08-13,8.25,8.06,7.93,7.81,7.72,7.62,7.52,7.43,7.34,7.18,7.0,,2008
2008-08-14,8.22,8.03,7.9,7.78,7.69,7.59,7.5,7.41,7.32,7.16,6.98,,2008
2008-08-15,8.31,8.12,7.98,7.86,7.77,7.67,7.57,7.48,7.39,7.23,7.05,,2008
2008-08-18,8.28,8.1,7.96,7.84,7.74,7.64,7.55,7.45,7.37,7.21,7.03,,2008
2008-08-19,8.32,8.13,7.99,7.87,7.77,7.67,7.58,7.48,7.4,7.24,7.06,,2008
2008-08-21,8.16,7.97,7.81,7.69,7.58,7.49,7.39,7.3,7.21,7.05,6.88,,2008
2008-08-22,8.25,8.06,7.93,7.81,7.69,7.59,7.49,7.4,7.31,7.16,6.98,,2008
2008-08-25,8.28,8.09,7.95,7.84,7.73,7.62,7.52,7.43,7.34,7.18,7.0,,2008
2008-08-26,8.35,8.16,8.02,7.9,7.78,7.68,7.58,7.48,7.39,7.24,7.06,,2008
2008-08-27,8.32,8.14,7.99,7.87,7.76,7.65,7.55,7.46,7.37,7.22,7.04,,2008
2008-08-28,8.4,8.23,8.1,7.98,7.86,7.75,7.64,7.54,7.45,7.3,7.11,,2008
2008-08-29,8.41,8.24,8.1,7.99,7.88,7.77,7.66,7.56,7.46,7.31,7.12,,2008
2008-09-01,8.34,8.17,8.03,7.92,7.8,7.69,7.58,7.48,7.38,7.22,7.04,,2008
2008-09-02,8.41,8.24,8.1,7.99,7.88,7.76,7.66,7.55,7.46,7.31,7.13,,2008
2008-09-03,8.44,8.28,8.17,8.07,7.95,7.84,7.73,7.63,7.54,7.38,7.21,,2008
2008-09-04,8.38,8.22,8.11,8.0,7.9,7.79,7.68,7.58,7.49,7.33,7.16,,2008
2008-09-05,8.47,8.32,8.2,8.1,8.0,7.89,7.79,7.69,7.6,7.44,7.26,,2008
2008-09-08,8.43,8.28,8.15,8.05,7.95,7.85,7.75,7.65,7.55,7.39,7.21,,2008
2008-09-09,8.4,8.25,8.12,8.02,7.92,7.82,7.72,7.61,7.52,7.35,7.18,,2008
2008-09-10,8.38,8.23,8.1,8.0,7.9,7.8,7.7,7.6,7.5,7.34,7.18,,2008
2008-09-11,8.17,7.99,7.86,7.75,7.64,7.54,7.44,7.34,7.25,7.09,6.92,,2008
2008-09-12,8.12,7.94,7.81,7.68,7.58,7.47,7.37,7.27,7.18,7.02,6.85,,2008
2008-09-15,8.2,8.0,7.85,7.73,7.62,7.52,7.43,7.33,7.24,7.08,6.91,,2008
2008-09-16,8.47,8.3,8.18,8.07,7.97,7.86,7.76,7.67,7.58,7.42,7.25,,2008
2008-09-17,8.21,8.05,7.92,7.81,7.7,7.6,7.5,7.39,7.3,7.15,6.98,,2008
2008-09-18,8.39,8.21,8.08,7.96,7.86,7.76,7.65,7.56,7.46,7.31,7.14,,2008
2008-09-19,8.16,7.99,7.86,7.75,7.65,7.54,7.44,7.35,7.26,7.1,6.93,,2008
2008-09-22,8.12,7.95,7.83,7.72,7.61,7.51,7.41,7.32,7.22,7.06,6.91,,2008
2008-09-23,8.13,7.97,7.85,7.75,7.65,7.55,7.45,7.35,7.26,7.1,6.94,,2008
2008-09-24,8.15,8.0,7.88,7.78,7.68,7.57,7.47,7.38,7.29,7.13,6.97,,2008
2008-09-25,8.2,8.03,7.92,7.83,7.73,7.62,7.52,7.42,7.33,7.18,7.03,,2008
2008-09-26,8.19,8.02,7.91,7.81,7.72,7.62,7.51,7.41,7.32,7.17,7.02,,2008
2008-09-29,8.25,8.07,7.95,7.85,7.75,7.65,7.55,7.45,7.35,7.2,7.06,,2008
2008-09-30,8.29,8.11,7.98,7.88,7.78,7.68,7.58,7.48,7.38,7.23,7.08,,2008
2008-10-01,8.17,7.98,7.85,7.74,7.64,7.54,7.43,7.33,7.24,7.09,6.95,,2008
2008-10-02,8.16,7.96,7.82,7.714,7.61,7.51,7.41,7.31,7.22,7.06,6.92,,2008
2008-10-03,8.3,8.1,7.95,7.82,7.72,7.62,7.51,7.41,7.31,7.16,7.02,,2008
2008-10-06,8.28,8.06,7.91,7.78,7.67,7.58,7.47,7.37,7.27,7.12,6.98,,2008
2008-10-07,8.35,8.14,7.99,7.86,7.74,7.64,7.54,7.43,7.34,7.18,7.04,,2008
2008-10-08,8.4,8.19,8.05,7.92,7.81,7.71,7.6,7.49,7.39,7.23,7.09,,2008
2008-10-09,8.25,8.08,7.95,7.85,7.75,7.64,7.54,7.45,7.35,7.19,7.05,,2008
2008-10-10,9.1,8.93,8.79,8.67,8.56,8.46,8.36,8.25,8.15,8.0,7.86,,2008
2008-10-13,8.51,8.36,8.25,8.14,8.03,7.91,7.8,7.67,7.57,7.4,7.25,,2008
2008-10-14,8.51,8.35,8.25,8.15,8.04,7.92,7.8,7.69,7.58,7.42,7.28,,2008
2008-10-15,8.79,8.68,8.58,8.47,8.36,8.23,8.11,7.99,7.88,7.71,7.57,,2008
2008-10-16,9.21,9.08,8.97,8.85,8.71,8.57,8.44,8.32,8.21,8.05,7.91,,2008
2008-10-17,9.1,8.96,8.86,8.75,8.62,8.47,8.33,8.21,8.1,7.93,7.79,,2008
2008-10-18,9.36,9.22,9.1,8.99,8.86,8.73,8.59,8.47,8.36,8.19,8.04,,2008
2008-10-20,9.38,9.23,9.12,9.0,8.86,8.72,8.58,8.45,8.34,8.17,8.03,,2008
2008-10-21,9.55,9.41,9.3,9.19,9.06,8.89,8.75,8.61,8.49,8.32,8.19,,2008
2008-10-22,9.88,9.75,9.66,9.53,9.38,9.22,9.08,8.95,8.81,8.61,8.48,,2008
2008-10-27,10.97,10.72,10.51,10.25,10.03,9.85,9.66,9.48,9.27,9.06,8.89,,2008
2008-10-28,11.33,10.97,10.59,10.31,10.07,9.84,9.62,9.4,9.16,8.92,8.72,,2008
2008-10-29,10.72,10.33,10.07,9.88,9.66,9.44,9.24,9.05,8.89,8.64,8.41,,2008
2008-10-30,10.33,9.96,9.7,9.46,9.23,9.01,8.8,8.63,8.45,8.22,7.99,,2008
2008-10-31,10.7,10.31,10.02,9.78,9.54,9.3,9.09,8.91,8.74,8.49,8.26,,2008
2008-11-03,10.56,10.16,9.91,9.67,9.41,9.19,8.98,8.79,8.62,8.39,8.14,,2008
2008-11-04,10.45,10.05,9.79,9.56,9.31,9.07,8.87,8.66,8.49,8.25,8.0,,2008
2008-11-05,10.27,9.91,9.65,9.41,9.16,8.92,8.7,8.5,8.32,8.06,7.84,,2008
2008-11-06,10.25,9.88,9.6,9.37,9.13,8.9,8.68,8.48,8.31,8.06,7.83,,2008
2008-11-07,10.13,9.79,9.53,9.3,9.08,8.83,8.62,8.42,8.24,8.01,7.79,,2008
2008-11-10,10.33,9.98,9.72,9.49,9.26,9.04,8.82,8.62,8.44,8.19,7.97,,2008
2008-11-11,10.33,9.98,9.73,9.49,9.26,9.04,8.81,8.61,8.43,8.18,7.95,,2008
2008-11-12,10.41,10.04,9.82,9.6,9.37,9.13,8.9,8.69,8.5,8.25,8.03,,2008
2008-11-13,10.58,10.23,9.98,9.75,9.53,9.3,9.06,8.85,8.66,8.42,8.2,,2008
2008-11-14,10.33,9.99,9.75,9.53,9.3,9.06,8.82,8.62,8.42,8.18,7.98,,2008
2008-11-17,10.25,9.91,9.67,9.44,9.22,8.98,8.74,8.53,8.34,8.1,7.88,,2008
2008-11-18,10.43,10.08,9.85,9.63,9.39,9.14,8.91,8.69,8.5,8.26,8.02,,2008
2008-11-19,10.35,10.01,9.77,9.55,9.33,9.09,8.87,8.65,8.46,8.21,7.99,,2008
2008-11-20,10.35,10.01,9.77,9.55,9.33,9.09,8.87,8.65,8.46,8.21,7.99,,2008
2008-11-21,10.09,9.78,9.55,9.35,9.15,8.95,8.73,8.53,8.35,8.08,7.84,,2008
2008-11-24,9.93,9.6,9.39,9.2,9.02,8.84,8.64,8.47,8.31,8.04,7.81,,2008
2008-11-25,9.72,9.38,9.16,8.99,8.82,8.65,8.46,8.27,8.11,7.86,7.63,,2008
2008-11-26,9.52,9.21,9.01,8.86,8.67,8.51,8.33,8.14,7.99,7.74,7.51,,2008
2008-11-27,9.37,9.07,8.88,8.73,8.58,8.42,8.25,8.07,7.9,7.62,7.4,,2008
2008-11-28,9.08,8.8,8.62,8.5,8.36,8.22,8.05,7.88,7.71,7.43,7.21,,2008
2008-12-01,8.94,8.67,8.51,8.38,8.26,8.11,7.95,7.79,7.63,7.35,7.12,,2008
2008-12-02,9.09,8.82,8.68,8.55,8.42,8.27,8.11,7.95,7.79,7.51,7.28,,2008
2008-12-03,9.09,8.82,8.67,8.54,8.41,8.27,8.11,7.94,7.77,7.5,7.27,,2008
2008-12-04,8.78,8.52,8.37,8.24,8.12,7.98,7.82,7.66,7.49,7.22,6.99,,2008
2008-12-05,8.72,8.46,8.3,8.17,8.05,7.89,7.75,7.58,7.43,7.16,6.9,,2008
2008-12-08,8.8,8.55,8.38,8.25,8.14,8.0,7.86,7.7,7.55,7.27,7.02,,2008
2008-12-09,8.53,8.29,8.18,8.08,7.98,7.86,7.71,7.57,7.43,7.18,6.94,,2008
2008-12-10,8.4,8.2,8.1,8.02,7.95,7.85,7.72,7.59,7.46,7.21,6.97,,2008
2008-12-11,8.39,8.18,8.06,7.99,7.9,7.79,7.68,7.55,7.4,7.16,6.92,,2008
2008-12-12,8.44,8.21,8.11,8.04,7.97,7.87,7.74,7.6,7.46,7.23,6.98,,2008
2008-12-15,8.58,8.35,8.25,8.18,8.1,8.01,7.88,7.73,7.59,7.36,7.11,,2008
2008-12-16,8.73,8.51,8.41,8.34,8.28,8.18,8.06,7.93,7.79,7.55,7.31,,2008
2008-12-17,8.55,8.33,8.23,8.17,8.1,8.02,7.88,7.75,7.61,7.38,7.12,,2008
2008-12-18,8.51,8.28,8.18,8.12,8.05,7.97,7.84,7.7,7.57,7.34,7.09,,2008
2008-12-19,8.51,8.28,8.19,8.13,8.06,7.99,7.86,7.72,7.59,7.36,7.11,,2008
2008-12-20,8.47,8.24,8.14,8.09,8.03,7.94,7.82,7.68,7.56,7.33,7.08,,2008
2008-12-22,8.37,8.14,8.04,7.99,7.94,7.85,7.74,7.59,7.47,7.25,6.99,,2008
2008-12-23,8.34,8.11,8.02,7.97,7.91,7.84,7.72,7.58,7.45,7.23,6.97,,2008
2008-12-29,8.33,8.11,8.02,7.96,7.91,7.84,7.72,7.58,7.44,7.22,6.97,,2008
2008-12-30,8.3,8.1,8.02,7.95,7.88,7.79,7.67,7.54,7.41,7.21,6.96,,2008
2008-12-31,8.32,8.1,8.01,7.95,7.9,7.82,7.71,7.58,7.45,7.24,6.98,,2008
2009-01-05,8.25,8.06,7.98,7.93,7.88,7.8,7.69,7.55,7.43,7.2,6.94,,2009
2009-01-06,8.22,8.03,7.95,7.89,7.83,7.74,7.63,7.51,7.38,7.16,6.92,,2009
2009-01-07,8.04,7.85,7.76,7.71,7.65,7.59,7.5,7.39,7.27,7.05,6.78,,2009
2009-01-08,8.27,8.07,7.99,7.93,7.88,7.82,7.73,7.63,7.52,7.31,7.03,,2009
2009-01-09,8.38,8.18,8.1,8.03,7.98,7.91,7.81,7.7,7.62,7.42,7.13,,2009
2009-01-12,8.53,8.33,8.24,8.18,8.13,8.06,7.99,7.88,7.79,7.58,7.29,,2009
2009-01-13,8.8,8.6,8.51,8.45,8.37,8.28,8.2,8.11,8.01,7.8,7.51,,2009
2009-01-14,8.31,8.11,8.04,7.96,7.88,7.81,7.72,7.63,7.52,7.31,7.03,,2009
2009-01-15,8.39,8.19,8.11,8.03,7.96,7.88,7.8,7.7,7.59,7.39,7.11,,2009
2009-01-16,8.07,7.87,7.79,7.74,7.68,7.63,7.56,7.47,7.38,7.18,6.91,,2009
2009-01-19,8.02,7.83,7.77,7.73,7.68,7.62,7.55,7.46,7.36,7.17,6.88,,2009
2009-01-20,8.1,7.92,7.86,7.81,7.76,7.7,7.62,7.55,7.45,7.24,6.98,,2009
2009-01-21,8.05,7.85,7.8,7.76,7.71,7.66,7.59,7.5,7.42,7.22,6.94,,2009
2009-01-22,7.97,7.78,7.72,7.66,7.62,7.56,7.48,7.4,7.32,7.13,6.86,,2009
2009-01-23,8.13,7.95,7.88,7.84,7.8,7.76,7.69,7.6,7.52,7.33,7.05,,2009
2009-01-26,8.35,8.16,8.09,8.05,8.01,7.96,7.88,7.81,7.71,7.51,7.21,,2009
2009-01-27,8.18,8.01,7.94,7.91,7.87,7.83,7.76,7.68,7.59,7.39,7.09,,2009
2009-01-28,8.27,8.12,8.07,8.03,7.99,7.94,7.87,7.8,7.71,7.51,7.23,,2009
2009-01-29,8.24,8.1,8.05,8.02,7.99,7.93,7.86,7.78,7.69,7.48,7.2,,2009
2009-01-30,8.67,8.5,8.45,8.41,8.37,8.32,8.25,8.17,8.07,7.87,7.59,,2009
2009-02-02,8.76,8.6,8.54,8.48,8.43,8.37,8.3,8.22,8.13,7.93,7.64,,2009
2009-02-03,8.7,8.54,8.47,8.42,8.37,8.31,8.23,8.16,8.07,7.88,7.58,,2009
2009-02-04,9.16,8.96,8.87,8.79,8.71,8.63,8.54,8.44,8.35,8.15,7.88,,2009
2009-02-05,9.06,8.89,8.81,8.76,8.69,8.62,8.54,8.46,8.37,8.16,7.87,,2009
2009-02-06,8.96,8.8,8.72,8.66,8.61,8.55,8.48,8.39,8.29,8.1,7.8,,2009
2009-02-09,9.0,8.86,8.82,8.77,8.71,8.65,8.56,8.47,8.37,8.16,7.87,,2009
2009-02-10,8.95,8.82,8.78,8.74,8.68,8.62,8.55,8.45,8.35,8.15,7.86,,2009
2009-02-11,8.99,8.86,8.81,8.78,8.74,8.67,8.59,8.5,8.4,8.19,7.9,,2009
2009-02-12,9.17,9.07,8.99,8.93,8.87,8.8,8.71,8.61,8.51,8.31,8.03,,2009
2009-02-13,9.07,8.97,8.91,8.87,8.82,8.75,8.66,8.57,8.47,8.26,7.97,,2009
2009-02-16,9.22,9.11,9.05,8.98,8.92,8.84,8.76,8.66,8.56,8.35,8.06,,2009
2009-02-17,9.65,9.54,9.47,9.39,9.31,9.23,9.14,9.04,8.94,8.71,8.44,,2009
2009-02-18,10.17,10.07,10.01,9.95,9.85,9.75,9.63,9.51,9.39,9.17,8.87,,2009
2009-02-19,10.01,9.94,9.87,9.81,9.71,9.6,9.47,9.33,9.19,8.98,8.66,,2009
2009-02-20,10.19,10.07,10.0,9.92,9.81,9.68,9.55,9.4,9.26,9.02,8.72,,2009
2009-02-23,10.39,10.29,10.2,10.1,10.0,9.86,9.73,9.59,9.44,9.2,8.9,,2009
2009-02-24,10.14,10.03,9.96,9.85,9.73,9.6,9.46,9.31,9.17,8.92,8.64,,2009
2009-02-25,9.99,9.89,9.81,9.71,9.59,9.46,9.32,9.17,9.02,8.78,8.49,,2009
2009-02-26,9.98,9.88,9.8,9.7,9.59,9.45,9.31,9.16,9.02,8.77,8.48,,2009
2009-02-27,9.82,9.71,9.62,9.53,9.42,9.3,9.15,9.0,8.85,8.6,8.32,,2009
2009-03-02,9.94,9.84,9.74,9.65,9.54,9.41,9.26,9.1,8.95,8.7,8.43,,2009
2009-03-03,10.0,9.91,9.82,9.72,9.61,9.48,9.32,9.16,9.01,8.76,8.5,,2009
2009-03-04,10.23,10.13,10.03,9.95,9.82,9.68,9.54,9.37,9.2,8.97,8.69,,2009
2009-03-05,10.19,10.09,10.0,9.9,9.78,9.63,9.47,9.3,9.16,8.9,8.64,,2009
2009-03-06,10.61,10.49,10.34,10.23,10.12,9.97,9.8,9.63,9.46,9.2,8.9,,2009
2009-03-09,10.81,10.69,10.52,10.39,10.21,10.04,9.88,9.71,9.54,9.28,8.99,,2009
2009-03-10,10.73,10.61,10.44,10.31,10.13,9.97,9.79,9.62,9.46,9.19,8.9,,2009
2009-03-11,10.35,10.23,10.09,9.99,9.85,9.7,9.52,9.35,9.19,8.92,8.64,,2009
2009-03-12,10.4,10.26,10.16,10.03,9.91,9.75,9.59,9.43,9.27,8.99,8.71,,2009
2009-03-13,9.9,9.79,9.71,9.6,9.48,9.34,9.2,9.05,8.9,8.64,8.34,,2009
2009-03-16,9.91,9.8,9.72,9.63,9.51,9.38,9.23,9.07,8.92,8.66,8.36,,2009
2009-03-17,9.93,9.85,9.78,9.69,9.57,9.44,9.29,9.13,8.98,8.69,8.37,,2009
2009-03-18,10.0,9.91,9.83,9.75,9.63,9.49,9.34,9.18,9.03,8.75,8.43,,2009
2009-03-19,9.86,9.78,9.7,9.61,9.5,9.37,9.22,9.07,8.9,8.6,8.27,,2009
2009-03-20,9.94,9.86,9.79,9.71,9.6,9.47,9.33,9.17,9.02,8.73,8.39,,2009
2009-03-23,9.88,9.8,9.74,9.67,9.57,9.43,9.28,9.14,8.99,8.69,8.35,,2009
2009-03-24,9.77,9.69,9.64,9.59,9.49,9.35,9.2,9.04,8.89,8.59,8.24,,2009
2009-03-25,9.77,9.69,9.64,9.59,9.48,9.34,9.19,9.04,8.87,8.58,8.24,,2009
2009-03-26,9.72,9.63,9.58,9.52,9.42,9.29,9.14,8.98,8.81,8.52,8.17,,2009
2009-03-27,9.89,9.8,9.75,9.69,9.58,9.44,9.3,9.14,8.98,8.67,8.33,,2009
2009-03-28,9.97,9.88,9.83,9.76,9.65,9.52,9.37,9.21,9.04,8.76,8.42,,2009
2009-03-30,10.11,10.01,9.97,9.91,9.81,9.67,9.51,9.35,9.19,8.88,8.55,,2009
2009-03-31,10.44,10.34,10.25,10.14,10.02,9.88,9.71,9.54,9.38,9.08,8.74,,2009
2009-04-01,10.48,10.37,10.29,10.18,10.02,9.9,9.73,9.56,9.39,9.08,8.75,,2009
2009-04-02,10.09,9.99,9.92,9.84,9.72,9.59,9.45,9.29,9.12,8.81,8.48,,2009
2009-04-03,9.77,9.67,9.59,9.5,9.38,9.26,9.11,8.96,8.8,8.49,8.15,,2009
2009-04-06,9.73,9.63,9.57,9.49,9.38,9.25,9.1,8.95,8.79,8.48,8.13,,2009
2009-04-07,9.86,9.75,9.67,9.59,9.48,9.35,9.2,9.06,8.9,8.59,8.25,,2009
2009-04-08,9.8,9.69,9.62,9.55,9.44,9.32,9.18,9.04,8.88,8.57,8.22,,2009
2009-04-09,9.18,9.06,8.99,8.91,8.83,8.72,8.59,8.46,8.3,8.0,7.64,,2009
2009-04-10,9.07,8.94,8.89,8.81,8.73,8.62,8.49,8.36,8.21,7.9,7.55,,2009
2009-04-14,9.09,8.98,8.89,8.81,8.73,8.61,8.5,8.36,8.21,7.9,7.53,,2009
2009-04-15,9.11,8.99,8.91,8.83,8.74,8.63,8.5,8.37,8.23,7.91,7.53,,2009
2009-04-16,9.14,9.02,8.94,8.86,8.77,8.66,8.53,8.4,8.25,7.96,7.59,,2009
2009-04-17,9.08,8.96,8.88,8.8,8.72,8.61,8.5,8.37,8.22,7.93,7.56,,2009
2009-04-20,9.21,9.09,9.01,8.94,8.86,8.78,8.68,8.56,8.42,8.11,7.72,,2009
2009-04-21,9.34,9.21,9.12,9.05,8.98,8.9,8.79,8.67,8.54,8.23,7.84,,2009
2009-04-22,9.31,9.19,9.1,9.03,8.95,8.87,8.77,8.65,8.52,8.21,7.83,,2009
2009-04-23,9.26,9.14,9.07,9.0,8.93,8.84,8.73,8.61,8.48,8.18,7.81,,2009
2009-04-24,9.18,9.05,8.98,8.91,8.84,8.75,8.64,8.52,8.39,8.08,7.69,,2009
2009-04-27,9.16,9.03,8.95,8.89,8.81,8.73,8.63,8.52,8.39,8.09,7.71,,2009
2009-04-28,9.16,9.03,8.95,8.89,8.82,8.74,8.64,8.53,8.4,8.1,7.72,,2009
2009-04-29,9.04,8.9,8.83,8.77,8.7,8.63,8.54,8.43,8.29,8.0,7.62,,2009
2009-04-30,8.82,8.69,8.63,8.59,8.53,8.47,8.37,8.26,8.14,7.84,7.46,,2009
2009-05-04,8.87,8.74,8.68,8.64,8.58,8.51,8.42,8.31,8.19,7.89,7.51,,2009
2009-05-05,8.83,8.71,8.65,8.6,8.55,8.48,8.39,8.28,8.15,7.85,7.47,,2009
2009-05-06,8.75,8.63,8.59,8.55,8.49,8.42,8.33,8.22,8.1,7.8,7.41,,2009
2009-05-07,8.59,8.47,8.43,8.39,8.33,8.25,8.16,8.06,7.93,7.64,7.27,,2009
2009-05-08,8.45,8.34,8.31,8.28,8.24,8.17,8.09,7.99,7.88,7.64,7.31,,2009
2009-05-11,8.4,8.3,8.27,8.24,8.2,8.14,8.07,7.98,7.87,7.64,7.34,,2009
2009-05-12,8.55,8.43,8.4,8.35,8.31,8.25,8.17,8.06,7.95,7.7,7.4,,2009
2009-05-13,8.57,8.45,8.41,8.39,8.33,8.27,8.19,8.08,7.98,7.76,7.49,,2009
2009-05-14,8.9,8.77,8.73,8.69,8.63,8.56,8.46,8.36,8.25,8.03,7.75,,2009
2009-05-15,8.85,8.72,8.67,8.64,8.58,8.5,8.42,8.32,8.2,7.97,7.71,,2009
2009-05-18,8.77,8.65,8.6,8.56,8.51,8.43,8.35,8.25,8.14,7.91,7.65,,2009
2009-05-19,8.45,8.33,8.29,8.27,8.22,8.16,8.08,7.98,7.88,7.66,7.41,,2009
2009-05-20,8.43,8.31,8.28,8.25,8.21,8.15,8.08,7.99,7.88,7.66,7.41,,2009
2009-05-21,8.46,8.33,8.31,8.29,8.25,8.19,8.11,8.02,7.92,7.7,7.45,,2009
2009-05-22,8.51,8.41,8.38,8.37,8.34,8.28,8.2,8.11,8.0,7.79,7.55,,2009
2009-05-25,8.54,8.43,8.41,8.39,8.36,8.3,8.22,8.13,8.03,7.8,7.55,,2009
2009-05-26,8.58,8.46,8.44,8.42,8.39,8.33,8.25,8.16,8.06,7.85,7.59,,2009
2009-05-27,8.52,8.41,8.39,8.38,8.35,8.29,8.23,8.14,8.04,7.82,7.57,,2009
2009-05-28,8.66,8.55,8.53,8.51,8.47,8.42,8.35,8.26,8.17,7.96,7.71,,2009
2009-05-29,8.6,8.49,8.47,8.45,8.42,8.36,8.29,8.2,8.11,7.9,7.66,,2009
2009-06-02,8.6,8.49,8.47,8.45,8.43,8.37,8.3,8.21,8.12,7.91,7.66,,2009
2009-06-03,8.68,8.56,8.54,8.52,8.49,8.43,8.36,8.27,8.17,7.95,7.71,,2009
2009-06-04,8.89,8.78,8.75,8.72,8.68,8.62,8.54,8.45,8.35,8.14,7.89,,2009
2009-06-05,9.0,8.89,8.86,8.84,8.8,8.75,8.67,8.58,8.48,8.29,8.05,,2009
2009-06-08,9.0,8.88,8.86,8.83,8.8,8.74,8.67,8.58,8.48,8.28,8.03,,2009
2009-06-09,8.91,8.8,8.77,8.75,8.71,8.66,8.59,8.5,8.41,8.21,7.96,,2009
2009-06-10,8.62,8.51,8.49,8.48,8.46,8.41,8.34,8.26,8.17,7.97,7.72,,2009
2009-06-11,8.75,8.64,8.6,8.6,8.57,8.52,8.46,8.37,8.28,8.07,7.82,,2009
2009-06-12,8.66,8.55,8.52,8.51,8.48,8.43,8.37,8.29,8.19,7.99,7.75,,2009
2009-06-15,8.71,8.6,8.56,8.55,8.53,8.48,8.42,8.34,8.24,8.04,7.8,,2009
2009-06-16,8.83,8.71,8.67,8.66,8.63,8.58,8.52,8.44,8.34,8.14,7.89,,2009
2009-06-17,8.77,8.66,8.62,8.61,8.58,8.53,8.47,8.39,8.3,8.1,7.85,,2009
2009-06-18,8.92,8.8,8.77,8.76,8.74,8.69,8.62,8.54,8.44,8.24,7.99,,2009
2009-06-19,8.9,8.78,8.74,8.73,8.71,8.66,8.58,8.5,8.4,8.2,7.95,,2009
2009-06-22,8.76,8.64,8.6,8.59,8.57,8.52,8.44,8.36,8.26,8.06,7.81,,2009
2009-06-23,8.93,8.8,8.77,8.76,8.74,7.69,8.62,8.53,8.44,8.24,7.99,,2009
2009-06-24,8.94,8.81,8.78,8.77,8.74,8.69,8.62,8.54,8.45,8.25,8.0,,2009
2009-06-25,8.86,8.73,8.71,8.71,8.68,8.62,8.55,8.47,8.37,8.18,7.93,,2009
2009-06-26,8.8,8.68,8.65,8.64,8.61,8.56,8.5,8.41,8.31,8.12,7.87,,2009
2009-06-29,8.8,8.67,8.65,8.64,8.61,8.56,8.49,8.41,8.31,8.12,7.87,,2009
2009-06-30,8.72,8.59,8.57,8.56,8.53,8.48,8.41,8.33,8.23,8.04,7.81,,2009
2009-07-01,8.55,8.42,8.4,8.4,8.38,8.33,8.26,8.17,8.08,7.88,7.64,,2009
2009-07-02,8.5,8.37,8.35,8.35,8.33,8.28,8.21,8.13,8.04,7.85,7.6,,2009
2009-07-03,8.48,8.35,8.33,8.32,8.29,8.25,8.18,8.1,8.0,7.82,7.58,,2009
2009-07-06,8.53,8.39,8.36,8.35,8.32,8.27,8.21,8.13,8.03,7.84,7.59,,2009
2009-07-07,8.5,8.36,8.33,8.32,8.3,8.25,8.18,8.1,8.01,7.83,7.59,,2009
2009-07-08,8.52,8.37,8.33,8.32,8.29,8.24,8.18,8.1,8.01,7.82,7.58,,2009
2009-07-09,8.47,8.32,8.29,8.27,8.24,8.19,8.13,8.05,7.96,7.77,7.53,,2009
2009-07-10,8.4,8.25,8.21,8.19,8.16,8.11,8.05,7.98,7.89,7.7,7.45,,2009
2009-07-13,8.42,8.28,8.23,8.21,8.19,8.14,8.08,8.0,7.91,7.72,7.47,,2009
2009-07-14,8.28,8.15,8.1,8.09,8.06,8.02,7.96,7.88,7.79,7.6,7.36,,2009
2009-07-15,8.18,8.04,8.0,7.98,7.96,7.92,7.86,7.77,7.69,7.5,7.26,,2009
2009-07-16,8.2,8.05,8.01,7.99,7.97,7.93,7.87,7.78,7.7,7.5,7.26,,2009
2009-07-17,8.22,8.06,8.03,8.02,8.0,7.96,7.9,7.82,7.73,7.53,7.28,,2009
2009-07-20,8.13,7.96,7.93,7.92,7.9,7.86,7.8,7.73,7.64,7.45,7.2,,2009
2009-07-21,8.09,7.93,7.89,7.88,7.86,7.83,7.76,7.69,7.6,7.41,7.17,,2009
2009-07-22,8.07,7.91,7.87,7.85,7.83,7.79,7.73,7.65,7.56,7.38,7.13,,2009
2009-07-23,7.97,7.8,7.76,7.74,7.71,7.66,7.59,7.51,7.41,7.22,6.96,,2009
2009-07-24,7.94,7.76,7.7,7.69,7.66,7.61,7.54,7.46,7.36,7.16,6.91,,2009
2009-07-27,7.9,7.72,7.65,7.63,7.58,7.54,7.47,7.39,7.3,7.11,6.86,,2009
2009-07-28,7.68,7.49,7.42,7.38,7.34,7.29,7.23,7.16,7.08,6.89,6.63,,2009
2009-07-29,7.68,7.54,7.49,7.45,7.43,7.39,7.35,7.29,7.22,7.05,6.83,,2009
2009-07-30,7.61,7.47,7.42,7.4,7.37,7.34,7.29,7.22,7.14,6.98,6.76,,2009
2009-07-31,7.48,7.35,7.29,7.26,7.24,7.2,7.16,7.1,7.02,6.86,6.67,,2009
2009-08-03,7.44,7.31,7.26,7.24,7.22,7.18,7.13,7.07,7.0,6.85,6.67,,2009
2009-08-04,7.34,7.22,7.17,7.15,7.13,7.09,7.04,6.98,6.91,6.76,6.56,,2009
2009-08-05,7.29,7.17,7.12,7.1,7.07,7.03,6.98,6.92,6.85,6.7,6.5,,2009
2009-08-06,7.41,7.28,7.24,7.22,7.19,7.15,7.1,7.04,6.97,6.81,6.62,,2009
2009-08-07,7.61,7.47,7.42,7.38,7.35,7.3,7.25,7.17,7.09,6.93,6.73,,2009
2009-08-10,7.49,7.35,7.31,7.28,7.24,7.19,7.12,7.05,6.96,6.81,6.61,,2009
2009-08-11,7.39,7.26,7.22,7.19,7.15,7.1,7.04,6.96,6.88,6.72,6.53,,2009
2009-08-12,7.57,7.44,7.4,7.37,7.33,7.29,7.22,7.14,7.06,6.9,6.71,,2009
2009-08-13,7.42,7.3,7.27,7.24,7.21,7.17,7.1,7.02,6.95,6.8,6.62,,2009
2009-08-14,7.35,7.22,7.19,7.17,7.14,7.1,7.04,6.96,6.88,6.74,6.57,,2009
2009-08-17,7.43,7.3,7.27,7.26,7.24,7.2,7.16,7.1,7.04,6.89,6.72,,2009
2009-08-18,7.34,7.21,7.19,7.17,7.16,7.13,7.1,7.03,6.97,6.83,6.65,,2009
2009-08-19,7.31,7.18,7.15,7.14,7.12,7.1,7.06,7.0,6.94,6.8,6.63,,2009
2009-08-24,7.0,6.9,6.86,6.86,6.83,6.8,6.78,6.71,6.65,6.51,6.35,,2009
2009-08-25,7.09,6.98,6.95,6.95,6.94,6.91,6.87,6.81,6.75,6.6,6.44,,2009
2009-08-26,6.99,6.92,6.92,6.93,6.92,6.9,6.87,6.83,6.77,6.64,6.46,,2009
2009-08-27,7.08,7.01,7.01,7.02,7.02,7.0,6.96,6.92,6.86,6.73,6.56,,2009
2009-08-28,7.15,7.1,7.09,7.1,7.1,7.08,7.04,7.0,6.94,6.8,6.64,,2009
2009-08-29,7.15,7.1,7.09,7.1,7.1,7.08,7.04,7.0,6.94,6.8,6.64,,2009
2009-08-31,7.15,7.09,7.09,7.1,7.1,7.09,7.04,7.0,6.94,6.81,6.64,,2009
2009-09-01,7.2,7.14,7.14,7.15,7.15,7.13,7.09,7.05,6.99,6.86,6.69,,2009
2009-09-02,7.32,7.29,7.29,7.29,7.27,7.25,7.22,7.18,7.13,7.0,6.83,,2009
2009-09-03,7.21,7.17,7.17,7.17,7.17,7.14,7.11,7.07,7.02,6.89,6.71,,2009
2009-09-04,7.11,7.07,7.08,7.08,7.07,7.05,7.02,6.98,6.93,6.81,6.63,,2009
2009-09-07,7.02,6.98,6.99,6.99,6.99,6.97,6.95,6.91,6.86,6.73,6.54,,2009
2009-09-08,7.0,6.97,6.97,6.99,7.0,6.98,6.95,6.91,6.86,6.74,6.56,,2009
2009-09-09,7.0,6.97,6.97,6.99,6.99,6.98,6.95,6.92,6.88,6.76,6.58,,2009
2009-09-10,6.98,6.94,6.95,6.97,6.97,6.96,6.93,6.9,6.85,6.73,6.56,,2009
2009-09-11,6.96,6.93,6.94,6.95,6.95,6.94,6.91,6.88,6.83,6.7,6.52,,2009
2009-09-14,6.91,6.89,6.9,6.91,6.91,6.9,6.88,6.85,6.8,6.66,6.49,,2009
2009-09-15,6.82,6.8,6.82,6.83,6.83,6.83,6.81,6.78,6.73,6.59,6.41,,2009
2009-09-16,6.75,6.73,6.74,6.76,6.76,6.76,6.74,6.71,6.66,6.53,6.35,,2009
2009-09-17,6.78,6.76,6.78,6.8,6.8,6.8,6.79,6.75,6.7,6.57,6.4,,2009
2009-09-18,6.84,6.83,6.86,6.88,6.89,6.87,6.86,6.82,6.78,6.66,6.49,,2009
2009-09-21,6.88,6.88,6.9,6.92,6.92,6.91,6.89,6.86,6.82,6.71,6.53,,2009
2009-09-22,6.89,6.88,6.91,6.94,6.94,6.93,6.91,6.88,6.84,6.72,6.55,,2009
2009-09-23,6.89,6.89,6.91,6.94,6.95,6.95,6.93,6.89,6.85,6.73,6.55,,2009
2009-09-24,6.9,6.9,6.92,6.95,6.96,6.95,6.93,6.9,6.86,6.75,6.57,,2009
2009-09-25,6.92,6.92,6.94,6.97,6.97,6.96,6.95,6.92,6.87,6.76,6.59,,2009
2009-09-28,6.9,6.9,6.92,6.95,6.95,6.94,6.92,6.89,6.85,6.74,6.56,,2009
2009-09-29,6.95,6.96,6.98,7.0,7.0,6.99,6.98,6.94,6.9,6.79,6.62,,2009
2009-09-30,6.9,6.92,6.96,6.99,7.0,7.0,6.98,6.95,6.91,6.8,6.63,,2009
2009-10-01,6.92,6.95,6.99,7.01,7.01,7.0,6.98,6.95,6.91,6.8,6.64,,2009
2009-10-02,7.03,7.07,7.11,7.13,7.13,7.11,7.08,7.04,7.0,6.88,6.71,,2009
2009-10-05,6.89,6.93,6.97,6.99,6.99,6.97,6.93,6.89,6.84,6.72,6.57,,2009
2009-10-06,6.84,6.87,6.9,6.92,6.91,6.89,6.85,6.81,6.75,6.64,6.47,,2009
2009-10-07,6.84,6.88,6.9,6.91,6.9,6.87,6.82,6.77,6.72,6.6,6.45,,2009
2009-10-08,6.94,6.97,6.99,6.99,6.97,6.93,6.89,6.84,6.78,6.66,6.51,,2009
2009-10-09,6.93,6.95,6.96,6.96,6.94,6.9,6.84,6.79,6.73,6.61,6.46,,2009
2009-10-12,6.9,6.91,6.9,6.89,6.85,6.81,6.76,6.7,6.65,6.54,6.38,,2009
2009-10-13,6.83,6.84,6.83,6.81,6.78,6.74,6.68,6.62,6.57,6.45,6.31,,2009
2009-10-14,6.82,6.83,6.82,6.81,6.78,6.74,6.69,6.64,6.58,6.46,6.31,,2009
2009-10-15,6.79,6.8,6.8,6.79,6.75,6.72,6.67,6.63,6.57,6.45,6.31,,2009
2009-10-16,6.76,6.76,6.76,6.75,6.72,6.69,6.65,6.61,6.56,6.45,6.29,,2009
2009-10-19,6.73,6.74,6.73,6.71,6.69,6.67,6.64,6.6,6.55,6.43,6.27,,2009
2009-10-20,6.64,6.66,6.66,6.64,6.62,6.6,6.57,6.53,6.48,6.36,6.2,,2009
2009-10-21,6.45,6.49,6.51,6.52,6.52,6.51,6.49,6.45,6.41,6.29,6.13,,2009
2009-10-22,6.49,6.53,6.55,6.56,6.56,6.56,6.54,6.5,6.46,6.36,6.23,,2009
2009-10-26,6.46,6.5,6.53,6.54,6.55,6.56,6.54,6.51,6.48,6.38,6.26,,2009
2009-10-27,6.55,6.59,6.6,6.62,6.63,6.62,6.61,6.59,6.56,6.46,6.33,,2009
2009-10-28,6.75,6.78,6.81,6.82,6.82,6.81,6.79,6.76,6.73,6.64,6.51,,2009
2009-10-29,6.82,6.84,6.86,6.87,6.86,6.84,6.82,6.79,6.75,6.66,6.54,,2009
2009-10-30,6.75,6.76,6.79,6.79,6.79,6.77,6.75,6.73,6.69,6.61,6.49,,2009
2009-11-02,6.83,6.86,6.88,6.89,6.88,6.87,6.85,6.82,6.78,6.7,6.57,,2009
2009-11-03,6.91,6.95,6.97,6.98,6.97,6.94,6.91,6.88,6.84,6.75,6.63,,2009
2009-11-04,6.88,6.93,6.95,6.94,6.93,6.9,6.87,6.84,6.8,6.71,6.58,,2009
2009-11-05,6.73,6.79,6.84,6.85,6.84,6.81,6.79,6.75,6.71,6.62,6.5,,2009
2009-11-06,6.67,6.73,6.77,6.79,6.79,6.77,6.74,6.71,6.67,6.57,6.44,,2009
2009-11-09,6.61,6.69,6.75,6.77,6.78,6.77,6.74,6.71,6.67,6.58,6.46,,2009
2009-11-10,6.49,6.58,6.63,6.66,6.66,6.66,6.63,6.61,6.57,6.49,6.37,,2009
2009-11-11,6.41,6.5,6.58,6.63,6.65,6.64,6.63,6.6,6.56,6.48,6.37,,2009
2009-11-12,6.4,6.49,6.56,6.6,6.62,6.62,6.6,6.58,6.55,6.47,6.36,,2009
2009-11-13,6.42,6.53,6.59,6.63,6.65,6.65,6.63,6.61,6.57,6.5,6.39,,2009
2009-11-16,6.36,6.5,6.58,6.63,6.65,6.65,6.64,6.62,6.59,6.52,6.42,,2009
2009-11-17,6.31,6.43,6.5,6.55,6.58,6.59,6.58,6.56,6.53,6.46,6.36,,2009
2009-11-18,6.33,6.45,6.53,6.59,6.61,6.61,6.6,6.58,6.55,6.48,6.37,,2009
2009-11-19,6.43,6.55,6.63,6.68,6.7,6.7,6.69,6.67,6.64,6.56,6.45,,2009
2009-11-20,6.42,6.55,6.63,6.68,6.7,6.7,6.69,6.66,6.63,6.56,6.45,,2009
2009-11-23,6.43,6.56,6.64,6.69,6.71,6.71,6.69,6.66,6.63,6.55,6.45,,2009
2009-11-24,6.42,6.54,6.63,6.68,6.7,6.71,6.69,6.67,6.63,6.56,6.45,,2009
2009-11-25,6.3,6.45,6.54,6.59,6.62,6.63,6.63,6.61,6.58,6.51,6.42,,2009
2009-11-26,6.45,6.59,6.66,6.71,6.74,6.74,6.74,6.72,6.69,6.63,6.52,,2009
2009-11-27,6.61,6.77,6.85,6.89,6.91,6.91,6.89,6.85,6.81,6.73,6.63,,2009
2009-11-30,6.5,6.66,6.75,6.8,6.82,6.81,6.8,6.77,6.74,6.66,6.53,,2009
2009-12-01,6.52,6.68,6.78,6.83,6.85,6.84,6.83,6.8,6.77,6.68,6.55,,2009
2009-12-02,6.44,6.62,6.73,6.78,6.8,6.8,6.79,6.76,6.73,6.65,6.52,,2009
2009-12-03,6.44,6.63,6.75,6.81,6.85,6.86,6.84,6.82,6.79,6.7,6.57,,2009
2009-12-04,6.49,6.68,6.79,6.85,6.88,6.89,6.88,6.86,6.82,6.74,6.6,,2009
2009-12-07,6.5,6.69,6.8,6.86,6.89,6.91,6.89,6.87,6.84,6.75,6.62,,2009
2009-12-08,6.52,6.72,6.84,6.9,6.93,6.94,6.93,6.9,6.87,6.78,6.65,,2009
2009-12-09,6.59,6.78,6.89,6.95,6.98,6.98,6.97,6.94,6.91,6.82,6.68,,2009
2009-12-10,6.61,6.8,6.91,6.97,6.98,6.99,6.97,6.95,6.91,6.84,6.73,,2009
2009-12-11,6.62,6.83,6.94,7.0,7.03,7.03,7.01,6.99,6.95,6.88,6.77,,2009
2009-12-14,6.62,6.83,6.94,7.0,7.03,7.04,7.02,6.99,6.96,6.88,6.78,,2009
2009-12-15,6.68,6.91,7.02,7.09,7.11,7.11,7.1,7.07,7.03,6.96,6.85,,2009
2009-12-16,6.72,6.95,7.09,7.16,7.18,7.18,7.16,7.13,7.1,7.03,6.93,,2009
2009-12-17,6.75,6.98,7.11,7.18,7.21,7.2,7.17,7.13,7.1,7.03,6.97,,2009
2009-12-18,6.71,6.95,7.09,7.16,7.19,7.18,7.16,7.13,7.1,7.04,6.97,,2009
2009-12-19,6.71,6.95,7.09,7.17,7.19,7.18,7.16,7.13,7.1,7.04,6.99,,2009
2009-12-21,6.7,6.94,7.09,7.17,7.19,7.18,7.16,7.13,7.1,7.03,6.96,,2009
2009-12-22,6.78,7.03,7.17,7.24,7.27,7.27,7.24,7.21,7.17,7.09,7.01,,2009
2009-12-23,6.81,7.05,7.19,7.26,7.29,7.29,7.26,7.22,7.19,7.11,7.03,,2009
2009-12-28,6.81,7.06,7.19,7.26,7.29,7.29,7.26,7.22,7.19,7.12,7.05,,2009
2009-12-29,6.81,7.05,7.19,7.26,7.29,7.29,7.26,7.22,7.18,7.12,7.05,,2009
2009-12-30,6.81,7.06,7.19,7.26,7.29,7.29,7.26,7.22,7.18,7.11,7.04,,2009
2009-12-31,6.79,7.04,7.17,7.24,7.27,7.27,7.24,7.2,7.16,7.09,7.02,,2009
2010-01-04,6.71,6.96,7.09,7.16,7.19,7.19,7.16,7.12,7.08,7.01,6.95,,2010
2010-01-05,6.62,6.87,7.0,7.08,7.1,7.11,7.09,7.06,7.03,6.96,6.88,,2010
2010-01-06,6.62,6.88,7.01,7.08,7.11,7.12,7.1,7.07,7.03,6.97,6.89,,2010
2010-01-07,6.56,6.83,6.98,7.04,7.07,7.07,7.05,7.03,6.99,6.93,6.85,,2010
2010-01-08,6.54,6.81,6.95,7.02,7.05,7.05,7.03,7.0,6.97,6.9,6.83,,2010
2010-01-11,6.47,6.73,6.87,6.94,6.98,6.99,6.98,6.95,6.92,6.85,6.78,,2010
2010-01-12,6.49,6.76,6.9,6.98,7.02,7.03,7.02,6.99,6.96,6.89,6.82,,2010
2010-01-13,6.46,6.73,6.88,6.96,7.0,7.01,6.99,6.97,6.93,6.87,6.79,,2010
2010-01-14,6.4,6.67,6.85,6.95,6.99,7.0,6.98,6.96,6.93,6.86,6.77,,2010
2010-01-15,6.45,6.72,6.89,6.97,7.02,7.03,7.02,7.0,6.96,6.89,6.82,,2010
2010-01-18,6.46,6.73,6.89,6.98,7.02,7.03,7.03,7.0,6.97,6.91,6.83,,2010
2010-01-19,6.43,6.71,6.85,6.94,6.99,7.01,7.0,6.98,6.95,6.88,6.8,,2010
2010-01-20,6.46,6.72,6.87,6.97,7.02,7.03,7.02,7.0,6.97,6.9,6.82,,2010
2010-01-21,6.59,6.85,7.0,7.1,7.14,7.15,7.14,7.12,7.09,7.03,6.94,,2010
2010-01-22,6.52,6.78,6.93,7.02,7.07,7.08,7.07,7.05,7.02,6.95,6.88,,2010
2010-01-25,6.49,6.75,6.9,6.99,7.04,7.05,7.04,7.02,6.99,6.92,6.85,,2010
2010-01-26,6.49,6.75,6.89,6.98,7.02,7.04,7.03,7.0,6.97,6.9,6.84,,2010
2010-01-27,6.44,6.72,6.88,6.96,7.01,7.02,7.01,6.98,6.95,6.89,6.81,,2010
2010-01-28,6.42,6.7,6.86,6.96,7.0,7.02,7.01,6.99,6.96,6.89,6.81,,2010
2010-01-29,6.43,6.71,6.88,6.98,7.03,7.04,7.03,7.01,6.97,6.89,6.8,,2010
2010-02-01,6.41,6.69,6.85,6.96,7.01,7.03,7.02,6.99,6.96,6.88,6.79,,2010
2010-02-02,6.38,6.65,6.82,6.92,6.97,6.99,6.98,6.96,6.93,6.85,6.75,,2010
2010-02-03,6.35,6.61,6.75,6.85,6.91,6.93,6.93,6.9,6.87,6.79,6.69,,2010
2010-02-04,6.46,6.7,6.85,6.94,6.99,7.01,7.01,6.98,6.95,6.87,6.77,,2010
2010-02-05,6.53,6.78,6.93,7.02,7.08,7.1,7.1,7.07,7.04,6.96,6.85,,2010
2010-02-08,6.46,6.73,6.87,6.96,7.02,7.05,7.05,7.02,6.99,6.91,6.81,,2010
2010-02-09,6.44,6.71,6.86,6.95,7.0,7.03,7.04,7.02,6.98,6.9,6.81,,2010
2010-02-10,6.41,6.68,6.83,6.92,6.98,7.01,7.02,7.0,6.97,6.89,6.79,,2010
2010-02-11,6.42,6.67,6.8,6.89,6.95,6.99,7.0,6.98,6.94,6.86,6.77,,2010
2010-02-12,6.46,6.7,6.82,6.91,6.96,6.99,7.0,6.98,6.95,6.87,6.77,,2010
2010-02-15,6.46,6.7,6.82,6.9,6.96,6.99,7.0,6.98,6.94,6.87,6.77,,2010
2010-02-16,6.46,6.69,6.82,6.9,6.96,7.0,7.0,6.99,6.95,6.87,6.78,,2010
2010-02-17,6.42,6.65,6.78,6.86,6.93,6.96,6.97,6.95,6.92,6.84,6.75,,2010
2010-02-18,6.43,6.66,6.78,6.88,6.95,7.0,7.0,7.0,6.97,6.9,6.79,,2010
2010-02-19,6.37,6.61,6.73,6.83,6.9,6.94,6.96,6.95,6.93,6.85,6.75,,2010
2010-02-22,6.33,6.57,6.7,6.8,6.86,6.9,6.92,6.91,6.89,6.82,6.72,,2010
2010-02-23,6.32,6.56,6.71,6.81,6.87,6.91,6.93,6.93,6.91,6.84,6.74,,2010
2010-02-24,6.35,6.59,6.73,6.82,6.89,6.94,6.96,6.96,6.94,6.88,6.78,,2010
2010-02-25,6.33,6.57,6.71,6.8,6.86,6.9,6.92,6.92,6.9,6.85,6.75,,2010
2010-02-26,6.29,6.53,6.67,6.76,6.83,6.87,6.88,6.88,6.87,6.81,6.72,,2010
2010-03-01,6.19,6.44,6.59,6.69,6.76,6.81,6.83,6.83,6.82,6.76,6.67,,2010
2010-03-02,6.15,6.4,6.55,6.65,6.73,6.78,6.8,6.81,6.79,6.74,6.65,,2010
2010-03-03,6.12,6.36,6.52,6.62,6.7,6.75,6.77,6.77,6.76,6.7,6.61,,2010
2010-03-04,6.1,6.33,6.49,6.6,6.68,6.73,6.75,6.76,6.75,6.69,6.6,,2010
2010-03-05,6.12,6.35,6.52,6.63,6.7,6.75,6.77,6.78,6.76,6.7,6.61,,2010
2010-03-08,6.08,6.3,6.47,6.58,6.66,6.7,6.73,6.73,6.72,6.66,6.56,,2010
2010-03-09,6.12,6.34,6.5,6.61,6.69,6.73,6.75,6.75,6.74,6.68,6.58,,2010
2010-03-10,6.14,6.37,6.53,6.64,6.72,6.77,6.79,6.79,6.78,6.71,6.62,,2010
2010-03-11,6.0,6.25,6.45,6.59,6.67,6.72,6.74,6.74,6.73,6.67,6.57,,2010
2010-03-12,5.87,6.11,6.33,6.47,6.57,6.64,6.67,6.69,6.68,6.62,6.52,,2010
2010-03-16,5.85,6.09,6.3,6.45,6.55,6.62,6.65,6.67,6.67,6.62,6.52,,2010
2010-03-17,5.83,6.04,6.25,6.4,6.5,6.57,6.61,6.63,6.63,6.58,6.48,,2010
2010-03-18,5.73,5.95,6.15,6.29,6.4,6.47,6.52,6.54,6.55,6.5,6.4,,2010
2010-03-19,5.73,5.95,6.16,6.31,6.41,6.48,6.52,6.54,6.55,6.5,6.39,,2010
2010-03-22,5.81,6.03,6.24,6.39,6.49,6.57,6.61,6.63,6.63,6.58,6.47,,2010
2010-03-23,5.79,6.01,6.21,6.36,6.47,6.54,6.59,6.61,6.61,6.56,6.45,,2010
2010-03-24,5.73,5.96,6.16,6.3,6.4,6.47,6.51,6.53,6.53,6.49,6.38,,2010
2010-03-25,5.7,5.92,6.1,6.25,6.36,6.44,6.48,6.5,6.5,6.46,6.35,,2010
2010-03-26,5.62,5.84,6.01,6.14,6.25,6.32,6.36,6.38,6.38,6.33,6.23,,2010
2010-03-29,5.63,5.82,5.97,6.1,6.21,6.29,6.34,6.36,6.36,6.31,6.22,,2010
2010-03-30,5.54,5.72,5.86,6.0,6.11,6.21,6.26,6.3,6.3,6.25,6.16,,2010
2010-03-31,5.54,5.71,5.86,6.0,6.11,6.2,6.26,6.29,6.3,6.26,6.16,,2010
2010-04-01,5.49,5.66,5.8,5.93,6.04,6.13,6.2,6.23,6.23,6.19,6.09,,2010
2010-04-02,5.46,5.62,5.75,5.86,5.96,6.05,6.11,6.14,6.14,6.08,5.96,,2010
2010-04-06,5.46,5.62,5.75,5.86,5.96,6.05,6.1,6.14,6.14,6.08,5.96,,2010
2010-04-07,5.48,5.64,5.77,5.89,5.99,6.08,6.14,6.17,6.17,6.12,5.99,,2010
2010-04-08,5.6,5.76,5.89,6.01,6.11,6.19,6.25,6.29,6.31,6.25,6.1,,2010
2010-04-09,5.61,5.78,5.92,6.05,6.16,6.25,6.31,6.35,6.36,6.3,6.14,,2010
2010-04-12,5.44,5.6,5.74,5.85,5.96,6.05,6.12,6.16,6.17,6.11,5.95,,2010
2010-04-13,5.41,5.57,5.7,5.81,5.91,6.0,6.06,6.1,6.1,6.05,5.9,,2010
2010-04-14,5.29,5.45,5.58,5.7,5.81,5.9,5.97,6.0,6.01,5.96,5.83,,2010
2010-04-15,5.25,5.41,5.55,5.67,5.78,5.86,5.93,5.97,5.98,5.94,5.8,,2010
2010-04-16,5.24,5.39,5.53,5.64,5.74,5.83,5.89,5.92,5.93,5.89,5.77,,2010
2010-04-19,5.37,5.52,5.65,5.76,5.86,5.94,6.0,6.03,6.03,5.98,5.86,,2010
2010-04-20,5.34,5.49,5.62,5.73,5.82,5.91,5.96,5.99,6.0,5.95,5.83,,2010
2010-04-21,5.29,5.43,5.56,5.67,5.77,5.85,5.9,5.94,5.95,5.9,5.78,,2010
2010-04-22,5.29,5.43,5.55,5.66,5.76,5.83,5.89,5.92,5.93,5.87,5.76,,2010
2010-04-23,5.32,5.47,5.59,5.7,5.8,5.88,5.95,5.98,5.99,5.94,5.82,,2010
2010-04-26,5.2,5.32,5.44,5.56,5.67,5.75,5.83,5.85,5.86,5.82,5.7,,2010
2010-04-27,5.27,5.39,5.52,5.65,5.75,5.84,5.9,5.94,5.95,5.9,5.79,,2010
2010-04-28,5.6,5.8,5.97,6.11,6.21,6.28,6.34,6.36,6.37,6.32,6.21,,2010
2010-04-29,5.36,5.56,5.71,5.84,5.95,6.04,6.1,6.13,6.13,6.1,6.0,,2010
2010-04-30,5.28,5.47,5.63,5.76,5.87,5.95,6.0,6.03,6.04,5.99,5.88,,2010
2010-05-03,5.36,5.54,5.69,5.82,5.93,6.02,6.07,6.1,6.1,6.05,5.94,,2010
2010-05-04,5.38,5.57,5.72,5.85,5.96,6.05,6.1,6.13,6.13,6.08,5.97,,2010
2010-05-05,5.65,5.87,6.04,6.19,6.3,6.37,6.42,6.44,6.44,6.38,6.27,,2010
2010-05-06,5.71,5.94,6.13,6.28,6.38,6.45,6.49,6.51,6.5,6.45,6.33,,2010
2010-05-07,5.78,6.01,6.21,6.36,6.46,6.54,6.58,6.6,6.59,6.54,6.41,,2010
2010-05-10,5.43,5.64,5.81,5.97,6.07,6.15,6.2,6.21,6.2,6.14,6.02,,2010
2010-05-11,5.45,5.66,5.85,6.0,6.11,6.19,6.24,6.26,6.25,6.18,6.06,,2010
2010-05-12,5.44,5.66,5.86,6.03,6.14,6.23,6.28,6.3,6.3,6.23,6.1,,2010
2010-05-13,5.35,5.57,5.76,5.92,6.04,6.14,6.2,6.24,6.24,6.18,6.06,,2010
2010-05-14,5.45,5.68,5.87,6.02,6.15,6.25,6.32,6.35,6.36,6.31,6.19,,2010
2010-05-17,5.56,5.78,5.97,6.14,6.27,6.38,6.45,6.49,6.49,6.44,6.31,,2010
2010-05-18,5.49,5.71,5.91,6.07,6.21,6.31,6.39,6.42,6.42,6.37,6.24,,2010
2010-05-19,5.55,5.78,5.96,6.12,6.25,6.35,6.42,6.45,6.46,6.4,6.28,,2010
2010-05-20,5.59,5.82,6.02,6.19,6.32,6.42,6.49,6.52,6.53,6.47,6.36,,2010
2010-05-21,5.59,5.88,6.13,6.33,6.47,6.57,6.63,6.66,6.67,6.63,6.51,,2010
2010-05-25,5.6,5.87,6.11,6.3,6.45,6.56,6.63,6.67,6.68,6.63,6.53,,2010
2010-05-26,5.54,5.81,6.05,6.23,6.37,6.47,6.54,6.57,6.58,6.54,6.42,,2010
2010-05-27,5.44,5.71,5.94,6.13,6.27,6.37,6.44,6.47,6.48,6.43,6.32,,2010
2010-05-28,5.35,5.6,5.8,5.96,6.11,6.21,6.28,6.31,6.32,6.28,6.18,,2010
2010-05-31,5.41,5.65,5.85,6.01,6.15,6.25,6.33,6.37,6.38,6.34,6.23,,2010
2010-06-01,5.52,5.75,5.94,6.11,6.25,6.35,6.42,6.46,6.47,6.43,6.32,,2010
2010-06-02,5.54,5.76,5.95,6.11,6.25,6.35,6.43,6.47,6.49,6.44,6.31,,2010
2010-06-03,5.51,5.73,5.92,6.09,6.22,6.33,6.4,6.44,6.45,6.41,6.27,,2010
2010-06-04,5.66,5.9,6.11,6.28,6.41,6.49,6.55,6.58,6.59,6.54,6.41,,2010
2010-06-07,5.93,6.17,6.36,6.51,6.61,6.69,6.74,6.77,6.76,6.69,6.57,,2010
2010-06-08,5.78,6.01,6.2,6.34,6.45,6.53,6.58,6.6,6.59,6.52,6.4,,2010
2010-06-09,5.72,5.95,6.14,6.29,6.4,6.48,6.53,6.55,6.55,6.49,6.37,,2010
2010-06-10,5.76,5.99,6.18,6.33,6.45,6.53,6.58,6.6,6.6,6.53,6.41,,2010
2010-06-11,5.62,5.84,6.02,6.17,6.29,6.37,6.43,6.45,6.44,6.37,6.25,,2010
2010-06-14,5.6,5.8,6.0,6.15,6.28,6.36,6.42,6.44,6.44,6.38,6.23,,2010
2010-06-15,5.61,5.8,6.0,6.16,6.27,6.36,6.41,6.44,6.44,6.39,6.25,,2010
2010-06-16,5.63,5.83,6.01,6.16,6.28,6.36,6.41,6.43,6.43,6.37,6.26,,2010
2010-06-17,5.68,5.87,6.06,6.21,6.33,6.4,6.45,6.47,6.47,6.41,6.29,,2010
2010-06-18,5.62,5.78,5.96,6.12,6.23,6.31,6.36,6.37,6.37,6.31,6.19,,2010
2010-06-21,5.55,5.71,5.89,6.05,6.17,6.24,6.28,6.29,6.28,6.22,6.09,,2010
2010-06-22,5.62,5.77,5.96,6.12,6.23,6.31,6.35,6.36,6.35,6.28,6.16,,2010
2010-06-23,5.64,5.79,5.98,6.14,6.25,6.33,6.37,6.38,6.37,6.3,6.18,,2010
2010-06-24,5.72,5.87,6.04,6.2,6.32,6.39,6.43,6.44,6.43,6.37,6.23,,2010
2010-06-25,5.81,5.96,6.13,6.28,6.39,6.47,6.51,6.52,6.51,6.45,6.32,,2010
2010-06-28,5.75,5.9,6.04,6.17,6.28,6.35,6.4,6.41,6.4,6.33,6.2,,2010
2010-06-29,5.96,6.08,6.2,6.32,6.41,6.48,6.51,6.51,6.49,6.41,6.28,,2010
2010-06-30,5.93,6.06,6.18,6.29,6.38,6.44,6.48,6.48,6.46,6.38,6.27,,2010
2010-07-01,5.93,6.06,6.19,6.31,6.4,6.47,6.5,6.5,6.48,6.41,6.28,,2010
2010-07-02,5.92,6.07,6.19,6.3,6.39,6.46,6.49,6.5,6.48,6.4,6.27,,2010
2010-07-05,5.83,5.98,6.11,6.22,6.31,6.37,6.4,6.42,6.4,6.33,6.2,,2010
2010-07-06,5.83,5.98,6.11,6.22,6.31,6.37,6.4,6.41,6.4,6.33,6.2,,2010
2010-07-07,5.85,6.0,6.14,6.25,6.34,6.4,6.44,6.46,6.45,6.37,6.22,,2010
2010-07-08,5.77,5.92,6.05,6.15,6.24,6.3,6.33,6.34,6.33,6.26,6.11,,2010
2010-07-09,5.8,5.96,6.09,6.19,6.27,6.34,6.37,6.38,6.37,6.29,6.13,,2010
2010-07-12,5.84,5.99,6.12,6.22,6.3,6.37,6.4,6.41,6.4,6.31,6.15,,2010
2010-07-13,5.89,6.03,6.15,6.25,6.34,6.4,6.43,6.44,6.43,6.34,6.18,,2010
2010-07-14,5.8,5.96,6.08,6.18,6.26,6.32,6.35,6.36,6.35,6.27,6.11,,2010
2010-07-15,5.85,6.02,6.14,6.24,6.31,6.37,6.4,6.42,6.41,6.32,6.15,,2010
2010-07-16,5.88,6.03,6.15,6.25,6.33,6.38,6.42,6.42,6.42,6.33,6.15,,2010
2010-07-19,6.15,6.28,6.35,6.41,6.47,6.52,6.56,6.58,6.58,6.49,6.28,,2010
2010-07-20,6.37,6.5,6.59,6.66,6.72,6.76,6.79,6.8,6.79,6.67,6.45,,2010
2010-07-21,6.22,6.36,6.45,6.53,6.58,6.62,6.65,6.66,6.65,6.53,6.32,,2010
2010-07-22,6.16,6.31,6.4,6.48,6.53,6.57,6.6,6.61,6.59,6.49,6.28,,2010
2010-07-23,6.21,6.36,6.45,6.53,6.58,6.63,6.66,6.66,6.65,6.55,6.34,,2010
2010-07-26,6.29,6.44,6.53,6.61,6.66,6.7,6.72,6.72,6.7,6.59,6.35,,2010
2010-07-27,6.29,6.43,6.53,6.59,6.64,6.68,6.7,6.71,6.69,6.57,6.32,,2010
2010-07-28,6.16,6.31,6.41,6.49,6.55,6.59,6.6,6.61,6.6,6.48,6.28,,2010
2010-07-29,6.22,6.38,6.49,6.57,6.63,6.67,6.69,6.7,6.69,6.57,6.35,,2010
2010-07-30,6.23,6.39,6.5,6.58,6.64,6.68,6.7,6.71,6.7,6.58,6.38,,2010
2010-08-02,6.18,6.34,6.45,6.53,6.58,6.63,6.65,6.66,6.64,6.54,6.34,,2010
2010-08-03,6.18,6.33,6.44,6.53,6.59,6.64,6.66,6.66,6.65,6.56,6.41,,2010
2010-08-04,6.21,6.38,6.49,6.58,6.64,6.68,6.71,6.71,6.69,6.61,6.46,,2010
2010-08-05,6.19,6.36,6.47,6.55,6.61,6.65,6.68,6.68,6.66,6.58,6.42,,2010
2010-08-06,6.08,6.24,6.36,6.44,6.5,6.54,6.55,6.55,6.53,6.45,6.29,,2010
2010-08-09,6.05,6.22,6.34,6.42,6.48,6.51,6.53,6.53,6.51,6.42,6.27,,2010
2010-08-10,6.02,6.18,6.3,6.39,6.44,6.48,6.5,6.5,6.48,6.39,6.24,,2010
2010-08-11,6.08,6.24,6.35,6.44,6.5,6.53,6.55,6.55,6.53,6.45,6.3,,2010
2010-08-12,6.09,6.24,6.35,6.43,6.48,6.52,6.53,6.53,6.51,6.44,6.28,,2010
2010-08-13,6.04,6.18,6.29,6.37,6.42,6.46,6.49,6.49,6.47,6.39,6.23,,2010
2010-08-16,6.05,6.2,6.3,6.38,6.43,6.47,6.49,6.49,6.47,6.4,6.25,,2010
2010-08-17,6.02,6.17,6.26,6.33,6.37,6.4,6.4,6.39,6.37,6.3,6.15,,2010
2010-08-18,5.95,6.07,6.15,6.2,6.24,6.26,6.27,6.27,6.25,6.17,6.03,,2010
2010-08-19,5.9,6.0,6.07,6.12,6.15,6.18,6.19,6.19,6.17,6.1,5.94,,2010
2010-08-23,5.91,6.02,6.09,6.13,6.16,6.18,6.19,6.19,6.18,6.11,6.0,,2010
2010-08-24,6.17,6.26,6.32,6.36,6.39,6.41,6.42,6.41,6.39,6.33,6.22,,2010
2010-08-25,6.03,6.12,6.17,6.2,6.24,6.25,6.25,6.24,6.22,6.15,6.03,,2010
2010-08-26,6.13,6.24,6.3,6.33,6.35,6.36,6.36,6.35,6.33,6.26,6.15,,2010
2010-08-27,6.29,6.41,6.48,6.53,6.56,6.57,6.57,6.56,6.53,6.46,6.35,,2010
2010-08-30,6.29,6.4,6.48,6.53,6.57,6.6,6.6,6.59,6.57,6.51,6.41,,2010
2010-08-31,6.42,6.53,6.6,6.65,6.69,6.71,6.71,6.7,6.68,6.62,6.49,,2010
2010-09-01,6.45,6.58,6.65,6.69,6.72,6.73,6.74,6.73,6.71,6.64,6.52,,2010
2010-09-02,6.38,6.5,6.56,6.6,6.63,6.65,6.65,6.65,6.63,6.56,6.44,,2010
2010-09-03,6.36,6.49,6.55,6.6,6.62,6.64,6.65,6.65,6.63,6.56,6.44,,2010
2010-09-06,6.29,6.42,6.5,6.55,6.59,6.62,6.63,6.64,6.63,6.56,6.43,,2010
2010-09-07,6.34,6.47,6.54,6.6,6.64,6.68,6.7,6.71,6.7,6.63,6.51,,2010
2010-09-08,6.48,6.61,6.68,6.74,6.79,6.81,6.82,6.83,6.81,6.74,6.62,,2010
2010-09-09,6.46,6.56,6.62,6.67,6.7,6.71,6.72,6.71,6.69,6.61,6.49,,2010
2010-09-10,6.19,6.32,6.41,6.47,6.52,6.54,6.56,6.56,6.54,6.46,6.32,,2010
2010-09-13,6.21,6.34,6.44,6.51,6.55,6.58,6.6,6.59,6.57,6.49,6.36,,2010
2010-09-14,6.21,6.34,6.44,6.51,6.56,6.59,6.6,6.6,6.58,6.5,6.35,,2010
2010-09-15,6.08,6.21,6.31,6.38,6.44,6.48,6.49,6.49,6.48,6.4,6.26,,2010
2010-09-16,6.09,6.2,6.26,6.33,6.38,6.42,6.45,6.45,6.44,6.37,6.23,,2010
2010-09-17,6.1,6.19,6.26,6.32,6.37,6.41,6.43,6.44,6.42,6.35,6.22,,2010
2010-09-20,6.09,6.18,6.24,6.3,6.35,6.38,6.41,6.42,6.4,6.33,6.19,,2010
2010-09-21,6.07,6.16,6.22,6.28,6.33,6.37,6.39,6.4,6.39,6.31,6.17,,2010
2010-09-22,6.03,6.11,6.18,6.24,6.29,6.33,6.36,6.36,6.35,6.28,6.14,,2010
2010-09-23,6.04,6.14,6.2,6.26,6.31,6.35,6.37,6.38,6.37,6.3,6.16,,2010
2010-09-24,6.06,6.16,6.23,6.29,6.34,6.38,6.41,6.42,6.41,6.34,6.2,,2010
2010-09-27,5.99,6.09,6.16,6.22,6.27,6.31,6.34,6.36,6.34,6.27,6.13,,2010
2010-09-28,5.97,6.08,6.16,6.22,6.27,6.31,6.34,6.36,6.35,6.28,6.13,,2010
2010-09-29,5.94,6.04,6.11,6.18,6.23,6.27,6.29,6.3,6.28,6.21,6.06,,2010
2010-09-30,5.96,6.07,6.14,6.2,6.26,6.3,6.32,6.33,6.32,6.24,6.09,,2010
2010-10-01,5.92,6.02,6.1,6.16,6.2,6.24,6.26,6.26,6.25,6.19,6.05,,2010
2010-10-04,5.81,5.91,5.99,6.05,6.1,6.14,6.16,6.16,6.14,6.07,5.94,,2010
2010-10-05,5.8,5.91,5.98,6.04,6.09,6.13,6.15,6.15,6.13,6.07,5.93,,2010
2010-10-06,5.68,5.76,5.84,5.9,5.95,5.99,6.0,6.0,5.99,5.92,5.79,,2010
2010-10-07,5.74,5.82,5.9,5.96,6.01,6.05,6.08,6.08,6.06,5.98,5.85,,2010
2010-10-08,5.85,5.94,6.02,6.09,6.14,6.18,6.2,6.2,6.19,6.11,5.98,,2010
2010-10-11,5.81,5.9,5.98,6.04,6.1,6.15,6.17,6.17,6.15,6.08,5.95,,2010
2010-10-12,5.75,5.84,5.91,5.98,6.04,6.08,6.1,6.11,6.1,6.02,5.89,,2010
2010-10-13,5.69,5.79,5.89,5.96,6.02,6.07,6.1,6.1,6.09,6.01,5.87,,2010
2010-10-14,5.84,5.95,6.03,6.1,6.17,6.22,6.24,6.25,6.23,6.17,6.04,,2010
2010-10-18,5.97,6.09,6.19,6.26,6.33,6.37,6.39,6.4,6.39,6.33,6.22,,2010
2010-10-19,5.89,6.01,6.11,6.2,6.27,6.32,6.35,6.36,6.35,6.3,6.19,,2010
2010-10-20,5.92,6.05,6.16,6.24,6.31,6.35,6.38,6.39,6.39,6.34,6.22,,2010
2010-10-21,5.82,5.95,6.06,6.15,6.22,6.27,6.3,6.31,6.3,6.25,6.13,,2010
2010-10-22,5.86,5.99,6.1,6.2,6.27,6.31,6.34,6.35,6.34,6.29,6.17,,2010
2010-10-25,5.78,5.92,6.04,6.13,6.21,6.26,6.29,6.3,6.29,6.23,6.11,,2010
2010-10-26,5.86,5.99,6.12,6.21,6.28,6.33,6.37,6.38,6.38,6.32,6.19,,2010
2010-10-27,5.94,6.07,6.19,6.29,6.36,6.41,6.45,6.46,6.45,6.39,6.24,,2010
2010-10-28,5.94,6.09,6.23,6.32,6.39,6.45,6.48,6.5,6.5,6.43,6.29,,2010
2010-10-29,5.87,6.01,6.15,6.25,6.33,6.39,6.43,6.45,6.44,6.38,6.26,,2010
2010-11-02,5.76,5.92,6.06,6.16,6.25,6.31,6.35,6.36,6.36,6.31,6.19,,2010
2010-11-03,5.82,5.96,6.09,6.2,6.28,6.34,6.37,6.39,6.39,6.34,6.21,,2010
2010-11-04,5.86,6.01,6.13,6.24,6.32,6.38,6.42,6.43,6.42,6.37,6.24,,2010
2010-11-05,5.98,6.12,6.24,6.34,6.42,6.48,6.51,6.52,6.51,6.45,6.32,,2010
2010-11-08,6.0,6.15,6.26,6.36,6.44,6.49,6.53,6.54,6.54,6.48,6.35,,2010
2010-11-09,6.07,6.22,6.33,6.42,6.49,6.55,6.59,6.61,6.6,6.55,6.44,,2010
2010-11-10,5.98,6.12,6.24,6.33,6.41,6.46,6.5,6.51,6.51,6.46,6.34,,2010
2010-11-11,6.16,6.29,6.39,6.48,6.55,6.61,6.64,6.66,6.65,6.59,6.47,,2010
2010-11-12,6.16,6.29,6.4,6.49,6.55,6.6,6.63,6.65,6.65,6.6,6.48,,2010
2010-11-15,6.17,6.31,6.41,6.5,6.56,6.61,6.65,6.67,6.67,6.62,6.5,,2010
2010-11-16,6.19,6.33,6.43,6.52,6.58,6.63,6.67,6.69,6.69,6.64,6.51,,2010
2010-11-17,6.22,6.37,6.48,6.57,6.64,6.69,6.73,6.76,6.76,6.71,6.59,,2010
2010-11-18,6.16,6.31,6.42,6.51,6.58,6.63,6.67,6.69,6.69,6.64,6.53,,2010
2010-11-19,6.04,6.2,6.3,6.38,6.46,6.52,6.56,6.59,6.59,6.55,6.43,,2010
2010-11-22,6.03,6.19,6.29,6.38,6.46,6.53,6.58,6.62,6.64,6.6,6.47,,2010
2010-11-23,6.14,6.29,6.41,6.51,6.6,6.67,6.74,6.78,6.79,6.74,6.61,,2010
2010-11-24,6.18,6.33,6.45,6.55,6.64,6.71,6.76,6.8,6.82,6.78,6.65,,2010
2010-11-25,6.18,6.33,6.45,6.55,6.64,6.71,6.76,6.8,6.82,6.78,6.65,,2010
2010-11-26,6.28,6.44,6.56,6.68,6.78,6.86,6.92,6.96,6.97,6.93,6.81,,2010
2010-11-29,6.28,6.44,6.57,6.69,6.79,6.87,6.93,6.97,6.98,6.93,6.83,,2010
2010-11-30,6.66,6.79,6.9,7.01,7.1,7.17,7.21,7.23,7.23,7.19,7.07,,2010
2010-12-01,6.55,6.68,6.79,6.89,6.97,7.04,7.09,7.1,7.11,7.06,6.98,,2010
2010-12-02,6.65,6.79,6.89,6.99,7.08,7.15,7.2,7.22,7.22,7.17,7.06,,2010
2010-12-03,6.64,6.77,6.89,7.0,7.09,7.16,7.21,7.24,7.25,7.21,7.14,,2010
2010-12-06,6.74,6.88,7.0,7.11,7.2,7.27,7.32,7.35,7.35,7.32,7.22,,2010
2010-12-07,6.66,6.8,6.92,7.03,7.12,7.19,7.24,7.27,7.28,7.24,7.15,,2010
2010-12-08,6.65,6.79,6.91,7.01,7.1,7.17,7.23,7.26,7.26,7.22,7.13,,2010
2010-12-09,6.64,6.78,6.9,6.99,7.08,7.16,7.21,7.24,7.25,7.2,7.11,,2010
2010-12-10,6.71,6.86,6.98,7.08,7.17,7.24,7.3,7.32,7.32,7.28,7.18,,2010
2010-12-11,6.72,6.87,6.99,7.09,7.18,7.25,7.31,7.33,7.33,7.29,7.19,,2010
2010-12-13,6.72,6.87,6.98,7.08,7.17,7.25,7.3,7.33,7.33,7.29,7.2,,2010
2010-12-14,6.6,6.76,6.89,7.0,7.09,7.16,7.22,7.25,7.25,7.21,7.11,,2010
2010-12-15,6.57,6.73,6.86,6.97,7.06,7.13,7.19,7.22,7.22,7.18,7.08,,2010
2010-12-16,6.52,6.68,6.81,6.92,7.02,7.09,7.15,7.18,7.19,7.15,7.04,,2010
2010-12-17,6.48,6.65,6.78,6.9,6.99,7.08,7.13,7.16,7.16,7.12,7.03,,2010
2010-12-20,6.5,6.67,6.8,6.92,7.01,7.09,7.14,7.17,7.18,7.13,7.02,,2010
2010-12-21,6.62,6.78,6.91,7.02,7.11,7.18,7.22,7.24,7.24,7.2,7.11,,2010
2010-12-22,6.64,6.79,6.92,7.03,7.12,7.19,7.23,7.24,7.24,7.2,7.11,,2010
2010-12-23,6.61,6.76,6.89,7.0,7.09,7.16,7.2,7.21,7.21,7.17,7.07,,2010
2010-12-27,6.67,6.82,6.95,7.06,7.15,7.22,7.26,7.27,7.27,7.22,7.12,,2010
2010-12-28,6.67,6.82,6.95,7.06,7.15,7.22,7.26,7.27,7.27,7.22,7.13,,2010
2010-12-29,6.67,6.82,6.95,7.06,7.15,7.22,7.26,7.27,7.27,7.22,7.13,,2010
2010-12-30,6.66,6.81,6.94,7.05,7.14,7.21,7.25,7.27,7.26,7.21,7.12,,2010
2010-12-31,6.59,6.75,6.89,7.01,7.1,7.17,7.22,7.24,7.24,7.2,7.11,,2010
2011-01-03,6.58,6.74,6.88,7.0,7.09,7.16,7.21,7.23,7.23,7.19,7.1,,2011
2011-01-04,6.47,6.64,6.78,6.9,7.0,7.07,7.12,7.14,7.14,7.1,7.01,,2011
2011-01-05,6.52,6.67,6.81,6.94,7.04,7.12,7.18,7.21,7.21,7.17,7.08,,2011
2011-01-06,6.49,6.64,6.78,6.9,7.01,7.09,7.14,7.17,7.17,7.14,7.05,,2011
2011-01-07,6.56,6.72,6.85,6.98,7.1,7.19,7.24,7.26,7.26,7.22,7.13,,2011
2011-01-10,6.64,6.78,6.92,7.06,7.17,7.26,7.31,7.34,7.34,7.29,7.19,,2011
2011-01-11,6.6,6.77,6.91,7.04,7.16,7.25,7.31,7.33,7.33,7.29,7.19,,2011
2011-01-12,6.52,6.68,6.83,6.96,7.07,7.15,7.2,7.22,7.22,7.18,7.07,,2011
2011-01-13,6.5,6.65,6.81,6.94,7.05,7.13,7.18,7.2,7.2,7.15,7.06,,2011
2011-01-14,6.58,6.74,6.89,7.03,7.14,7.21,7.26,7.28,7.28,7.23,7.14,,2011
2011-01-17,6.57,6.73,6.88,7.01,7.11,7.19,7.24,7.26,7.26,7.21,7.12,,2011
2011-01-18,6.49,6.65,6.8,6.93,7.05,7.13,7.18,7.2,7.2,7.16,7.07,,2011
2011-01-19,6.47,6.63,6.8,6.94,7.06,7.15,7.2,7.22,7.22,7.17,7.08,,2011
2011-01-20,6.45,6.62,6.78,6.93,7.05,7.14,7.2,7.22,7.22,7.18,7.08,,2011
2011-01-21,6.52,6.69,6.84,6.98,7.09,7.18,7.24,7.26,7.26,7.22,7.11,,2011
2011-01-24,6.45,6.62,6.78,6.92,7.04,7.13,7.18,7.21,7.21,7.16,7.06,,2011
2011-01-25,6.41,6.57,6.73,6.88,7.01,7.11,7.17,7.19,7.19,7.14,7.03,,2011
2011-01-26,6.4,6.5,6.61,6.73,6.85,6.92,6.97,6.98,6.97,6.91,6.81,,2011
2011-01-27,6.42,6.54,6.65,6.75,6.85,6.92,6.97,6.98,6.97,6.91,6.81,,2011
2011-01-28,6.44,6.54,6.64,6.73,6.82,6.89,6.94,6.96,6.95,6.9,6.79,,2011
2011-01-31,6.55,6.66,6.77,6.86,6.95,7.02,7.07,7.1,7.1,7.05,6.94,,2011
2011-02-01,6.47,6.57,6.66,6.76,6.84,6.91,6.96,6.98,6.98,6.92,6.81,,2011
2011-02-02,6.39,6.46,6.53,6.6,6.68,6.74,6.78,6.78,6.77,6.71,6.61,,2011
2011-02-03,6.43,6.5,6.58,6.67,6.75,6.82,6.86,6.88,6.87,6.81,6.7,,2011
2011-02-04,6.46,6.55,6.63,6.71,6.79,6.86,6.9,6.91,6.9,6.84,6.73,,2011
2011-02-07,6.42,6.5,6.57,6.65,6.73,6.79,6.83,6.85,6.84,6.79,6.66,,2011
2011-02-08,6.45,6.53,6.6,6.68,6.76,6.83,6.87,6.89,6.88,6.82,6.7,,2011
2011-02-09,6.57,6.68,6.77,6.86,6.94,7.01,7.06,7.08,7.09,7.03,6.87,,2011
2011-02-10,6.61,6.72,6.83,6.93,7.02,7.09,7.14,7.17,7.18,7.12,6.96,,2011
2011-02-11,6.6,6.73,6.85,6.95,7.03,7.1,7.16,7.19,7.19,7.13,6.98,,2011
2011-02-14,6.53,6.65,6.75,6.85,6.94,7.01,7.06,7.09,7.09,7.02,6.86,,2011
2011-02-15,6.49,6.6,6.71,6.81,6.9,6.97,7.02,7.05,7.05,6.98,6.82,,2011
2011-02-16,6.51,6.62,6.73,6.83,6.92,7.0,7.05,7.08,7.08,7.01,6.85,,2011
2011-02-17,6.48,6.59,6.7,6.81,6.91,6.98,7.04,7.07,7.08,7.02,6.86,,2011
2011-02-18,6.47,6.59,6.7,6.8,6.89,6.97,7.02,7.06,7.07,7.01,6.85,,2011
2011-02-21,6.47,6.58,6.68,6.79,6.88,6.96,7.01,7.05,7.06,7.0,6.84,,2011
2011-02-22,6.53,6.63,6.75,6.85,6.94,7.02,7.07,7.1,7.11,7.05,6.89,,2011
2011-02-23,6.49,6.59,6.7,6.8,6.9,6.97,7.02,7.04,7.04,6.98,6.83,,2011
2011-02-24,6.56,6.66,6.75,6.85,6.94,7.01,7.06,7.08,7.08,7.03,6.87,,2011
2011-02-25,6.53,6.61,6.71,6.81,6.9,6.97,7.02,7.04,7.03,6.97,6.84,,2011
2011-02-28,6.45,6.52,6.61,6.7,6.78,6.85,6.9,6.92,6.92,6.86,6.73,,2011
2011-03-01,6.38,6.45,6.52,6.58,6.65,6.71,6.75,6.77,6.76,6.71,6.57,,2011
2011-03-02,6.46,6.54,6.62,6.7,6.77,6.83,6.87,6.9,6.9,6.85,6.71,,2011
2011-03-03,6.4,6.47,6.52,6.59,6.67,6.73,6.78,6.81,6.8,6.75,6.64,,2011
2011-03-04,6.47,6.53,6.6,6.67,6.74,6.8,6.85,6.88,6.87,6.81,6.7,,2011
2011-03-07,6.48,6.55,6.63,6.71,6.78,6.84,6.88,6.9,6.9,6.84,6.72,,2011
2011-03-08,6.65,6.75,6.82,6.89,6.96,7.01,7.05,7.06,7.07,7.01,6.88,,2011
2011-03-09,6.65,6.75,6.83,6.91,6.98,7.04,7.07,7.09,7.09,7.05,6.91,,2011
2011-03-10,6.63,6.72,6.81,6.89,6.96,7.02,7.06,7.07,7.07,7.03,6.91,,2011
2011-03-11,6.64,6.72,6.8,6.88,6.95,7.0,7.03,7.05,7.05,7.01,6.9,,2011
2011-03-16,6.61,6.7,6.77,6.83,6.9,6.96,7.0,7.02,7.03,6.99,6.86,,2011
2011-03-17,6.54,6.61,6.68,6.75,6.81,6.86,6.9,6.92,6.92,6.88,6.76,,2011
2011-03-18,6.52,6.59,6.65,6.72,6.79,6.84,6.87,6.89,6.89,6.85,6.74,,2011
2011-03-19,6.52,6.59,6.65,6.72,6.78,6.83,6.86,6.88,6.88,6.84,6.73,,2011
2011-03-21,6.48,6.55,6.62,6.69,6.76,6.81,6.84,6.86,6.86,6.82,6.7,,2011
2011-03-22,6.48,6.55,6.62,6.68,6.74,6.79,6.83,6.85,6.85,6.81,6.7,,2011
2011-03-23,6.48,6.55,6.62,6.68,6.74,6.79,6.83,6.85,6.85,6.8,6.65,,2011
2011-03-24,6.49,6.55,6.62,6.69,6.75,6.8,6.84,6.86,6.86,6.81,6.66,,2011
2011-03-25,6.46,6.52,6.59,6.66,6.72,6.77,6.81,6.83,6.83,6.78,6.63,,2011
2011-03-28,6.46,6.51,6.58,6.65,6.72,6.77,6.8,6.82,6.82,6.77,6.62,,2011
2011-03-29,6.48,6.53,6.6,6.67,6.74,6.79,6.82,6.84,6.84,6.79,6.64,,2011
2011-03-30,6.46,6.53,6.6,6.67,6.73,6.78,6.82,6.84,6.84,6.79,6.63,,2011
2011-03-31,6.44,6.51,6.58,6.65,6.71,6.76,6.8,6.82,6.82,6.77,6.62,,2011
2011-04-01,6.45,6.52,6.59,6.66,6.73,6.78,6.82,6.84,6.84,6.79,6.64,,2011
2011-04-04,6.43,6.5,6.58,6.65,6.72,6.77,6.8,6.82,6.82,6.77,6.62,,2011
2011-04-05,6.39,6.44,6.5,6.57,6.63,6.68,6.72,6.74,6.74,6.69,6.53,,2011
2011-04-06,6.29,6.34,6.41,6.47,6.54,6.59,6.62,6.63,6.63,6.57,6.42,,2011
2011-04-07,6.34,6.4,6.46,6.52,6.59,6.64,6.67,6.68,6.67,6.61,6.46,,2011
2011-04-08,6.37,6.42,6.49,6.57,6.63,6.68,6.71,6.72,6.72,6.66,6.5,,2011
2011-04-11,6.36,6.42,6.49,6.56,6.62,6.67,6.7,6.72,6.71,6.65,6.5,,2011
2011-04-12,6.43,6.49,6.56,6.63,6.69,6.74,6.77,6.78,6.77,6.72,6.57,,2011
2011-04-13,6.4,6.46,6.53,6.6,6.65,6.7,6.72,6.73,6.72,6.67,6.53,,2011
2011-04-14,6.4,6.47,6.54,6.6,6.66,6.71,6.74,6.75,6.74,6.68,6.54,,2011
2011-04-15,6.42,6.49,6.56,6.63,6.7,6.75,6.78,6.79,6.78,6.72,6.58,,2011
2011-04-18,6.42,6.49,6.56,6.63,6.7,6.75,6.78,6.79,6.78,6.72,6.58,,2011
2011-04-19,6.44,6.5,6.58,6.65,6.72,6.77,6.8,6.81,6.81,6.76,6.62,,2011
2011-04-20,6.38,6.45,6.52,6.59,6.66,6.71,6.74,6.75,6.75,6.69,6.55,,2011
2011-04-21,6.34,6.41,6.47,6.54,6.61,6.66,6.7,6.71,6.7,6.64,6.51,,2011
2011-04-22,6.32,6.38,6.44,6.5,6.57,6.62,6.66,6.67,6.66,6.6,6.47,,2011
2011-04-26,6.32,6.38,6.44,6.5,6.57,6.62,6.66,6.67,6.66,6.6,6.47,,2011
2011-04-27,6.3,6.36,6.41,6.48,6.54,6.59,6.62,6.64,6.63,6.57,6.44,,2011
2011-04-28,6.28,6.33,6.38,6.44,6.49,6.54,6.57,6.58,6.58,6.53,6.39,,2011
2011-04-29,6.33,6.38,6.45,6.52,6.59,6.64,6.67,6.69,6.68,6.63,6.5,,2011
2011-05-02,6.33,6.38,6.45,6.52,6.59,6.64,6.67,6.69,6.68,6.64,6.52,,2011
2011-05-03,6.35,6.4,6.47,6.55,6.61,6.67,6.71,6.72,6.72,6.67,6.55,,2011
2011-05-04,6.3,6.35,6.42,6.49,6.56,6.59,6.63,6.64,6.64,6.58,6.46,,2011
2011-05-05,6.31,6.36,6.42,6.49,6.55,6.6,6.63,6.64,6.63,6.59,6.47,,2011
2011-05-06,6.31,6.35,6.4,6.45,6.51,6.56,6.59,6.6,6.59,6.55,6.42,,2011
2011-05-09,6.24,6.28,6.34,6.4,6.46,6.51,6.55,6.57,6.56,6.52,6.4,,2011
2011-05-10,6.25,6.29,6.35,6.42,6.49,6.54,6.57,6.58,6.58,6.52,6.38,,2011
2011-05-11,6.23,6.27,6.33,6.4,6.46,6.51,6.54,6.55,6.55,6.5,6.35,,2011
2011-05-12,6.28,6.33,6.39,6.46,6.53,6.58,6.61,6.63,6.63,6.56,6.4,,2011
2011-05-13,6.29,6.34,6.41,6.48,6.55,6.6,6.63,6.65,6.64,6.58,6.42,,2011
2011-05-16,6.33,6.38,6.45,6.53,6.6,6.65,6.68,6.69,6.68,6.62,6.47,,2011
2011-05-17,6.39,6.43,6.51,6.58,6.65,6.7,6.73,6.74,6.74,6.67,6.52,,2011
2011-05-18,6.34,6.39,6.46,6.54,6.61,6.66,6.69,6.7,6.69,6.64,6.47,,2011
2011-05-19,6.3,6.35,6.41,6.48,6.55,6.6,6.63,6.64,6.63,6.57,6.41,,2011
2011-05-20,6.27,6.32,6.38,6.44,6.51,6.56,6.58,6.59,6.57,6.51,6.35,,2011
2011-05-23,6.39,6.44,6.52,6.6,6.66,6.71,6.75,6.76,6.75,6.68,6.51,,2011
2011-05-24,6.34,6.4,6.47,6.55,6.61,6.66,6.69,6.7,6.69,6.62,6.45,,2011
2011-05-25,6.35,6.4,6.47,6.54,6.61,6.66,6.69,6.7,6.69,6.63,6.45,,2011
2011-05-26,6.35,6.4,6.47,6.55,6.62,6.67,6.7,6.71,6.7,6.65,6.47,,2011
2011-05-27,6.39,6.45,6.53,6.61,6.68,6.73,6.77,6.78,6.77,6.71,6.54,,2011
2011-05-30,6.39,6.44,6.52,6.6,6.67,6.72,6.75,6.76,6.75,6.68,6.52,,2011
2011-05-31,6.34,6.39,6.47,6.55,6.62,6.67,6.69,6.7,6.69,6.63,6.46,,2011
2011-06-01,6.34,6.39,6.47,6.54,6.61,6.66,6.69,6.7,6.69,6.63,6.47,,2011
2011-06-02,6.33,6.39,6.45,6.53,6.59,6.64,6.68,6.7,6.7,6.64,6.47,,2011
2011-06-03,6.29,6.35,6.42,6.49,6.55,6.6,6.64,6.67,6.67,6.62,6.43,,2011
2011-06-06,6.29,6.35,6.42,6.49,6.56,6.61,6.65,6.67,6.67,6.61,6.43,,2011
2011-06-07,6.25,6.3,6.37,6.44,6.51,6.56,6.6,6.62,6.62,6.56,6.38,,2011
2011-06-08,6.26,6.31,6.38,6.45,6.52,6.57,6.61,6.63,6.63,6.57,6.39,,2011
2011-06-09,6.26,6.32,6.39,6.46,6.52,6.58,6.62,6.64,6.64,6.58,6.4,,2011
2011-06-10,6.25,6.3,6.37,6.44,6.51,6.56,6.6,6.62,6.62,6.56,6.39,,2011
2011-06-14,6.27,6.33,6.4,6.48,6.55,6.62,6.66,6.68,6.68,6.62,6.45,,2011
2011-06-15,6.17,6.23,6.32,6.4,6.48,6.55,6.6,6.63,6.63,6.57,6.39,,2011
2011-06-16,6.25,6.34,6.44,6.54,6.62,6.69,6.74,6.77,6.78,6.72,6.55,,2011
2011-06-17,6.27,6.37,6.47,6.57,6.67,6.75,6.81,6.84,6.84,6.8,6.63,,2011
2011-06-20,6.25,6.33,6.43,6.53,6.62,6.69,6.73,6.75,6.75,6.69,6.52,,2011
2011-06-21,6.21,6.3,6.4,6.49,6.58,6.66,6.71,6.73,6.73,6.68,6.5,,2011
2011-06-22,6.18,6.27,6.36,6.46,6.55,6.62,6.67,6.69,6.69,6.64,6.47,,2011
2011-06-23,6.23,6.32,6.42,6.53,6.62,6.7,6.75,6.77,6.78,6.73,6.56,,2011
2011-06-24,6.3,6.39,6.5,6.6,6.71,6.79,6.85,6.88,6.88,6.83,6.66,,2011
2011-06-27,6.32,6.41,6.52,6.63,6.73,6.82,6.87,6.9,6.9,6.86,6.69,,2011
2011-06-28,6.26,6.35,6.45,6.56,6.66,6.73,6.79,6.82,6.82,6.78,6.6,,2011
2011-06-29,6.23,6.31,6.4,6.49,6.59,6.66,6.72,6.74,6.74,6.69,6.52,,2011
2011-06-30,6.21,6.28,6.37,6.46,6.56,6.63,6.68,6.71,6.71,6.66,6.49,,2011
2011-07-01,6.2,6.27,6.36,6.46,6.55,6.62,6.68,6.71,6.71,6.65,6.49,,2011
2011-07-04,6.19,6.25,6.34,6.44,6.54,6.62,6.68,6.7,6.7,6.65,6.48,,2011
2011-07-05,6.18,6.25,6.34,6.44,6.54,6.62,6.67,6.7,6.7,6.64,6.48,,2011
2011-07-06,6.21,6.28,6.36,6.46,6.56,6.64,6.7,6.72,6.72,6.67,6.5,,2011
2011-07-07,6.2,6.26,6.34,6.44,6.54,6.62,6.68,6.71,6.71,6.66,6.49,,2011
2011-07-08,6.18,6.24,6.32,6.42,6.51,6.59,6.65,6.68,6.68,6.63,6.46,,2011
2011-07-11,6.25,6.31,6.4,6.5,6.6,6.68,6.74,6.77,6.77,6.71,6.55,,2011
2011-07-12,6.31,6.38,6.49,6.61,6.72,6.8,6.86,6.89,6.89,6.84,6.67,,2011
2011-07-13,6.22,6.3,6.4,6.51,6.61,6.69,6.74,6.77,6.78,6.73,6.56,,2011
2011-07-14,6.23,6.31,6.41,6.52,6.63,6.71,6.77,6.8,6.81,6.76,6.58,,2011
2011-07-15,6.23,6.3,6.41,6.53,6.64,6.73,6.79,6.82,6.83,6.79,6.62,,2011
2011-07-18,6.3,6.38,6.49,6.61,6.72,6.81,6.88,6.9,6.92,6.87,6.7,,2011
2011-07-19,6.28,6.36,6.46,6.58,6.69,6.77,6.84,6.88,6.89,6.83,6.66,,2011
2011-07-20,6.28,6.36,6.46,6.57,6.68,6.77,6.84,6.87,6.88,6.82,6.66,,2011
2011-07-21,6.25,6.32,6.42,6.53,6.63,6.72,6.78,6.81,6.81,6.76,6.6,,2011
2011-07-22,6.19,6.26,6.36,6.47,6.58,6.68,6.74,6.77,6.77,6.72,6.56,,2011
2011-07-25,6.26,6.34,6.43,6.54,6.65,6.75,6.81,6.84,6.84,6.79,6.63,,2011
2011-07-26,6.22,6.3,6.39,6.5,6.62,6.71,6.77,6.8,6.81,6.75,6.6,,2011
2011-07-27,6.25,6.33,6.44,6.56,6.68,6.77,6.84,6.86,6.86,6.82,6.66,,2011
2011-07-28,6.25,6.32,6.43,6.55,6.66,6.75,6.82,6.85,6.85,6.8,6.66,,2011
2011-07-29,6.27,6.35,6.48,6.61,6.73,6.83,6.89,6.93,6.93,6.89,6.74,,2011
2011-08-01,6.24,6.33,6.45,6.58,6.7,6.79,6.86,6.89,6.9,6.86,6.7,,2011
2011-08-02,6.3,6.39,6.51,6.63,6.75,6.84,6.91,6.94,6.94,6.9,6.75,,2011
2011-08-03,6.37,6.46,6.59,6.73,6.86,6.95,7.02,7.05,7.06,7.02,6.87,,2011
2011-08-04,6.33,6.44,6.55,6.68,6.8,6.9,6.97,7.0,7.0,6.96,6.81,,2011
2011-08-05,6.39,6.5,6.62,6.75,6.88,6.98,7.05,7.08,7.09,7.05,6.9,,2011
2011-08-08,6.37,6.48,6.61,6.73,6.85,6.94,7.01,7.05,7.06,7.02,6.88,,2011
2011-08-09,6.37,6.48,6.6,6.72,6.84,6.94,7.01,7.04,7.05,7.01,6.86,,2011
2011-08-10,6.3,6.4,6.53,6.66,6.8,6.9,6.97,7.0,7.0,6.97,6.83,,2011
2011-08-11,6.2,6.31,6.43,6.57,6.7,6.8,6.86,6.89,6.9,6.86,6.73,,2011
2011-08-12,6.12,6.22,6.35,6.48,6.61,6.71,6.78,6.81,6.82,6.78,6.66,,2011
2011-08-15,6.05,6.16,6.29,6.43,6.57,6.67,6.75,6.79,6.8,6.76,6.63,,2011
2011-08-16,5.91,6.0,6.14,6.29,6.42,6.53,6.62,6.67,6.69,6.65,6.52,,2011
2011-08-17,5.9,5.99,6.11,6.25,6.39,6.51,6.6,6.66,6.68,6.66,6.53,,2011
2011-08-18,5.83,5.87,5.99,6.14,6.28,6.4,6.48,6.54,6.56,6.55,6.41,,2011
2011-08-19,5.92,5.96,6.06,6.2,6.34,6.46,6.54,6.6,6.61,6.59,6.45,,2011
2011-08-22,5.84,5.89,5.99,6.13,6.26,6.37,6.46,6.51,6.53,6.51,6.37,,2011
2011-08-23,5.79,5.84,5.94,6.08,6.21,6.32,6.41,6.46,6.47,6.45,6.3,,2011
2011-08-24,5.86,5.9,5.99,6.12,6.24,6.35,6.43,6.48,6.5,6.47,6.32,,2011
2011-08-25,5.93,5.96,6.06,6.18,6.3,6.41,6.49,6.54,6.56,6.53,6.39,,2011
2011-08-26,6.03,6.07,6.17,6.29,6.41,6.52,6.61,6.66,6.68,6.65,6.5,,2011
2011-08-29,5.98,6.02,6.12,6.24,6.37,6.48,6.56,6.6,6.62,6.59,6.45,,2011
2011-08-30,5.9,5.93,6.03,6.15,6.28,6.39,6.47,6.52,6.53,6.5,6.35,,2011
2011-08-31,5.88,5.9,6.0,6.13,6.26,6.36,6.44,6.49,6.51,6.48,6.34,,2011
2011-09-01,5.91,5.93,6.02,6.15,6.27,6.38,6.46,6.5,6.51,6.48,6.33,,2011
2011-09-02,5.92,5.94,6.05,6.17,6.29,6.39,6.47,6.51,6.53,6.5,6.35,,2011
2011-09-05,5.92,5.94,6.04,6.15,6.27,6.36,6.42,6.46,6.48,6.46,6.34,,2011
2011-09-06,5.87,5.87,5.96,6.06,6.17,6.27,6.33,6.37,6.39,6.36,6.24,,2011
2011-09-07,5.7,5.71,5.76,5.83,5.93,6.02,6.1,6.15,6.16,6.14,6.02,,2011
2011-09-08,5.63,5.61,5.65,5.74,5.85,5.95,6.02,6.05,6.06,6.02,5.9,,2011
2011-09-09,5.71,5.69,5.74,5.83,5.92,6.01,6.08,6.11,6.12,6.07,5.91,,2011
2011-09-12,5.94,5.93,6.02,6.13,6.23,6.31,6.38,6.42,6.45,6.42,6.27,,2011
2011-09-13,5.94,5.95,6.02,6.12,6.22,6.31,6.38,6.42,6.44,6.41,6.25,,2011
2011-09-14,6.19,6.23,6.34,6.46,6.56,6.65,6.72,6.76,6.78,6.73,6.59,,2011
2011-09-15,6.16,6.2,6.31,6.42,6.54,6.64,6.71,6.76,6.79,6.76,6.59,,2011
2011-09-16,6.18,6.2,6.29,6.4,6.51,6.6,6.68,6.73,6.75,6.73,6.58,,2011
2011-09-19,6.23,6.26,6.35,6.46,6.58,6.67,6.74,6.79,6.8,6.77,6.6,,2011
2011-09-20,6.34,6.37,6.46,6.57,6.68,6.79,6.86,6.91,6.93,6.88,6.73,,2011
2011-09-21,6.32,6.34,6.44,6.55,6.66,6.76,6.84,6.89,6.92,6.87,6.74,,2011
2011-09-22,6.5,6.54,6.63,6.74,6.86,6.95,7.03,7.08,7.1,7.07,6.94,,2011
2011-09-23,6.55,6.58,6.69,6.81,6.93,7.03,7.1,7.16,7.17,7.15,7.03,,2011
2011-09-26,6.64,6.67,6.77,6.89,7.01,7.11,7.19,7.24,7.25,7.22,7.1,,2011
2011-09-27,6.52,6.54,6.63,6.75,6.86,6.97,7.03,7.08,7.11,7.08,6.93,,2011
2011-09-28,6.47,6.49,6.57,6.69,6.81,6.91,6.98,7.03,7.05,7.02,6.88,,2011
2011-09-29,6.55,6.57,6.66,6.78,6.9,7.0,7.08,7.13,7.15,7.12,6.98,,2011
2011-09-30,6.75,6.77,6.87,7.0,7.13,7.23,7.3,7.35,7.37,7.35,7.21,,2011
2011-10-03,6.8,6.83,6.93,7.07,7.2,7.3,7.38,7.43,7.45,7.42,7.28,,2011
2011-10-04,7.04,7.08,7.18,7.3,7.43,7.53,7.61,7.66,7.68,7.64,7.49,,2011
2011-10-05,6.91,6.91,7.0,7.11,7.23,7.32,7.4,7.44,7.46,7.42,7.27,,2011
2011-10-06,6.65,6.65,6.72,6.83,6.95,7.04,7.11,7.15,7.17,7.14,6.97,,2011
2011-10-07,6.6,6.6,6.67,6.78,6.9,6.99,7.06,7.1,7.11,7.07,6.92,,2011
2011-10-10,6.55,6.55,6.63,6.73,6.84,6.93,7.0,7.04,7.05,7.03,6.88,,2011
2011-10-11,6.47,6.47,6.54,6.65,6.76,6.85,6.91,6.96,6.98,6.95,6.8,,2011
2011-10-12,6.48,6.48,6.55,6.66,6.77,6.86,6.93,6.97,6.99,6.97,6.82,,2011
2011-10-13,6.38,6.38,6.47,6.58,6.69,6.78,6.85,6.9,6.91,6.89,6.74,,2011
2011-10-14,6.48,6.47,6.55,6.66,6.77,6.86,6.93,6.98,7.0,6.98,6.82,,2011
2011-10-17,6.41,6.4,6.48,6.59,6.71,6.8,6.88,6.93,6.94,6.91,6.76,,2011
2011-10-18,6.56,6.55,6.64,6.75,6.87,6.96,7.04,7.09,7.11,7.07,6.91,,2011
2011-10-19,6.51,6.51,6.59,6.71,6.82,6.92,6.99,7.04,7.06,7.03,6.87,,2011
2011-10-20,6.69,6.68,6.76,6.87,6.98,7.07,7.14,7.19,7.22,7.18,7.02,,2011
2011-10-21,6.71,6.7,6.77,6.88,6.99,7.09,7.16,7.21,7.23,7.21,7.05,,2011
2011-10-24,6.63,6.62,6.69,6.8,6.92,7.01,7.09,7.14,7.16,7.13,6.97,,2011
2011-10-25,6.6,6.59,6.67,6.77,6.89,6.98,7.06,7.11,7.13,7.11,6.95,,2011
2011-10-26,6.58,6.57,6.63,6.75,6.85,6.95,7.02,7.08,7.1,7.08,6.92,,2011
2011-10-27,6.64,6.62,6.69,6.79,6.9,7.0,7.07,7.12,7.15,7.12,6.97,,2011
2011-10-28,6.62,6.6,6.67,6.77,6.88,6.97,7.04,7.09,7.11,7.08,6.93,,2011
2011-11-02,6.9,6.86,6.88,6.95,7.04,7.11,7.16,7.19,7.19,7.14,6.99,,2011
2011-11-03,6.95,6.89,6.92,7.0,7.08,7.15,7.2,7.23,7.23,7.19,7.02,,2011
2011-11-04,6.79,6.73,6.75,6.82,6.9,6.97,7.02,7.04,7.04,7.0,6.81,,2011
2011-11-05,6.76,6.69,6.73,6.81,6.88,6.94,6.99,7.02,7.03,6.98,6.79,,2011
2011-11-07,6.79,6.72,6.76,6.84,6.91,6.98,7.03,7.05,7.06,7.01,6.83,,2011
2011-11-08,6.77,6.7,6.74,6.82,6.9,6.97,7.02,7.05,7.06,7.0,6.83,,2011
2011-11-09,6.86,6.82,6.83,6.91,6.98,7.06,7.11,7.13,7.13,7.08,6.92,,2011
2011-11-10,6.89,6.84,6.85,6.92,6.98,7.05,7.1,7.13,7.14,7.09,6.91,,2011
2011-11-11,7.03,6.96,6.95,7.0,7.06,7.11,7.15,7.16,7.16,7.12,6.93,,2011
2011-11-14,7.16,7.1,7.09,7.13,7.18,7.23,7.26,7.28,7.27,7.22,7.04,,2011
2011-11-15,7.28,7.21,7.18,7.21,7.25,7.29,7.32,7.33,7.33,7.29,7.11,,2011
2011-11-16,7.26,7.2,7.19,7.22,7.25,7.29,7.31,7.32,7.32,7.29,7.1,,2011
2011-11-17,7.31,7.25,7.25,7.28,7.32,7.35,7.37,7.39,7.38,7.34,7.15,,2011
2011-11-18,6.98,6.96,7.0,7.05,7.11,7.15,7.19,7.21,7.22,7.17,7.0,,2011
2011-11-21,6.94,6.91,6.93,6.97,7.04,7.1,7.14,7.18,7.19,7.14,6.93,,2011
2011-11-22,6.95,6.9,6.93,7.0,7.07,7.14,7.19,7.22,7.24,7.19,6.99,,2011
2011-11-23,7.03,6.99,7.02,7.08,7.15,7.22,7.27,7.3,7.32,7.27,7.07,,2011
2011-11-24,7.16,7.12,7.14,7.2,7.27,7.32,7.37,7.4,7.41,7.37,7.18,,2011
2011-11-25,7.6,7.53,7.49,7.5,7.53,7.57,7.6,7.61,7.6,7.57,7.44,,2011
2011-11-28,7.48,7.41,7.37,7.38,7.41,7.43,7.45,7.46,7.45,7.41,7.29,,2011
2011-11-29,7.61,7.55,7.52,7.55,7.59,7.62,7.63,7.63,7.62,7.57,7.46,,2011
2011-11-30,7.67,7.58,7.56,7.58,7.62,7.65,7.66,7.66,7.64,7.58,7.47,,2011
2011-12-01,7.47,7.36,7.33,7.36,7.4,7.43,7.46,7.47,7.46,7.4,7.23,,2011
2011-12-02,7.39,7.29,7.28,7.3,7.34,7.37,7.4,7.42,7.41,7.34,7.18,,2011
2011-12-05,7.29,7.21,7.18,7.22,7.26,7.3,7.34,7.34,7.33,7.25,7.09,,2011
2011-12-06,7.15,7.07,7.05,7.07,7.12,7.17,7.2,7.21,7.2,7.12,6.95,,2011
2011-12-07,7.13,7.04,7.01,7.04,7.1,7.15,7.19,7.21,7.2,7.11,6.96,,2011
2011-12-08,7.24,7.15,7.12,7.16,7.21,7.26,7.3,7.31,7.31,7.23,7.06,,2011
2011-12-09,7.48,7.36,7.32,7.35,7.4,7.45,7.5,7.52,7.51,7.43,7.26,,2011
2011-12-12,7.37,7.24,7.21,7.24,7.29,7.33,7.37,7.39,7.39,7.32,7.12,,2011
2011-12-13,7.4,7.28,7.25,7.28,7.33,7.37,7.41,7.43,7.43,7.36,7.16,,2011
2011-12-14,7.4,7.28,7.25,7.28,7.33,7.37,7.41,7.43,7.43,7.36,7.16,,2011
2011-12-15,7.39,7.27,7.23,7.27,7.32,7.37,7.41,7.44,7.43,7.34,7.2,,2011
2011-12-16,7.36,7.25,7.22,7.25,7.31,7.36,7.4,7.42,7.41,7.32,7.18,,2011
2011-12-19,7.43,7.32,7.27,7.3,7.34,7.39,7.43,7.46,7.46,7.35,7.22,,2011
2011-12-20,7.44,7.33,7.32,7.34,7.38,7.43,7.47,7.49,7.49,7.42,7.23,,2011
2011-12-21,7.36,7.26,7.24,7.25,7.3,7.35,7.39,7.42,7.41,7.34,7.15,,2011
2011-12-22,7.5,7.38,7.35,7.39,7.45,7.5,7.54,7.55,7.55,7.47,7.27,,2011
2011-12-23,7.48,7.37,7.35,7.38,7.43,7.48,7.52,7.54,7.53,7.45,7.25,,2011
2011-12-27,7.47,7.35,7.33,7.36,7.41,7.47,7.5,7.52,7.51,7.44,7.25,,2011
2011-12-28,7.47,7.35,7.33,7.35,7.4,7.46,7.5,7.51,7.51,7.43,7.25,,2011
2011-12-29,7.63,7.51,7.49,7.51,7.57,7.62,7.66,7.68,7.67,7.59,7.4,,2011
2011-12-30,7.75,7.62,7.6,7.63,7.68,7.74,7.78,7.79,7.79,7.71,7.51,,2011
2012-01-02,7.79,7.66,7.65,7.67,7.72,7.77,7.81,7.83,7.82,7.74,7.58,,2012
2012-01-03,7.98,7.84,7.8,7.83,7.87,7.92,7.95,7.97,7.97,7.89,7.7,,2012
2012-01-04,8.28,8.05,7.97,7.98,8.02,8.05,8.05,8.03,8.01,7.95,7.86,,2012
2012-01-05,8.67,8.38,8.25,8.2,8.2,8.21,8.2,8.18,8.15,8.08,7.97,,2012
2012-01-06,8.18,7.93,7.83,7.8,7.81,7.81,7.81,7.79,7.77,7.71,7.62,,2012
2012-01-09,8.15,7.88,7.8,7.78,7.79,7.8,7.81,7.8,7.79,7.71,7.57,,2012
2012-01-10,8.26,7.99,7.9,7.88,7.88,7.88,7.89,7.89,7.87,7.8,7.66,,2012
2012-01-11,8.03,7.8,7.72,7.71,7.72,7.74,7.75,7.75,7.74,7.67,7.47,,2012
2012-01-12,8.03,7.79,7.72,7.71,7.72,7.74,7.76,7.76,7.74,7.67,7.48,,2012
2012-01-13,8.1,7.85,7.79,7.78,7.79,7.81,7.81,7.81,7.8,7.72,7.53,,2012
2012-01-16,8.17,7.94,7.86,7.86,7.89,7.91,7.92,7.92,7.91,7.81,7.62,,2012
2012-01-17,8.23,8.01,7.94,7.93,7.96,7.99,8.01,8.01,8.0,7.88,7.69,,2012
2012-01-18,8.04,7.82,7.74,7.73,7.76,7.79,7.81,7.8,7.77,7.68,7.49,,2012
2012-01-19,7.91,7.69,7.62,7.61,7.64,7.66,7.68,7.68,7.65,7.57,7.39,,2012
2012-01-20,7.97,7.75,7.68,7.69,7.73,7.76,7.77,7.77,7.74,7.64,7.46,,2012
2012-01-23,7.95,7.73,7.66,7.67,7.7,7.73,7.75,7.74,7.72,7.63,7.45,,2012
2012-01-24,7.87,7.67,7.61,7.62,7.66,7.69,7.71,7.7,7.67,7.58,7.4,,2012
2012-01-25,7.6,7.42,7.36,7.38,7.42,7.47,7.5,7.5,7.48,7.39,7.2,,2012
2012-01-26,7.56,7.38,7.35,7.38,7.43,7.47,7.49,7.5,7.48,7.39,7.2,,2012
2012-01-27,7.66,7.48,7.45,7.48,7.53,7.57,7.59,7.59,7.58,7.49,7.3,,2012
2012-01-30,7.7,7.52,7.49,7.52,7.57,7.61,7.63,7.64,7.62,7.54,7.35,,2012
2012-01-31,7.69,7.53,7.49,7.52,7.57,7.61,7.63,7.64,7.62,7.54,7.36,,2012
2012-02-01,7.71,7.56,7.52,7.55,7.59,7.63,7.65,7.66,7.64,7.56,7.37,,2012
2012-02-02,7.65,7.49,7.46,7.49,7.53,7.57,7.59,7.6,7.59,7.5,7.31,,2012
2012-02-03,7.58,7.41,7.38,7.4,7.44,7.48,7.5,7.51,7.5,7.42,7.23,,2012
2012-02-06,7.62,7.44,7.39,7.4,7.43,7.47,7.49,7.5,7.5,7.44,7.25,,2012
2012-02-07,7.56,7.37,7.32,7.33,7.37,7.4,7.44,7.44,7.43,7.37,7.19,,2012
2012-02-08,7.39,7.2,7.15,7.17,7.21,7.26,7.29,7.31,7.31,7.25,7.07,,2012
2012-02-09,7.44,7.24,7.19,7.2,7.24,7.29,7.32,7.34,7.34,7.28,7.11,,2012
2012-02-10,7.48,7.29,7.22,7.23,7.27,7.31,7.34,7.35,7.34,7.28,7.11,,2012
2012-02-13,7.45,7.24,7.17,7.18,7.21,7.24,7.27,7.27,7.26,7.2,7.04,,2012
2012-02-14,7.53,7.32,7.23,7.24,7.27,7.31,7.34,7.34,7.34,7.27,7.11,,2012
2012-02-15,7.41,7.19,7.09,7.09,7.12,7.16,7.19,7.2,7.2,7.13,6.97,,2012
2012-02-16,7.42,7.2,7.09,7.09,7.12,7.16,7.19,7.21,7.2,7.15,7.0,,2012
2012-02-17,7.29,7.06,6.97,6.96,6.99,7.03,7.07,7.08,7.08,7.03,6.86,,2012
2012-02-20,7.21,6.99,6.92,6.93,6.96,7.0,7.04,7.06,7.07,7.01,6.85,,2012
2012-02-21,7.14,6.93,6.85,6.85,6.89,6.94,6.98,7.0,7.01,6.95,6.79,,2012
2012-02-22,7.21,7.01,6.93,6.94,6.97,7.02,7.05,7.08,7.08,7.03,6.87,,2012
2012-02-23,7.25,7.04,6.96,6.97,7.0,7.05,7.08,7.11,7.1,7.05,6.89,,2012
2012-02-24,7.32,7.1,7.01,7.02,7.06,7.1,7.13,7.16,7.16,7.11,6.95,,2012
2012-02-27,7.44,7.21,7.12,7.12,7.16,7.2,7.24,7.26,7.27,7.22,7.07,,2012
2012-02-28,7.35,7.13,7.04,7.04,7.07,7.11,7.15,7.17,7.17,7.13,6.98,,2012
2012-02-29,7.2,6.99,6.94,6.95,6.99,7.03,7.08,7.1,7.11,7.07,6.9,,2012
2012-03-01,7.06,6.85,6.8,6.83,6.9,6.97,7.02,7.06,7.07,7.02,6.84,,2012
2012-03-02,7.04,6.85,6.8,6.84,6.9,6.97,7.03,7.07,7.07,7.03,6.84,,2012
2012-03-05,7.16,6.97,6.93,6.97,7.04,7.01,7.15,7.18,7.18,7.13,6.95,,2012
2012-03-06,7.25,7.06,7.01,7.04,7.11,7.18,7.23,7.26,7.27,7.22,7.05,,2012
2012-03-07,7.26,7.06,7.02,7.06,7.13,7.19,7.24,7.27,7.28,7.23,7.05,,2012
2012-03-08,7.25,7.05,7.0,7.03,7.1,7.16,7.21,7.24,7.24,7.2,7.03,,2012
2012-03-09,7.2,6.99,6.95,6.98,7.05,7.12,7.17,7.2,7.21,7.16,6.97,,2012
2012-03-12,7.19,6.98,6.95,6.97,7.03,7.1,7.16,7.2,7.21,7.17,6.97,,2012
2012-03-13,7.24,7.04,6.98,7.0,7.05,7.11,7.16,7.18,7.19,7.14,6.96,,2012
2012-03-14,7.16,6.96,6.9,6.92,6.98,7.05,7.1,7.14,7.15,7.1,6.92,,2012
2012-03-19,7.21,6.98,6.93,6.96,7.03,7.1,7.17,7.2,7.22,7.17,6.98,,2012
2012-03-20,7.18,6.96,6.91,6.95,7.02,7.09,7.15,7.19,7.2,7.15,6.96,,2012
2012-03-21,7.18,6.97,6.93,6.96,7.03,7.11,7.17,7.21,7.22,7.18,6.98,,2012
2012-03-22,7.32,7.12,7.07,7.11,7.19,7.26,7.32,7.36,7.37,7.32,7.12,,2012
2012-03-23,7.2,7.0,6.96,7.0,7.07,7.14,7.2,7.23,7.24,7.2,6.99,,2012
2012-03-24,7.23,7.03,6.99,7.03,7.1,7.17,7.23,7.27,7.28,7.23,7.03,,2012
2012-03-26,7.25,7.05,7.01,7.05,7.12,7.19,7.25,7.29,7.3,7.25,7.05,,2012
2012-03-27,7.23,7.03,6.98,7.01,7.08,7.16,7.22,7.25,7.26,7.22,7.0,,2012
2012-03-28,7.24,7.04,6.98,7.0,7.08,7.16,7.22,7.26,7.27,7.22,7.0,,2012
2012-03-29,7.26,7.06,6.99,7.02,7.09,7.17,7.23,7.27,7.28,7.23,7.02,,2012
2012-03-30,7.38,7.17,7.11,7.13,7.19,7.27,7.34,7.38,7.39,7.33,7.12,,2012
2012-04-02,7.3,7.1,7.03,7.05,7.12,7.2,7.26,7.3,7.32,7.26,7.05,,2012
2012-04-03,7.31,7.11,7.03,7.05,7.12,7.19,7.25,7.29,7.3,7.24,7.03,,2012
2012-04-04,7.27,7.08,7.02,7.04,7.1,7.18,7.24,7.28,7.3,7.26,7.04,,2012
2012-04-05,7.32,7.11,7.06,7.09,7.15,7.22,7.29,7.33,7.35,7.3,7.08,,2012
2012-04-06,7.35,7.14,7.08,7.11,7.17,7.24,7.3,7.35,7.37,7.32,7.1,,2012
2012-04-10,7.37,7.16,7.1,7.13,7.19,7.25,7.32,7.37,7.39,7.33,7.11,,2012
2012-04-11,7.49,7.28,7.22,7.26,7.34,7.43,7.49,7.53,7.54,7.48,7.26,,2012
2012-04-12,7.45,7.24,7.19,7.23,7.3,7.39,7.45,7.49,7.5,7.45,7.22,,2012
2012-04-13,7.46,7.24,7.19,7.23,7.31,7.4,7.46,7.5,7.51,7.46,7.22,,2012
2012-04-16,7.56,7.36,7.27,7.31,7.39,7.47,7.53,7.58,7.58,7.53,7.3,,2012
2012-04-17,7.49,7.28,7.2,7.24,7.32,7.4,7.47,7.51,7.52,7.46,7.23,,2012
2012-04-18,7.44,7.24,7.16,7.19,7.25,7.32,7.37,7.41,7.42,7.37,7.14,,2012
2012-04-19,7.46,7.25,7.17,7.21,7.27,7.34,7.39,7.43,7.44,7.38,7.16,,2012
2012-04-20,7.44,7.23,7.15,7.19,7.25,7.32,7.37,7.41,7.42,7.36,7.11,,2012
2012-04-21,7.44,7.24,7.16,7.2,7.26,7.33,7.38,7.41,7.43,7.37,7.12,,2012
2012-04-23,7.47,7.27,7.19,7.23,7.29,7.36,7.41,7.44,7.45,7.4,7.17,,2012
2012-04-24,7.52,7.31,7.23,7.27,7.33,7.4,7.45,7.49,7.5,7.44,7.19,,2012
2012-04-25,7.23,7.03,6.95,6.99,7.05,7.12,7.17,7.21,7.22,7.16,6.91,,2012
2012-04-26,6.94,6.75,6.71,6.77,6.84,6.92,6.97,7.01,7.03,6.96,6.74,,2012
2012-04-27,7.0,6.83,6.81,6.85,6.94,7.03,7.1,7.15,7.16,7.1,6.85,,2012
2012-05-02,6.83,6.66,6.64,6.69,6.77,6.87,6.95,6.99,7.0,6.93,6.7,,2012
2012-05-03,6.82,6.66,6.62,6.67,6.76,6.84,6.92,6.95,6.96,6.89,6.65,,2012
2012-05-04,6.87,6.7,6.66,6.72,6.81,6.9,6.97,7.01,7.01,6.94,6.7,,2012
2012-05-07,6.88,6.71,6.67,6.72,6.81,6.9,6.98,7.02,7.02,6.94,6.7,,2012
2012-05-08,6.88,6.71,6.67,6.72,6.81,6.89,6.97,7.0,7.01,6.94,6.72,,2012
2012-05-09,6.95,6.76,6.72,6.76,6.85,6.95,7.02,7.06,7.07,7.0,6.76,,2012
2012-05-10,6.92,6.73,6.69,6.73,6.82,6.92,6.99,7.03,7.04,6.97,6.73,,2012
2012-05-11,6.95,6.75,6.71,6.75,6.85,6.95,7.02,7.06,7.06,6.99,6.75,,2012
2012-05-14,6.99,6.8,6.75,6.79,6.88,6.97,7.04,7.08,7.09,7.02,6.78,,2012
2012-05-15,6.91,6.73,6.69,6.72,6.81,6.89,6.96,7.01,7.02,6.94,6.72,,2012
2012-05-16,7.1,6.92,6.85,6.87,6.94,7.02,7.1,7.15,7.16,7.09,6.86,,2012
2012-05-17,7.07,6.88,6.82,6.83,6.89,6.98,7.06,7.11,7.12,7.03,6.8,,2012
2012-05-18,7.23,7.01,6.92,6.94,7.0,7.08,7.16,7.21,7.22,7.13,6.9,,2012
2012-05-21,7.1,6.93,6.81,6.82,6.88,6.96,7.04,7.09,7.1,7.01,6.8,,2012
2012-05-22,7.04,6.86,6.78,6.79,6.86,6.94,7.0,7.05,7.05,6.98,6.76,,2012
2012-05-23,7.25,7.06,6.94,6.96,7.04,7.11,7.17,7.19,7.19,7.11,6.9,,2012
2012-05-24,7.31,7.11,6.98,6.96,7.03,7.1,7.16,7.2,7.2,7.13,6.9,,2012
2012-05-25,7.23,7.03,6.89,6.89,6.95,7.0,7.04,7.06,7.05,6.98,6.76,,2012
2012-05-29,7.22,7.04,6.89,6.87,6.93,6.98,7.03,7.06,7.06,6.98,6.75,,2012
2012-05-30,7.25,7.07,6.92,6.91,6.96,7.01,7.06,7.09,7.09,7.0,6.77,,2012
2012-05-31,7.34,7.16,7.0,6.99,7.04,7.1,7.15,7.18,7.17,7.09,6.86,,2012
2012-06-01,7.41,7.21,7.09,7.05,7.1,7.16,7.21,7.24,7.24,7.16,6.95,,2012
2012-06-04,7.47,7.26,7.12,7.06,7.09,7.15,7.21,7.24,7.23,7.16,6.96,,2012
2012-06-05,7.38,7.17,7.03,6.98,7.01,7.07,7.12,7.15,7.15,7.08,6.88,,2012
2012-06-06,7.29,7.11,7.0,6.94,6.97,7.04,7.09,7.11,7.11,7.04,6.82,,2012
2012-06-07,7.23,7.05,6.96,6.9,6.94,7.01,7.07,7.1,7.11,7.05,6.8,,2012
2012-06-08,7.33,7.15,7.05,6.99,7.03,7.09,7.14,7.18,7.19,7.13,6.87,,2012
2012-06-11,7.18,6.99,6.91,6.88,6.91,6.97,7.03,7.07,7.07,7.0,6.75,,2012
2012-06-12,7.15,6.96,6.88,6.84,6.89,6.95,7.0,7.04,7.05,6.98,6.72,,2012
2012-06-13,7.16,6.97,6.87,6.85,6.88,6.94,7.0,7.05,7.06,6.98,6.73,,2012
2012-06-14,7.16,6.97,6.86,6.84,6.87,6.93,6.99,7.04,7.06,6.97,6.72,,2012
2012-06-15,7.14,6.95,6.84,6.82,6.85,6.91,6.97,7.02,7.04,6.95,6.7,,2012
2012-06-18,6.98,6.79,6.68,6.66,6.69,6.75,6.81,6.86,6.88,6.79,6.52,,2012
2012-06-19,6.84,6.67,6.58,6.57,6.61,6.68,6.73,6.77,6.78,6.7,6.45,,2012
2012-06-20,6.79,6.63,6.55,6.55,6.59,6.66,6.71,6.75,6.76,6.66,6.4,,2012
2012-06-21,6.73,6.57,6.48,6.48,6.53,6.6,6.66,6.7,6.7,6.61,6.36,,2012
2012-06-22,6.79,6.63,6.54,6.54,6.59,6.65,6.71,6.75,6.74,6.66,6.44,,2012
2012-06-25,6.82,6.64,6.55,6.54,6.6,6.67,6.73,6.77,6.77,6.69,6.44,,2012
2012-06-26,6.76,6.58,6.5,6.49,6.54,6.62,6.68,6.71,6.72,6.63,6.39,,2012
2012-06-27,6.77,6.59,6.51,6.5,6.55,6.63,6.69,6.73,6.73,6.64,6.4,,2012
2012-06-28,6.75,6.57,6.49,6.48,6.53,6.6,6.66,6.68,6.68,6.6,6.37,,2012
2012-06-29,6.73,6.55,6.47,6.46,6.51,6.58,6.63,6.65,6.65,6.59,6.34,,2012
2012-07-02,6.76,6.58,6.5,6.5,6.54,6.6,6.65,6.68,6.68,6.61,6.36,,2012
2012-07-03,6.82,6.64,6.56,6.55,6.6,6.66,6.71,6.74,6.74,6.66,6.41,,2012
2012-07-04,6.82,6.64,6.56,6.55,6.6,6.67,6.72,6.75,6.74,6.67,6.42,,2012
2012-07-05,6.87,6.69,6.61,6.6,6.65,6.71,6.76,6.79,6.79,6.72,6.47,,2012
2012-07-06,6.89,6.7,6.6,6.6,6.66,6.72,6.76,6.78,6.77,6.68,6.45,,2012
2012-07-09,6.93,6.74,6.65,6.64,6.68,6.74,6.79,6.81,6.8,6.72,6.49,,2012
2012-07-10,6.91,6.71,6.62,6.61,6.66,6.72,6.77,6.78,6.78,6.71,6.5,,2012
2012-07-11,6.92,6.73,6.63,6.62,6.67,6.73,6.78,6.8,6.79,6.7,6.49,,2012
2012-07-12,6.84,6.68,6.58,6.58,6.63,6.69,6.74,6.77,6.78,6.7,6.45,,2012
2012-07-13,6.82,6.66,6.55,6.55,6.61,6.7,6.77,6.79,6.78,6.69,6.45,,2012
2012-07-16,6.71,6.55,6.45,6.45,6.51,6.6,6.66,6.69,6.68,6.59,6.36,,2012
2012-07-17,6.65,6.49,6.39,6.38,6.45,6.53,6.6,6.62,6.62,6.53,6.28,,2012
2012-07-18,6.68,6.51,6.42,6.42,6.48,6.56,6.63,6.65,6.65,6.56,6.31,,2012
2012-07-19,6.57,6.44,6.34,6.34,6.42,6.5,6.56,6.6,6.61,6.51,6.25,,2012
2012-07-20,6.6,6.47,6.37,6.37,6.45,6.54,6.6,6.64,6.64,6.53,6.27,,2012
2012-07-23,6.72,6.59,6.49,6.49,6.57,6.65,6.71,6.75,6.75,6.65,6.39,,2012
2012-07-24,6.63,6.5,6.4,6.4,6.47,6.56,6.62,6.66,6.67,6.56,6.31,,2012
2012-07-25,6.84,6.68,6.61,6.6,6.68,6.76,6.83,6.87,6.87,6.78,6.52,,2012
2012-07-26,6.85,6.69,6.62,6.62,6.69,6.78,6.85,6.89,6.89,6.81,6.55,,2012
2012-07-27,6.75,6.59,6.52,6.52,6.59,6.67,6.74,6.78,6.79,6.71,6.45,,2012
2012-07-30,6.67,6.51,6.44,6.43,6.52,6.61,6.67,6.71,6.72,6.63,6.36,,2012
2012-07-31,6.62,6.47,6.4,6.41,6.48,6.57,6.64,6.68,6.68,6.6,6.34,,2012
2012-08-01,6.62,6.47,6.39,6.41,6.49,6.57,6.64,6.68,6.69,6.62,6.34,,2012
2012-08-02,6.6,6.44,6.37,6.39,6.47,6.55,6.62,6.66,6.67,6.6,6.33,,2012
2012-08-03,6.62,6.45,6.39,6.41,6.48,6.57,6.64,6.68,6.69,6.61,6.34,,2012
2012-08-06,6.46,6.3,6.24,6.25,6.33,6.41,6.48,6.53,6.54,6.46,6.19,,2012
2012-08-07,6.46,6.29,6.23,6.25,6.33,6.42,6.49,6.53,6.54,6.46,6.19,,2012
2012-08-08,6.54,6.39,6.33,6.35,6.43,6.51,6.58,6.62,6.64,6.59,6.37,,2012
2012-08-09,6.49,6.34,6.28,6.3,6.38,6.47,6.53,6.58,6.59,6.54,6.33,,2012
2012-08-10,6.53,6.37,6.31,6.33,6.41,6.49,6.56,6.61,6.62,6.57,6.37,,2012
2012-08-13,6.49,6.33,6.27,6.29,6.37,6.45,6.52,6.57,6.58,6.53,6.32,,2012
2012-08-14,6.59,6.43,6.37,6.39,6.47,6.55,6.62,6.67,6.68,6.63,6.42,,2012
2012-08-15,6.6,6.44,6.38,6.4,6.47,6.55,6.62,6.67,6.68,6.64,6.43,,2012
2012-08-16,6.61,6.45,6.39,6.4,6.48,6.57,6.65,6.68,6.7,6.65,6.44,,2012
2012-08-17,6.57,6.41,6.35,6.36,6.43,6.52,6.59,6.64,6.66,6.6,6.42,,2012
2012-08-21,6.49,6.33,6.27,6.28,6.36,6.45,6.53,6.57,6.59,6.53,6.31,,2012
2012-08-22,6.46,6.31,6.24,6.25,6.33,6.43,6.5,6.55,6.56,6.5,6.29,,2012
2012-08-23,6.41,6.26,6.2,6.2,6.28,6.37,6.44,6.49,6.51,6.46,6.24,,2012
2012-08-24,6.47,6.32,6.24,6.25,6.34,6.43,6.51,6.55,6.57,6.51,6.29,,2012
2012-08-27,6.49,6.33,6.26,6.27,6.36,6.45,6.52,6.57,6.59,6.53,6.31,,2012
2012-08-28,6.48,6.33,6.25,6.26,6.35,6.44,6.52,6.56,6.58,6.52,6.31,,2012
2012-08-29,6.4,6.27,6.19,6.22,6.29,6.38,6.46,6.5,6.52,6.46,6.25,,2012
2012-08-30,6.35,6.22,6.18,6.22,6.29,6.37,6.44,6.49,6.52,6.48,6.26,,2012
2012-08-31,6.34,6.2,6.16,6.19,6.27,6.35,6.43,6.48,6.51,6.46,6.25,,2012
2012-09-03,6.33,6.19,6.15,6.18,6.26,6.34,6.42,6.47,6.5,6.45,6.25,,2012
2012-09-04,6.31,6.18,6.14,6.17,6.25,6.33,6.41,6.46,6.49,6.44,6.24,,2012
2012-09-05,6.34,6.2,6.17,6.21,6.29,6.38,6.45,6.5,6.52,6.47,6.26,,2012
2012-09-06,6.35,6.21,6.17,6.19,6.27,6.37,6.44,6.49,6.51,6.47,6.27,,2012
2012-09-07,6.43,6.28,6.23,6.24,6.32,6.41,6.49,6.54,6.57,6.54,6.32,,2012
2012-09-10,6.36,6.21,6.16,6.18,6.25,6.33,6.4,6.45,6.47,6.46,6.25,,2012
2012-09-11,6.34,6.19,6.14,6.16,6.23,6.31,6.38,6.43,6.46,6.44,6.23,,2012
2012-09-12,6.3,6.15,6.1,6.11,6.18,6.27,6.36,6.42,6.45,6.42,6.2,,2012
2012-09-13,6.321,6.17,6.12,6.14,6.2,6.29,6.37,6.43,6.47,6.43,6.21,,2012
2012-09-14,6.27,6.12,6.07,6.1,6.17,6.26,6.34,6.41,6.44,6.39,6.18,,2012
2012-09-17,6.32,6.17,6.12,6.14,6.22,6.31,6.4,6.47,6.5,6.44,6.22,,2012
2012-09-18,6.37,6.22,6.17,6.2,6.28,6.37,6.46,6.52,6.56,6.5,6.27,,2012
2012-09-19,6.33,6.18,6.13,6.15,6.23,6.32,6.41,6.48,6.51,6.45,6.22,,2012
2012-09-20,6.32,6.16,6.12,6.15,6.23,6.33,6.42,6.49,6.52,6.46,6.23,,2012
2012-09-21,6.24,6.09,6.06,6.1,6.19,6.29,6.38,6.44,6.47,6.42,6.23,,2012
2012-09-24,6.25,6.11,6.07,6.11,6.19,6.29,6.38,6.45,6.48,6.42,6.21,,2012
2012-09-25,6.19,6.06,6.02,6.05,6.14,6.23,6.32,6.39,6.42,6.37,6.15,,2012
2012-09-26,6.22,6.11,6.08,6.12,6.21,6.32,6.41,6.48,6.5,6.43,6.21,,2012
2012-09-27,6.23,6.14,6.12,6.16,6.26,6.37,6.46,6.53,6.56,6.49,6.27,,2012
2012-09-28,6.15,6.05,6.05,6.09,6.19,6.3,6.4,6.48,6.5,6.43,6.21,,2012
2012-10-01,6.18,6.08,6.07,6.11,6.21,6.33,6.43,6.51,6.53,6.45,6.19,,2012
2012-10-02,6.15,6.06,6.05,6.09,6.19,6.3,6.4,6.48,6.5,6.43,6.19,,2012
2012-10-03,6.15,6.05,6.04,6.08,6.18,6.29,6.39,6.47,6.5,6.42,6.18,,2012
2012-10-04,6.14,6.05,6.04,6.07,6.17,6.29,6.39,6.47,6.49,6.42,6.18,,2012
2012-10-05,6.04,5.94,5.93,5.98,6.07,6.18,6.29,6.37,6.39,6.32,6.09,,2012
2012-10-08,6.0,5.91,5.92,5.99,6.09,6.2,6.3,6.38,6.42,6.33,6.08,,2012
2012-10-09,6.0,5.91,5.93,6.01,6.11,6.23,6.33,6.41,6.45,6.35,6.1,,2012
2012-10-10,5.96,5.91,5.91,5.97,6.08,6.2,6.31,6.39,6.41,6.34,6.07,,2012
2012-10-11,5.96,5.91,5.91,5.98,6.09,6.2,6.31,6.39,6.42,6.34,6.07,,2012
2012-10-12,5.89,5.84,5.84,5.9,6.01,6.12,6.23,6.3,6.34,6.26,5.99,,2012
2012-10-15,5.85,5.8,5.8,5.85,5.95,6.06,6.15,6.21,6.24,6.18,5.92,,2012
2012-10-16,5.81,5.74,5.72,5.79,5.88,5.99,6.08,6.14,6.17,6.13,5.86,,2012
2012-10-17,5.87,5.81,5.78,5.83,5.91,6.0,6.1,6.16,6.18,6.14,5.92,,2012
2012-10-18,5.78,5.73,5.68,5.74,5.82,5.93,6.03,6.09,6.1,6.05,5.83,,2012
2012-10-19,5.89,5.83,5.79,5.85,5.94,6.03,6.13,6.19,6.21,6.15,5.95,,2012
2012-10-24,5.91,5.85,5.81,5.87,5.95,6.06,6.15,6.22,6.23,6.18,5.96,,2012
2012-10-25,5.87,5.81,5.78,5.83,5.92,6.02,6.11,6.17,6.19,6.14,5.92,,2012
2012-10-26,5.88,5.82,5.78,5.84,5.92,6.03,6.13,6.19,6.2,6.14,5.92,,2012
2012-10-27,5.91,5.85,5.81,5.87,5.95,6.05,6.15,6.2,6.22,6.18,5.97,,2012
2012-10-29,5.95,5.9,5.85,5.91,5.99,6.1,6.19,6.25,6.27,6.21,5.99,,2012
2012-10-30,5.99,5.94,5.9,5.96,6.05,6.15,6.24,6.3,6.31,6.26,6.05,,2012
2012-10-31,5.98,5.95,5.95,5.98,6.07,6.17,6.26,6.32,6.35,6.28,6.04,,2012
2012-11-05,5.87,5.86,5.87,5.91,6.0,6.1,6.19,6.26,6.3,6.24,6.01,,2012
2012-11-06,5.77,5.75,5.76,5.81,5.89,5.99,6.08,6.15,6.19,6.13,5.88,,2012
2012-11-07,5.7,5.68,5.68,5.73,5.82,5.92,6.01,6.08,6.1,6.05,5.79,,2012
2012-11-08,5.8,5.78,5.78,5.83,5.9,5.99,6.06,6.12,6.14,6.1,5.87,,2012
2012-11-09,5.8,5.78,5.79,5.84,5.92,6.0,6.07,6.13,6.16,6.11,5.88,,2012
2012-11-10,5.75,5.73,5.73,5.78,5.85,5.93,6.01,6.06,6.1,6.06,5.85,,2012
2012-11-12,5.72,5.7,5.7,5.74,5.82,5.91,5.98,6.04,6.07,6.02,5.82,,2012
2012-11-13,5.75,5.74,5.73,5.77,5.86,5.94,6.02,6.07,6.11,6.06,5.83,,2012
2012-11-14,5.66,5.65,5.64,5.68,5.77,5.86,5.94,5.99,6.02,5.97,5.75,,2012
2012-11-15,5.65,5.63,5.62,5.67,5.75,5.84,5.91,5.97,6.0,5.95,5.72,,2012
2012-11-16,5.62,5.6,5.59,5.64,5.73,5.81,5.89,5.95,5.98,5.92,5.67,,2012
2012-11-19,5.61,5.59,5.58,5.63,5.71,5.79,5.87,5.93,5.96,5.92,5.68,,2012
2012-11-20,5.6,5.56,5.55,5.6,5.68,5.78,5.86,5.92,5.94,5.89,5.66,,2012
2012-11-21,5.6,5.57,5.56,5.61,5.69,5.79,5.87,5.93,5.95,5.9,5.68,,2012
2012-11-22,5.58,5.54,5.53,5.58,5.66,5.77,5.84,5.91,5.92,5.87,5.67,,2012
2012-11-23,5.59,5.55,5.54,5.59,5.68,5.77,5.85,5.92,5.94,5.89,5.68,,2012
2012-11-26,5.65,5.62,5.6,5.65,5.74,5.84,5.92,5.98,6.0,5.95,5.73,,2012
2012-11-27,5.63,5.59,5.58,5.63,5.71,5.81,5.89,5.95,5.97,5.92,5.7,,2012
2012-11-28,5.61,5.58,5.57,5.61,5.7,5.8,5.88,5.94,5.96,5.91,5.69,,2012
2012-11-29,5.56,5.55,5.55,5.6,5.69,5.78,5.86,5.92,5.94,5.9,5.69,,2012
2012-11-30,5.55,5.53,5.53,5.58,5.67,5.78,5.86,5.91,5.93,5.88,5.65,,2012
2012-12-01,5.51,5.5,5.49,5.54,5.64,5.75,5.83,5.88,5.89,5.84,5.65,,2012
2012-12-03,5.51,5.5,5.49,5.54,5.64,5.74,5.82,5.87,5.89,5.85,5.64,,2012
2012-12-04,5.53,5.51,5.51,5.56,5.65,5.74,5.82,5.88,5.9,5.86,5.65,,2012
2012-12-05,5.51,5.49,5.48,5.54,5.63,5.74,5.82,5.87,5.88,5.84,5.62,,2012
2012-12-06,5.47,5.45,5.44,5.5,5.59,5.69,5.77,5.83,5.85,5.8,5.59,,2012
2012-12-07,5.47,5.44,5.44,5.5,5.59,5.69,5.77,5.83,5.85,5.8,5.59,,2012
2012-12-10,5.46,5.44,5.44,5.5,5.59,5.7,5.78,5.83,5.84,5.8,5.57,,2012
2012-12-11,5.29,5.27,5.27,5.32,5.42,5.52,5.6,5.66,5.67,5.63,5.44,,2012
2012-12-12,5.21,5.19,5.17,5.24,5.34,5.45,5.53,5.58,5.6,5.54,5.31,,2012
2012-12-13,5.18,5.15,5.14,5.18,5.29,5.39,5.48,5.53,5.55,5.51,5.29,,2012
2012-12-14,5.21,5.18,5.16,5.21,5.32,5.43,5.52,5.57,5.58,5.54,5.33,,2012
2012-12-15,5.21,5.18,5.16,5.21,5.32,5.42,5.51,5.56,5.58,5.54,5.33,,2012
2012-12-17,5.21,5.16,5.16,5.21,5.31,5.4,5.49,5.55,5.57,5.53,5.31,,2012
2012-12-18,5.33,5.28,5.25,5.31,5.41,5.51,5.6,5.65,5.68,5.64,5.43,,2012
2012-12-19,5.25,5.2,5.17,5.21,5.31,5.41,5.49,5.56,5.58,5.53,5.34,,2012
2012-12-20,5.16,5.13,5.11,5.15,5.25,5.36,5.45,5.51,5.52,5.48,5.3,,2012
2012-12-21,5.12,5.09,5.07,5.13,5.22,5.33,5.42,5.47,5.49,5.47,5.28,,2012
2012-12-27,5.1,5.08,5.05,5.1,5.2,5.31,5.4,5.46,5.47,5.44,5.25,,2012
2012-12-28,5.1,5.07,5.05,5.1,5.2,5.31,5.38,5.45,5.47,5.43,5.25,,2012
2013-01-02,5.1,5.07,5.03,5.09,5.19,5.3,5.39,5.44,5.46,5.42,5.23,,2013
2013-01-03,5.08,5.04,5.02,5.07,5.17,5.28,5.36,5.42,5.44,5.41,5.22,,2013
2013-01-04,5.13,5.09,5.09,5.14,5.21,5.3,5.39,5.47,5.52,5.48,5.29,,2013
2013-01-07,5.15,5.12,5.12,5.18,5.25,5.35,5.46,5.55,5.59,5.54,5.32,,2013
2013-01-08,5.12,5.09,5.09,5.15,5.22,5.32,5.43,5.52,5.56,5.51,5.28,,2013
2013-01-09,5.12,5.1,5.09,5.16,5.22,5.32,5.44,5.53,5.57,5.51,5.28,,2013
2013-01-10,5.1,5.08,5.07,5.14,5.2,5.3,5.42,5.52,5.55,5.49,5.26,,2013
2013-01-11,5.18,5.16,5.16,5.23,5.29,5.39,5.5,5.6,5.64,5.58,5.37,,2013
2013-01-14,5.22,5.19,5.21,5.27,5.33,5.43,5.54,5.64,5.68,5.63,5.41,,2013
2013-01-15,5.12,5.11,5.12,5.19,5.24,5.34,5.45,5.55,5.59,5.53,5.32,,2013
2013-01-16,5.16,5.15,5.17,5.23,5.29,5.38,5.5,5.6,5.63,5.57,5.36,,2013
2013-01-17,5.15,5.14,5.15,5.22,5.27,5.36,5.48,5.58,5.62,5.56,5.34,,2013
2013-01-18,5.11,5.1,5.11,5.18,5.23,5.33,5.44,5.54,5.58,5.52,5.31,,2013
2013-01-21,5.12,5.11,5.12,5.19,5.26,5.36,5.48,5.6,5.65,5.59,5.36,,2013
2013-01-22,5.16,5.15,5.17,5.23,5.32,5.41,5.53,5.64,5.69,5.64,5.41,,2013
2013-01-23,5.15,5.18,5.18,5.26,5.34,5.44,5.57,5.7,5.73,5.66,5.43,,2013
2013-01-24,5.15,5.17,5.17,5.25,5.32,5.42,5.56,5.68,5.72,5.64,5.41,,2013
2013-01-25,5.17,5.2,5.2,5.28,5.36,5.46,5.59,5.7,5.74,5.66,5.45,,2013
2013-01-28,5.2,5.22,5.23,5.3,5.38,5.48,5.61,5.73,5.77,5.7,5.47,,2013
2013-01-29,5.23,5.25,5.27,5.34,5.42,5.52,5.65,5.77,5.81,5.73,5.5,,2013
2013-01-30,5.13,5.16,5.17,5.25,5.32,5.44,5.57,5.69,5.73,5.67,5.46,,2013
2013-01-31,5.06,5.09,5.14,5.22,5.3,5.43,5.57,5.69,5.75,5.68,5.46,,2013
2013-02-01,5.0,5.02,5.03,5.1,5.2,5.31,5.46,5.57,5.63,5.58,5.37,,2013
2013-02-04,4.97,4.99,5.0,5.06,5.15,5.28,5.43,5.54,5.6,5.55,5.29,,2013
2013-02-05,4.98,4.99,5.01,5.08,5.17,5.3,5.46,5.59,5.67,5.61,5.36,,2013
2013-02-06,4.99,5.01,5.03,5.1,5.2,5.34,5.5,5.64,5.71,5.66,5.41,,2013
2013-02-07,4.98,4.99,5.01,5.08,5.18,5.33,5.5,5.64,5.71,5.65,5.4,,2013
2013-02-08,4.96,4.98,5.0,5.07,5.17,5.31,5.48,5.62,5.69,5.65,5.4,,2013
2013-02-11,4.89,4.91,4.93,5.0,5.09,5.24,5.41,5.56,5.62,5.57,5.3,,2013
2013-02-12,4.96,4.98,4.97,5.04,5.13,5.27,5.43,5.57,5.64,5.57,5.31,,2013
2013-02-13,4.83,4.83,4.83,4.89,4.98,5.1,5.25,5.38,5.44,5.4,5.13,,2013
2013-02-14,4.79,4.73,4.78,4.82,4.93,5.09,5.24,5.36,5.44,5.36,5.11,,2013
2013-02-15,4.78,4.75,4.79,4.85,4.95,5.07,5.22,5.34,5.4,5.34,5.1,,2013
2013-02-18,4.74,4.73,4.76,4.82,4.91,5.05,5.19,5.31,5.37,5.31,5.05,,2013
2013-02-19,4.68,4.66,4.69,4.74,4.84,4.98,5.12,5.24,5.3,5.23,4.98,,2013
2013-02-20,4.66,4.64,4.66,4.71,4.81,4.93,5.06,5.19,5.25,5.17,4.91,,2013
2013-02-21,4.73,4.7,4.73,4.78,4.88,4.99,5.12,5.25,5.32,5.24,4.98,,2013
2013-02-22,4.72,4.7,4.72,4.77,4.87,4.99,5.12,5.25,5.31,5.25,4.99,,2013
2013-02-25,4.8,4.77,4.78,4.83,4.93,5.04,5.18,5.3,5.37,5.29,5.03,,2013
2013-02-26,4.74,4.71,4.73,4.77,4.87,4.99,5.12,5.25,5.31,5.23,4.97,,2013
2013-02-27,4.73,4.71,4.72,4.76,4.86,4.98,5.11,5.24,5.3,5.22,4.96,,2013
2013-02-28,4.74,4.72,4.75,4.8,4.9,5.02,5.16,5.29,5.36,5.28,5.01,,2013
2013-03-01,4.65,4.64,4.68,4.73,4.84,4.97,5.11,5.23,5.3,5.22,4.95,,2013
2013-03-04,4.63,4.62,4.66,4.72,4.83,4.96,5.1,5.22,5.29,5.21,4.96,,2013
2013-03-05,4.68,4.69,4.73,4.79,4.89,5.0,5.13,5.26,5.34,5.3,5.05,,2013
2013-03-06,4.73,4.73,4.78,4.84,4.94,5.07,5.2,5.33,5.4,5.32,5.07,,2013
2013-03-07,4.72,4.73,4.78,4.87,4.99,5.12,5.26,5.4,5.5,5.43,5.17,,2013
2013-03-08,4.7,4.7,4.76,4.85,4.96,5.09,5.23,5.38,5.48,5.4,5.15,,2013
2013-03-11,4.75,4.77,4.83,4.91,5.02,5.15,5.28,5.43,5.53,5.47,5.21,,2013
2013-03-12,4.72,4.74,4.79,4.88,4.99,5.12,5.26,5.41,5.51,5.44,5.18,,2013
2013-03-13,4.61,4.66,4.74,4.83,4.96,5.1,5.25,5.39,5.49,5.42,5.16,,2013
2013-03-14,4.65,4.7,4.78,4.87,5.01,5.16,5.31,5.46,5.55,5.48,5.23,,2013
2013-03-18,4.69,4.74,4.81,4.91,5.04,5.2,5.37,5.52,5.63,5.55,5.3,,2013
2013-03-19,4.63,4.69,4.78,4.88,5.02,5.18,5.34,5.49,5.59,5.51,5.26,,2013
2013-03-20,4.6,4.66,4.75,4.85,4.97,5.13,5.3,5.45,5.56,5.49,5.26,,2013
2013-03-21,4.61,4.67,4.74,4.85,4.97,5.13,5.3,5.45,5.56,5.48,5.23,,2013
2013-03-22,4.61,4.67,4.73,4.85,4.98,5.14,5.31,5.46,5.56,5.48,5.23,,2013
2013-03-25,4.63,4.68,4.73,4.85,4.99,5.14,5.31,5.46,5.57,5.51,5.27,,2013
2013-03-26,4.62,4.67,4.7,4.83,4.97,5.13,5.3,5.45,5.55,5.47,5.22,,2013
2013-03-27,4.53,4.58,4.61,4.71,4.84,5.01,5.19,5.33,5.4,5.37,5.11,,2013
2013-03-28,4.5,4.55,4.59,4.71,4.83,5.0,5.18,5.33,5.4,5.35,5.1,,2013
2013-03-29,4.48,4.53,4.57,4.68,4.81,4.99,5.16,5.3,5.37,5.34,5.12,,2013
2013-04-02,4.47,4.52,4.57,4.68,4.81,4.97,5.15,5.3,5.37,5.35,5.11,,2013
2013-04-03,4.41,4.45,4.48,4.6,4.74,4.91,5.09,5.23,5.3,5.26,5.0,,2013
2013-04-04,4.42,4.46,4.48,4.6,4.74,4.91,5.09,5.23,5.31,5.26,5.01,,2013
2013-04-05,4.26,4.3,4.31,4.43,4.57,4.75,4.91,5.03,5.11,5.07,4.81,,2013
2013-04-08,4.13,4.15,4.17,4.25,4.38,4.55,4.72,4.84,4.9,4.9,4.66,,2013
2013-04-09,4.1,4.11,4.12,4.2,4.32,4.48,4.65,4.77,4.84,4.81,4.56,,2013
2013-04-10,4.1,4.11,4.11,4.17,4.29,4.46,4.6,4.71,4.77,4.76,4.52,,2013
2013-04-11,4.11,4.1,4.11,4.18,4.31,4.46,4.6,4.71,4.77,4.73,4.49,,2013
2013-04-12,4.15,4.13,4.14,4.22,4.31,4.43,4.57,4.69,4.79,4.75,4.5,,2013
2013-04-15,4.16,4.14,4.14,4.23,4.31,4.43,4.56,4.69,4.77,4.74,4.49,,2013
2013-04-16,4.16,4.13,4.14,4.22,4.3,4.41,4.54,4.66,4.74,4.72,4.47,,2013
2013-04-17,4.16,4.13,4.13,4.22,4.29,4.39,4.51,4.62,4.7,4.69,4.43,,2013
2013-04-18,4.14,4.12,4.13,4.21,4.29,4.39,4.51,4.62,4.7,4.68,4.42,,2013
2013-04-19,4.11,4.09,4.11,4.19,4.27,4.37,4.49,4.6,4.68,4.67,4.44,,2013
2013-04-22,4.11,4.09,4.11,4.2,4.29,4.39,4.5,4.61,4.69,4.68,4.41,,2013
2013-04-23,4.13,4.11,4.13,4.23,4.34,4.45,4.57,4.68,4.77,4.75,4.47,,2013
2013-04-24,4.12,4.1,4.13,4.19,4.24,4.35,4.47,4.59,4.67,4.65,4.4,,2013
2013-04-25,4.1,4.07,4.12,4.18,4.27,4.37,4.48,4.59,4.66,4.64,4.38,,2013
2013-04-26,4.09,4.09,4.12,4.18,4.28,4.36,4.47,4.58,4.66,4.65,4.42,,2013
2013-04-29,4.07,4.07,4.08,4.14,4.24,4.34,4.45,4.55,4.63,4.64,4.41,,2013
2013-04-30,4.05,4.04,4.04,4.1,4.19,4.29,4.41,4.51,4.59,4.58,4.31,,2013
2013-05-02,3.99,3.98,3.98,4.04,4.12,4.23,4.34,4.44,4.52,4.52,4.28,,2013
2013-05-03,3.92,3.91,3.92,3.95,4.02,4.13,4.24,4.34,4.41,4.43,4.19,,2013
2013-05-06,3.86,3.85,3.85,3.89,3.97,4.08,4.18,4.29,4.36,4.36,4.13,,2013
2013-05-07,3.87,3.86,3.86,3.91,3.98,4.09,4.2,4.3,4.38,4.37,4.17,,2013
2013-05-08,3.8,3.79,3.79,3.83,3.9,4.0,4.11,4.21,4.28,4.28,4.05,,2013
2013-05-09,3.77,3.76,3.77,3.81,3.89,4.0,4.12,4.22,4.31,4.31,4.07,,2013
2013-05-10,3.8,3.78,3.79,3.84,3.94,4.05,4.17,4.29,4.37,4.36,4.12,,2013
2013-05-13,3.84,3.83,3.86,3.94,4.04,4.18,4.32,4.45,4.54,4.54,4.31,,2013
2013-05-14,3.83,3.83,3.85,3.93,4.04,4.19,4.33,4.46,4.55,4.54,4.29,,2013
2013-05-15,3.79,3.79,3.83,3.9,4.01,4.14,4.29,4.41,4.51,4.52,4.33,,2013
2013-05-16,3.78,3.77,3.79,3.87,3.97,4.11,4.25,4.37,4.46,4.45,4.19,,2013
2013-05-17,3.78,3.77,3.79,3.87,3.97,4.11,4.25,4.37,4.45,4.45,4.27,,2013
2013-05-21,3.81,3.79,3.83,3.91,4.01,4.14,4.28,4.42,4.52,4.49,4.26,,2013
2013-05-22,3.81,3.78,3.82,3.9,4.01,4.14,4.29,4.42,4.51,4.48,4.26,,2013
2013-05-23,3.93,3.91,3.96,4.04,4.16,4.3,4.46,4.6,4.69,4.65,4.43,,2013
2013-05-24,3.92,3.91,3.96,4.05,4.17,4.32,4.47,4.61,4.7,4.67,4.45,,2013
2013-05-27,3.92,3.9,3.95,4.04,4.16,4.3,4.46,4.6,4.7,4.68,4.46,,2013
2013-05-28,3.93,3.91,3.95,4.06,4.17,4.31,4.47,4.62,4.71,4.69,4.46,,2013
2013-05-29,3.99,3.98,4.05,4.16,4.28,4.44,4.62,4.76,4.86,4.82,4.58,,2013
2013-05-30,4.0,4.0,4.07,4.19,4.33,4.48,4.67,4.84,4.95,4.91,4.64,,2013
2013-05-31,4.22,4.24,4.33,4.5,4.6,4.76,4.94,5.09,5.2,5.16,4.91,,2013
2013-06-03,4.22,4.27,4.34,4.48,4.61,4.76,4.93,5.08,5.19,5.16,4.92,,2013
2013-06-04,4.09,4.15,4.22,4.37,4.51,4.67,4.83,4.98,5.09,5.06,4.81,,2013
2013-06-05,4.12,4.15,4.19,4.32,4.43,4.57,4.75,4.89,4.98,4.94,4.67,,2013
2013-06-06,4.36,4.43,4.51,4.65,4.76,4.91,5.07,5.22,5.32,5.29,5.05,,2013
2013-06-07,4.4,4.48,4.6,4.76,4.86,5.0,5.15,5.28,5.37,5.35,5.08,,2013
2013-06-10,4.37,4.49,4.61,4.76,4.9,5.03,5.18,5.32,5.41,5.38,5.09,,2013
2013-06-11,4.81,4.93,5.07,5.25,5.39,5.54,5.68,5.8,5.89,5.85,5.58,,2013
2013-06-12,4.58,4.73,4.84,5.05,5.2,5.35,5.49,5.61,5.7,5.65,5.38,,2013
2013-06-13,4.68,4.8,4.95,5.12,5.29,5.45,5.58,5.71,5.79,5.78,5.54,,2013
2013-06-14,4.34,4.45,4.54,4.65,4.78,4.92,5.04,5.15,5.24,5.22,4.98,,2013
2013-06-17,4.27,4.39,4.5,4.63,4.77,4.9,5.04,5.15,5.23,5.21,4.93,,2013
2013-06-18,4.33,4.44,4.57,4.7,4.84,4.98,5.11,5.23,5.3,5.27,5.0,,2013
2013-06-19,4.45,4.62,4.76,4.91,5.06,5.2,5.34,5.46,5.54,5.52,5.25,,2013
2013-06-20,4.77,4.99,5.18,5.33,5.51,5.7,5.87,5.97,6.03,5.99,5.76,,2013
2013-06-21,4.81,5.02,5.19,5.37,5.56,5.73,5.87,5.98,6.04,6.01,5.78,,2013
2013-06-24,5.4,5.68,5.94,6.15,6.35,6.54,6.71,6.81,6.86,6.85,6.58,,2013
2013-06-25,5.02,5.3,5.54,5.73,5.9,6.06,6.21,6.32,6.39,6.34,6.08,,2013
2013-06-26,4.82,5.1,5.3,5.49,5.7,5.87,6.02,6.13,6.2,6.15,5.86,,2013
2013-06-27,4.7,4.95,5.08,5.32,5.5,5.69,5.86,5.97,6.04,6.0,5.73,,2013
2013-06-28,4.48,4.66,4.81,4.96,5.11,5.27,5.43,5.57,5.67,5.68,5.42,,2013
2013-07-01,4.52,4.7,4.86,5.0,5.16,5.31,5.46,5.59,5.69,5.7,5.55,,2013
2013-07-02,4.44,4.61,4.73,4.88,5.03,5.19,5.34,5.47,5.57,5.58,5.39,,2013
2013-07-03,4.47,4.63,4.74,4.9,5.07,5.24,5.4,5.52,5.61,5.59,5.34,,2013
2013-07-04,4.33,4.5,4.6,4.77,4.92,5.07,5.23,5.38,5.46,5.46,5.18,,2013
2013-07-05,4.28,4.42,4.51,4.64,4.79,4.94,5.11,5.25,5.33,5.32,5.04,,2013
2013-07-08,4.35,4.53,4.64,4.81,4.96,5.15,5.32,5.44,5.55,5.54,5.29,,2013
2013-07-09,4.27,4.44,4.56,4.72,4.88,5.07,5.23,5.36,5.45,5.45,5.12,,2013
2013-07-10,4.27,4.45,4.56,4.72,4.88,5.08,5.24,5.37,5.46,5.45,5.11,,2013
2013-07-11,4.3,4.47,4.6,4.76,4.92,5.11,5.27,5.4,5.47,5.48,5.25,,2013
2013-07-12,4.3,4.45,4.59,4.76,4.9,5.09,5.23,5.38,5.48,5.45,5.14,,2013
2013-07-15,4.24,4.38,4.5,4.67,4.8,4.97,5.13,5.27,5.36,5.34,5.02,,2013
2013-07-16,4.22,4.37,4.49,4.65,4.78,4.95,5.1,5.24,5.32,5.32,5.07,,2013
2013-07-17,4.2,4.34,4.46,4.62,4.75,4.92,5.09,5.22,5.3,5.29,4.97,,2013
2013-07-18,4.22,4.36,4.49,4.66,4.81,4.99,5.16,5.29,5.38,5.37,5.02,,2013
2013-07-19,4.21,4.36,4.49,4.67,4.8,4.97,5.13,5.27,5.37,5.36,5.01,,2013
2013-07-22,4.23,4.38,4.53,4.71,4.89,5.05,5.22,5.36,5.46,5.46,5.12,,2013
2013-07-23,4.2,4.34,4.49,4.67,4.82,4.97,5.13,5.27,5.37,5.37,5.16,,2013
2013-07-24,4.07,4.24,4.42,4.61,4.77,4.96,5.13,5.29,5.39,5.38,5.13,,2013
2013-07-25,4.01,4.2,4.39,4.57,4.74,4.93,5.11,5.27,5.37,5.36,5.04,,2013
2013-07-26,4.02,4.23,4.44,4.63,4.82,5.0,5.17,5.34,5.44,5.44,5.17,,2013
2013-07-29,4.1,4.31,4.52,4.72,4.91,5.08,5.25,5.42,5.52,5.52,5.22,,2013
2013-07-30,4.2,4.41,4.63,4.84,5.06,5.26,5.44,5.6,5.7,5.7,5.32,,2013
2013-07-31,4.26,4.5,4.72,4.97,5.2,5.41,5.6,5.76,5.87,5.9,5.57,,2013
2013-08-01,4.18,4.42,4.65,4.84,5.05,5.27,5.46,5.62,5.72,5.76,5.42,,2013
2013-08-02,4.24,4.48,4.68,4.92,5.15,5.36,5.55,5.7,5.81,5.81,5.51,,2013
2013-08-05,4.11,4.33,4.53,4.75,4.98,5.21,5.41,5.56,5.66,5.64,5.38,,2013
2013-08-06,4.09,4.31,4.52,4.73,4.95,5.17,5.37,5.52,5.63,5.62,5.33,,2013
2013-08-07,4.02,4.23,4.44,4.65,4.87,5.09,5.28,5.43,5.54,5.53,5.25,,2013
2013-08-08,4.05,4.27,4.48,4.69,4.91,5.13,5.32,5.47,5.58,5.58,5.33,,2013
2013-08-09,4.0,4.2,4.4,4.61,4.83,5.04,5.23,5.39,5.49,5.49,5.26,,2013
2013-08-12,4.0,4.2,4.41,4.61,4.83,5.04,5.24,5.39,5.49,5.48,5.26,,2013
2013-08-13,3.98,4.18,4.4,4.64,4.87,5.08,5.27,5.43,5.54,5.52,5.29,,2013
2013-08-14,4.12,4.36,4.6,4.83,5.08,5.31,5.51,5.66,5.78,5.76,5.55,,2013
2013-08-15,4.12,4.36,4.59,4.83,5.09,5.33,5.53,5.68,5.78,5.76,5.54,,2013
2013-08-16,4.24,4.5,4.73,4.97,5.23,5.47,5.67,5.82,5.93,5.92,5.68,,2013
2013-08-21,4.35,4.61,4.85,5.12,5.37,5.62,5.81,5.97,6.08,6.07,5.85,,2013
2013-08-22,4.45,4.74,5.0,5.25,5.5,5.73,5.94,6.1,6.22,6.19,5.99,,2013
2013-08-23,4.33,4.61,4.86,5.1,5.34,5.57,5.78,5.94,6.06,6.06,5.85,,2013
2013-08-24,4.33,4.61,4.86,5.1,5.34,5.57,5.77,5.94,6.06,6.06,5.84,,2013
2013-08-26,4.34,4.62,4.87,5.12,5.39,5.62,5.83,5.99,6.1,6.07,5.85,,2013
2013-08-27,4.29,4.57,4.82,5.06,5.32,5.56,5.77,5.93,6.04,6.01,5.8,,2013
2013-08-28,4.3,4.61,4.87,5.14,5.4,5.64,5.86,6.04,6.16,6.11,5.91,,2013
2013-08-29,4.25,4.55,4.86,5.07,5.29,5.52,5.76,5.97,6.06,6.01,5.81,,2013
2013-08-30,4.24,4.54,4.81,5.05,5.26,5.49,5.71,5.88,5.96,5.91,5.71,,2013
2013-09-02,4.19,4.49,4.76,4.99,5.23,5.45,5.65,5.82,5.9,5.87,5.64,,2013
2013-09-03,4.25,4.53,4.81,5.06,5.28,5.49,5.68,5.84,5.93,5.89,5.65,,2013
2013-09-04,4.25,4.54,4.81,5.06,5.32,5.53,5.73,5.88,5.96,5.92,5.64,,2013
2013-09-05,4.34,4.65,4.95,5.21,5.47,5.67,5.85,6.0,6.07,6.03,5.78,,2013
2013-09-06,4.4,4.73,5.03,5.3,5.53,5.73,5.89,6.02,6.09,6.05,5.81,,2013
2013-09-09,4.28,4.6,4.88,5.12,5.33,5.54,5.72,5.85,5.91,5.86,5.59,,2013
2013-09-10,4.24,4.57,4.83,5.07,5.31,5.52,5.7,5.83,5.89,5.85,5.57,,2013
2013-09-11,4.12,4.44,4.69,4.93,5.17,5.38,5.56,5.69,5.74,5.7,5.38,,2013
2013-09-12,4.06,4.37,4.64,4.88,5.11,5.32,5.5,5.63,5.69,5.66,5.39,,2013
2013-09-13,3.96,4.25,4.5,4.73,4.97,5.19,5.37,5.5,5.56,5.52,5.19,,2013
2013-09-16,3.8,4.03,4.25,4.46,4.66,4.85,5.02,5.15,5.22,5.19,4.95,,2013
2013-09-17,3.88,4.1,4.32,4.53,4.76,4.96,5.13,5.26,5.33,5.29,5.03,,2013
2013-09-18,3.8,4.0,4.2,4.43,4.66,4.86,5.03,5.16,5.25,5.21,4.89,,2013
2013-09-19,3.6,3.71,3.91,4.09,4.31,4.52,4.7,4.83,4.91,4.87,4.62,,2013
2013-09-20,3.8,3.98,4.18,4.42,4.64,4.84,5.03,5.17,5.26,5.23,5.05,,2013
2013-09-23,3.74,3.93,4.11,4.32,4.53,4.74,4.95,5.12,5.21,5.15,4.98,,2013
2013-09-24,3.68,3.87,4.04,4.25,4.47,4.69,4.9,5.07,5.16,5.11,4.88,,2013
2013-09-25,3.64,3.82,4.01,4.21,4.41,4.63,4.85,5.03,5.12,5.06,4.88,,2013
2013-09-26,3.7,3.89,4.07,4.29,4.51,4.71,4.91,5.09,5.18,5.14,4.95,,2013
2013-09-27,3.76,3.97,4.18,4.38,4.59,4.79,4.98,5.16,5.26,5.24,5.12,,2013
2013-09-30,3.69,3.88,4.06,4.3,4.54,4.74,4.94,5.12,5.21,5.16,4.93,,2013
2013-10-01,3.59,3.79,3.99,4.2,4.44,4.64,4.85,5.03,5.12,5.09,4.85,,2013
2013-10-02,3.6,3.8,4.01,4.21,4.44,4.64,4.85,5.03,5.12,5.09,4.87,,2013
2013-10-03,3.6,3.8,4.0,4.2,4.44,4.64,4.85,5.03,5.12,5.06,4.89,,2013
2013-10-04,3.7,3.9,4.12,4.33,4.54,4.75,4.96,5.14,5.26,5.25,5.05,,2013
2013-10-07,3.65,3.86,4.08,4.29,4.49,4.7,4.91,5.1,5.21,5.2,5.04,,2013
2013-10-08,3.62,3.83,4.05,4.26,4.46,4.67,4.88,5.07,5.18,5.17,4.96,,2013
2013-10-09,3.67,3.88,4.1,4.31,4.51,4.72,4.93,5.12,5.23,5.22,5.04,,2013
2013-10-10,3.66,3.87,4.09,4.29,4.49,4.7,4.91,5.1,5.21,5.2,5.0,,2013
2013-10-11,3.66,3.87,4.09,4.31,4.52,4.73,4.94,5.13,5.24,5.23,5.05,,2013
2013-10-14,3.67,3.89,4.1,4.32,4.53,4.74,4.94,5.13,5.24,5.26,5.14,,2013
2013-10-15,3.65,3.85,4.07,4.29,4.51,4.72,4.92,5.1,5.22,5.23,5.05,,2013
2013-10-16,3.66,6.87,4.09,4.31,4.52,4.73,4.93,5.12,5.23,5.24,5.05,,2013
2013-10-17,3.58,3.77,3.98,4.2,4.41,4.61,4.81,5.0,5.11,5.12,5.01,,2013
2013-10-18,3.53,3.71,3.9,4.11,4.3,4.5,4.7,4.89,5.0,5.03,4.87,,2013
2013-10-21,3.54,3.7,3.9,4.11,4.29,4.5,4.7,4.89,5.0,4.99,4.82,,2013
2013-10-22,3.54,3.7,3.89,4.09,4.27,4.48,4.68,4.87,4.98,4.97,4.78,,2013
2013-10-24,3.51,3.66,3.85,4.03,4.22,4.42,4.61,4.79,4.91,4.93,4.74,,2013
2013-10-25,3.48,3.64,3.8,3.98,4.17,4.36,4.55,4.73,4.84,4.84,4.66,,2013
2013-10-28,3.5,3.66,3.82,3.99,4.18,4.37,4.56,4.73,4.83,4.84,4.65,,2013
2013-10-29,3.49,3.65,3.81,3.98,4.17,4.36,4.55,4.72,4.82,4.83,4.65,,2013
2013-10-30,3.51,3.67,3.83,4.0,4.19,4.38,4.57,4.74,4.84,4.83,4.67,,2013
2013-10-31,3.5,3.66,3.82,4.03,4.23,4.42,4.61,4.78,4.89,4.89,4.74,,2013
2013-11-04,3.59,3.79,4.0,4.2,4.44,4.64,4.83,5.01,5.12,5.12,4.89,,2013
2013-11-05,3.54,3.73,3.94,4.16,4.38,4.58,4.77,4.94,5.05,5.06,4.84,,2013
2013-11-06,3.54,3.75,3.95,4.24,4.5,4.72,4.93,5.1,5.2,5.23,5.04,,2013
2013-11-07,3.53,3.74,3.95,4.23,4.51,4.74,4.94,5.11,5.22,5.22,5.05,,2013
2013-11-08,3.48,3.7,3.94,4.21,4.49,4.71,4.91,5.11,5.23,5.27,5.14,,2013
2013-11-11,3.59,3.83,4.06,4.33,4.6,4.88,5.11,5.3,5.41,5.41,5.24,,2013
2013-11-12,3.67,3.92,4.15,4.47,4.73,5.01,5.24,5.43,5.54,5.54,5.37,,2013
2013-11-13,3.6,3.88,4.15,4.48,4.74,5.02,5.25,5.44,5.56,5.55,5.38,,2013
2013-11-14,3.51,3.79,4.06,4.33,4.54,4.82,5.05,5.24,5.36,5.35,5.19,,2013
2013-11-15,3.54,3.79,4.05,4.31,4.56,4.82,5.04,5.22,5.34,5.34,5.14,,2013
2013-11-18,3.47,3.71,3.95,4.24,4.49,4.71,4.93,5.11,5.23,5.22,5.04,,2013
2013-11-19,3.44,3.68,3.92,4.17,4.41,4.64,4.86,5.04,5.16,5.18,5.0,,2013
2013-11-20,3.51,3.75,3.99,4.25,4.49,4.74,4.96,5.14,5.26,5.25,5.08,,2013
2013-11-21,3.51,3.75,3.99,4.25,4.52,4.78,5.01,5.2,5.34,5.33,5.16,,2013
2013-11-22,3.46,3.7,3.96,4.25,4.53,4.79,5.02,5.21,5.35,5.34,5.18,,2013
2013-11-25,3.46,3.7,3.95,4.24,4.51,4.77,5.0,5.19,5.33,5.33,5.16,,2013
2013-11-26,3.36,3.61,3.87,4.16,4.44,4.69,4.92,5.11,5.25,5.25,5.08,,2013
2013-11-27,3.29,3.56,3.83,4.12,4.4,4.65,4.88,5.07,5.21,5.2,5.06,,2013
2013-11-28,3.32,3.59,3.87,4.19,4.48,4.72,4.95,5.14,5.28,5.31,5.14,,2013
2013-11-29,3.33,3.59,3.87,4.21,4.52,4.75,4.98,5.17,5.33,5.35,5.17,,2013
2013-12-02,3.43,3.71,4.01,4.34,4.65,4.92,5.16,5.36,5.49,5.48,5.34,,2013
2013-12-03,3.4,3.68,3.95,4.27,4.6,4.88,5.12,5.32,5.45,5.47,5.3,,2013
2013-12-04,3.36,3.63,3.92,4.27,4.61,4.89,5.13,5.33,5.46,5.45,5.3,,2013
2013-12-05,3.4,3.68,3.97,4.3,4.63,4.91,5.16,5.37,5.5,5.53,5.35,,2013
2013-12-06,3.33,3.62,3.91,4.23,4.56,4.84,5.09,5.29,5.43,5.42,5.29,,2013
2013-12-07,3.33,3.61,3.91,4.23,4.54,4.82,5.07,5.28,5.41,5.42,5.28,,2013
2013-12-09,3.3,3.58,3.87,4.19,4.53,4.81,5.06,5.26,5.39,5.38,5.23,,2013
2013-12-10,3.29,3.57,3.85,4.16,4.47,4.75,5.0,5.2,5.33,5.32,5.18,,2013
2013-12-11,3.28,3.55,3.82,4.12,4.43,4.7,4.94,5.14,5.27,5.29,5.11,,2013
2013-12-12,3.29,3.56,3.84,4.14,4.45,4.72,4.96,5.16,5.29,5.28,5.16,,2013
2013-12-13,3.33,3.6,3.88,4.18,4.51,4.79,5.04,5.25,5.38,5.38,5.14,,2013
2013-12-16,3.31,3.58,3.87,4.18,4.48,4.75,5.0,5.21,5.34,5.33,5.19,,2013
2013-12-17,3.24,3.51,3.8,4.09,4.38,4.65,4.89,5.1,5.22,5.28,5.13,,2013
2013-12-18,3.19,3.45,3.74,4.03,4.31,4.58,4.83,5.03,5.17,5.19,5.03,,2013
2013-12-19,3.14,3.4,3.7,3.99,4.28,4.55,4.79,4.99,5.12,5.12,4.97,,2013
2013-12-20,3.18,3.44,3.74,4.03,4.32,4.59,4.83,5.03,5.16,5.18,5.02,,2013
2013-12-21,3.19,3.45,3.74,4.04,4.32,4.59,4.83,5.03,5.16,5.18,5.02,,2013
2013-12-23,3.19,3.45,3.74,4.04,4.32,4.59,4.83,5.03,5.16,5.18,5.02,,2013
2013-12-30,3.19,3.45,3.75,4.04,4.33,4.6,4.84,5.04,5.17,5.18,5.03,,2013
2013-12-31,3.19,3.45,3.75,4.05,4.33,4.6,4.84,5.04,5.17,5.18,5.03,,2013
2014-01-02,3.2,3.46,3.76,4.06,4.36,4.61,4.85,5.05,5.19,5.2,4.97,,2014
2014-01-03,3.22,3.48,3.8,4.1,4.38,4.66,4.9,5.09,5.23,5.25,5.1,,2014
2014-01-06,3.22,3.48,3.78,4.11,4.4,4.67,4.91,5.11,5.25,5.26,5.11,,2014
2014-01-07,3.22,3.48,3.75,4.08,4.37,4.64,4.88,5.08,5.22,5.23,5.19,,2014
2014-01-08,3.2,3.46,3.74,4.05,4.33,4.59,4.82,5.02,5.16,5.18,5.14,,2014
2014-01-09,3.2,3.45,3.73,4.01,4.29,4.55,4.78,4.97,5.11,5.16,5.08,,2014
2014-01-10,3.09,3.33,3.6,3.9,4.16,4.41,4.63,4.83,4.97,4.99,4.83,,2014
2014-01-13,3.09,3.32,3.58,3.84,4.1,4.35,4.57,4.77,4.91,4.93,4.76,,2014
2014-01-14,3.09,3.32,3.58,3.85,4.12,4.37,4.58,4.77,4.92,4.97,4.9,,2014
2014-01-15,3.09,3.33,3.59,3.87,4.15,4.41,4.63,4.8,4.93,4.97,4.82,,2014
2014-01-16,3.12,3.36,3.62,3.92,4.21,4.5,4.72,4.9,5.03,5.08,5.01,,2014
2014-01-17,3.05,3.29,3.56,3.83,4.1,4.36,4.58,4.77,4.91,4.99,4.97,,2014
2014-01-20,3.07,3.31,3.58,3.85,4.13,4.39,4.61,4.81,4.94,5.01,5.04,,2014
2014-01-21,3.1,3.34,3.61,3.89,4.17,4.43,4.66,4.86,4.99,5.05,4.98,,2014
2014-01-22,3.07,3.31,3.58,3.87,4.15,4.41,4.63,4.83,4.96,4.99,4.83,,2014
2014-01-23,3.08,3.34,3.6,3.89,4.17,4.43,4.65,4.85,4.98,5.01,4.97,,2014
2014-01-24,3.16,3.43,3.72,4.02,4.3,4.56,4.79,4.99,5.12,5.19,5.09,,2014
2014-01-27,3.25,3.56,3.88,4.21,4.5,4.76,4.98,5.18,5.31,5.35,5.26,,2014
2014-01-28,3.22,3.54,3.85,4.17,4.47,4.73,4.95,5.14,5.28,5.33,5.24,,2014
2014-01-29,3.36,3.66,3.94,4.22,4.49,4.73,4.94,5.13,5.27,5.37,5.34,,2014
2014-01-30,4.08,4.26,4.43,4.6,4.79,4.99,5.18,5.33,5.45,5.5,5.44,,2014
2014-01-31,3.95,4.19,4.39,4.59,4.79,4.95,5.17,5.33,5.46,5.53,5.53,,2014
2014-02-03,4.05,4.25,4.41,4.65,4.86,5.04,5.22,5.39,5.51,5.51,5.37,,2014
2014-02-04,3.85,4.05,4.26,4.49,4.68,4.87,5.05,5.22,5.34,5.37,5.27,,2014
2014-02-05,3.43,3.66,3.89,4.18,4.37,4.56,4.75,4.93,5.05,5.11,4.94,,2014
2014-02-06,3.53,3.75,4.02,4.31,4.49,4.68,4.88,5.05,5.17,5.22,5.07,,2014
2014-02-07,3.59,3.85,4.12,4.37,4.6,4.8,4.99,5.15,5.28,5.37,5.35,,2014
2014-02-10,3.65,3.9,4.15,4.4,4.63,4.83,5.02,5.18,5.3,5.35,5.25,,2014
2014-02-11,3.66,3.9,4.16,4.41,4.63,4.83,5.03,5.19,5.31,5.36,5.26,,2014
2014-02-12,3.65,3.89,4.14,4.39,4.62,4.81,5.01,5.17,5.29,5.32,5.23,,2014
2014-02-13,3.76,4.0,4.26,4.5,4.74,4.94,5.12,5.27,5.4,5.49,5.45,,2014
2014-02-14,3.72,3.96,4.21,4.44,4.67,4.88,5.06,5.21,5.32,5.36,5.27,,2014
2014-02-17,3.76,3.98,4.21,4.47,4.71,4.91,5.09,5.24,5.36,5.39,5.3,,2014
2014-02-18,3.68,3.91,4.15,4.4,4.65,4.85,5.02,5.17,5.29,5.34,5.24,,2014
2014-02-19,3.78,4.01,4.26,4.54,4.79,5.02,5.21,5.38,5.5,5.53,5.37,,2014
2014-02-20,3.87,4.14,4.4,4.67,4.92,5.15,5.34,5.5,5.64,5.65,5.48,,2014
2014-02-21,3.78,4.04,4.32,4.59,4.85,5.07,5.26,5.42,5.54,5.58,5.45,,2014
2014-02-24,3.68,3.97,4.25,4.52,4.77,5.0,5.19,5.35,5.47,5.51,5.41,,2014
2014-02-25,3.66,3.95,4.23,4.51,4.76,4.99,5.18,5.34,5.47,5.51,5.38,,2014
2014-02-26,3.56,3.87,4.15,4.43,4.69,4.91,5.12,5.28,5.41,5.55,5.55,,2014
2014-02-27,3.61,3.91,4.21,4.5,4.76,4.99,5.2,5.37,5.48,5.54,5.45,,2014
2014-02-28,3.55,3.85,4.14,4.43,4.69,4.92,5.13,5.29,5.41,5.46,5.36,,2014
2014-03-03,3.68,3.98,4.27,4.56,4.82,5.05,5.26,5.42,5.54,5.54,5.34,,2014
2014-03-04,3.62,3.92,4.2,4.49,4.74,4.97,5.17,5.33,5.44,5.44,5.26,,2014
2014-03-05,3.53,3.81,4.09,4.37,4.62,4.85,5.05,5.2,5.31,5.32,5.2,,2014
2014-03-06,3.45,3.72,3.98,4.23,4.47,4.67,4.87,5.03,5.14,5.2,5.09,,2014
2014-03-07,3.48,3.75,4.04,4.29,4.53,4.74,4.93,5.1,5.21,5.27,5.15,,2014
2014-03-10,3.52,3.8,4.1,4.36,4.6,4.82,5.02,5.18,5.29,5.35,5.25,,2014
2014-03-11,3.5,3.78,4.08,4.33,4.57,4.8,4.98,5.15,5.26,5.32,5.22,,2014
2014-03-12,3.62,3.91,4.2,4.45,4.7,4.92,5.1,5.27,5.39,5.43,5.34,,2014
2014-03-13,3.55,3.85,4.13,4.39,4.63,4.86,5.05,5.21,5.32,5.39,5.3,,2014
2014-03-14,3.62,3.9,4.17,4.43,4.67,4.89,5.07,5.22,5.34,5.4,5.31,,2014
2014-03-17,3.63,3.92,4.18,4.43,4.65,4.85,5.03,5.18,5.3,5.41,5.33,,2014
2014-03-18,3.58,3.86,4.12,4.38,4.61,4.81,4.98,5.12,5.25,5.26,5.06,,2014
2014-03-19,3.48,3.76,4.01,4.26,4.48,4.68,4.85,5.0,5.12,5.2,5.17,,2014
2014-03-20,3.48,3.75,4.02,4.28,4.52,4.72,4.89,5.04,5.16,5.19,5.1,,2014
2014-03-21,3.58,3.85,4.12,4.39,4.62,4.82,4.99,5.14,5.26,5.3,5.16,,2014
2014-03-24,3.51,3.78,4.05,4.32,4.55,4.75,4.93,5.07,5.19,5.24,5.15,,2014
2014-03-25,3.41,3.7,3.99,4.25,4.48,4.68,4.85,5.0,5.12,5.19,5.1,,2014
2014-03-26,3.37,3.67,3.96,4.23,4.45,4.66,4.83,4.98,5.1,5.15,5.02,,2014
2014-03-27,3.38,3.68,3.97,4.24,4.47,4.66,4.83,4.98,5.1,5.16,5.11,,2014
2014-03-28,3.31,3.6,3.87,4.12,4.33,4.53,4.69,4.83,4.93,5.02,4.98,,2014
2014-03-31,3.29,3.58,3.86,4.11,4.32,4.52,4.68,4.82,4.93,5.01,4.92,,2014
2014-04-01,3.28,3.57,3.84,4.1,4.32,4.52,4.69,4.83,4.95,5.04,4.98,,2014
2014-04-02,3.3,3.6,3.87,4.13,4.36,4.57,4.74,4.87,4.98,5.06,5.02,,2014
2014-04-03,3.31,3.6,3.87,4.13,4.36,4.57,4.75,4.89,5.0,5.09,5.02,,2014
2014-04-04,3.27,3.56,3.83,4.1,4.33,4.54,4.71,4.86,4.96,5.04,4.98,,2014
2014-04-07,3.18,3.46,3.72,3.98,4.2,4.41,4.59,4.72,4.81,4.88,4.75,,2014
2014-04-08,3.13,3.42,3.68,3.94,4.16,4.37,4.54,4.68,4.78,4.84,4.78,,2014
2014-04-09,3.14,3.42,3.68,3.94,4.17,4.37,4.55,4.69,4.79,4.84,4.74,,2014
2014-04-10,3.15,3.43,3.69,3.95,4.18,4.39,4.56,4.7,4.8,4.86,4.74,,2014
2014-04-11,3.16,3.43,3.7,3.95,4.18,4.4,4.58,4.71,4.8,4.87,4.75,,2014
2014-04-14,3.22,3.5,3.77,4.03,4.26,4.46,4.63,4.77,4.88,4.97,4.96,,2014
2014-04-15,3.23,3.52,3.79,4.04,4.27,4.47,4.65,4.78,4.88,4.94,4.83,,2014
2014-04-16,3.24,3.53,3.8,4.05,4.28,4.48,4.66,4.79,4.88,4.95,4.83,,2014
2014-04-17,3.23,3.51,3.79,4.04,4.28,4.49,4.66,4.79,4.89,4.95,4.83,,2014
2014-04-18,3.2,3.49,3.75,4.01,4.25,4.45,4.63,4.75,4.85,4.92,4.86,,2014
2014-04-22,3.18,3.46,3.73,3.98,4.22,4.42,4.6,4.73,4.82,4.91,4.85,,2014
2014-04-23,3.2,3.48,3.76,4.01,4.24,4.45,4.62,4.75,4.85,4.9,4.78,,2014
2014-04-24,3.13,3.42,3.7,3.95,4.19,4.4,4.57,4.7,4.8,4.85,4.73,,2014
2014-04-25,3.18,3.47,3.76,4.03,4.27,4.48,4.66,4.79,4.89,4.95,4.83,,2014
2014-04-28,3.13,3.43,3.72,3.99,4.22,4.44,4.62,4.75,4.86,4.92,4.83,,2014
2014-04-29,3.09,3.39,3.67,3.94,4.18,4.4,4.58,4.72,4.81,4.88,4.79,,2014
2014-04-30,3.07,3.35,3.61,3.85,4.09,4.32,4.5,4.63,4.72,4.79,4.7,,2014
2014-05-05,3.04,3.31,3.57,3.82,4.05,4.25,4.43,4.58,4.68,4.73,4.64,,2014
2014-05-06,3.03,3.29,3.55,3.8,4.03,4.24,4.42,4.56,4.66,4.72,4.63,,2014
2014-05-07,3.03,3.29,3.56,3.8,4.03,4.24,4.42,4.56,4.66,4.71,4.62,,2014
2014-05-08,2.97,3.22,3.47,3.7,3.93,4.14,4.32,4.46,4.56,4.63,4.53,,2014
2014-05-09,2.95,3.19,3.42,3.64,3.87,4.08,4.26,4.4,4.5,4.56,4.46,,2014
2014-05-10,2.96,3.21,3.43,3.66,3.89,4.1,4.28,4.42,4.52,4.62,4.5,,2014
2014-05-12,2.98,3.22,3.45,3.67,3.9,4.11,4.29,4.43,4.53,4.63,4.53,,2014
2014-05-13,2.95,3.2,3.45,3.69,3.93,4.14,4.32,4.46,4.56,4.65,4.55,,2014
2014-05-14,2.85,3.1,3.32,3.56,3.79,4.0,4.18,4.33,4.42,4.52,4.39,,2014
2014-05-15,2.76,2.98,3.21,3.43,3.66,3.87,4.05,4.19,4.29,4.39,4.23,,2014
2014-05-16,2.84,3.06,3.31,3.53,3.76,3.97,4.15,4.29,4.39,4.49,4.38,,2014
2014-05-19,2.84,3.06,3.31,3.53,3.76,3.98,4.16,4.3,4.4,4.49,4.38,,2014
2014-05-20,2.86,3.08,3.32,3.55,3.77,3.99,4.17,4.3,4.4,4.49,4.39,,2014
2014-05-21,2.92,3.15,3.4,3.64,3.87,4.07,4.25,4.4,4.49,4.59,4.48,,2014
2014-05-22,2.86,3.09,3.34,3.56,3.79,4.0,4.18,4.32,4.42,4.51,4.4,,2014
2014-05-23,2.81,3.03,3.27,3.5,3.73,3.93,4.11,4.26,4.35,4.45,4.43,,2014
2014-05-26,2.8,3.02,3.26,3.48,3.71,3.92,4.1,4.24,4.34,4.44,4.32,,2014
2014-05-27,2.77,2.99,3.23,3.45,3.68,3.89,4.07,4.21,4.31,4.41,4.29,,2014
2014-05-28,2.78,3.0,3.23,3.48,3.71,3.93,4.12,4.26,4.36,4.45,4.33,,2014
2014-05-29,2.74,2.96,3.2,3.45,3.69,3.91,4.11,4.25,4.35,4.44,4.35,,2014
2014-05-30,2.7,2.9,3.14,3.38,3.62,3.84,4.02,4.17,4.28,4.37,4.28,,2014
2014-06-02,2.71,2.92,3.15,3.4,3.64,3.86,4.05,4.2,4.3,4.39,4.3,,2014
2014-06-03,2.74,2.95,3.17,3.42,3.65,3.87,4.06,4.22,4.32,4.4,4.31,,2014
2014-06-04,2.77,2.98,3.21,3.46,3.7,3.92,4.12,4.27,4.37,4.46,4.36,,2014
2014-06-05,2.7,2.91,3.16,3.4,3.66,3.88,4.08,4.23,4.33,4.42,4.33,,2014
2014-06-06,2.66,2.87,3.1,3.32,3.58,3.81,4.0,4.16,4.26,4.35,4.26,,2014
2014-06-10,2.58,2.76,2.97,3.19,3.43,3.65,3.84,3.99,4.09,4.18,4.08,,2014
2014-06-11,2.59,2.76,2.97,3.21,3.45,3.67,3.86,4.01,4.12,4.2,4.11,,2014
2014-06-12,2.55,2.72,2.94,3.17,3.4,3.63,3.82,3.98,4.09,4.17,4.09,,2014
2014-06-13,2.52,2.69,2.89,3.11,3.37,3.6,3.79,3.94,4.04,4.12,4.03,,2014
2014-06-16,2.54,2.71,2.92,3.16,3.42,3.66,3.86,4.02,4.12,4.21,4.09,,2014
2014-06-17,2.51,2.68,2.89,3.13,3.39,3.64,3.85,4.01,4.11,4.19,4.09,,2014
2014-06-18,2.54,2.72,2.93,3.18,3.44,3.69,3.9,4.06,4.17,4.25,4.16,,2014
2014-06-19,2.5,2.67,2.86,3.1,3.36,3.6,3.81,3.96,4.07,4.16,4.06,,2014
2014-06-20,2.51,2.68,2.86,3.09,3.35,3.6,3.81,3.96,4.07,4.16,4.06,,2014
2014-06-23,2.54,2.71,2.9,3.14,3.38,3.62,3.84,4.0,4.11,4.2,4.19,,2014
2014-06-24,2.5,2.67,2.84,3.08,3.33,3.58,3.78,3.94,4.04,4.13,4.03,,2014
2014-06-25,2.52,2.66,2.86,3.08,3.32,3.55,3.75,3.92,4.03,4.12,4.09,,2014
2014-06-26,2.5,2.62,2.8,3.02,3.25,3.48,3.69,3.85,3.96,4.04,3.94,,2014
2014-06-27,2.39,2.48,2.62,2.8,3.04,3.27,3.46,3.61,3.72,3.8,3.7,,2014
2014-06-30,2.41,2.5,2.65,2.83,3.04,3.27,3.46,3.62,3.74,3.83,3.79,,2014
2014-07-01,2.4,2.48,2.63,2.82,3.04,3.27,3.47,3.64,3.75,3.83,3.72,,2014
2014-07-02,2.49,2.59,2.74,2.92,3.14,3.37,3.56,3.74,3.85,3.94,3.82,,2014
2014-07-03,2.5,2.6,2.75,2.92,3.14,3.38,3.57,3.75,3.85,3.95,3.83,,2014
2014-07-04,2.48,2.59,2.73,2.92,3.14,3.36,3.56,3.74,3.85,3.94,3.83,,2014
2014-07-07,2.46,2.57,2.71,2.89,3.1,3.34,3.53,3.71,3.82,3.92,3.8,,2014
2014-07-08,2.44,2.54,2.68,2.85,3.06,3.29,3.5,3.68,3.78,3.87,3.76,,2014
2014-07-09,2.4,2.5,2.64,2.81,3.01,3.24,3.45,3.62,3.73,3.82,3.71,,2014
2014-07-10,2.38,2.48,2.62,2.78,2.98,3.21,3.42,3.59,3.7,3.79,3.68,,2014
2014-07-11,2.47,2.57,2.72,2.91,3.12,3.33,3.54,3.7,3.83,3.92,3.94,,2014
2014-07-14,2.45,2.55,2.7,2.9,3.11,3.34,3.54,3.71,3.83,3.92,3.8,,2014
2014-07-15,2.46,2.57,2.72,2.92,3.12,3.35,3.57,3.73,3.85,3.94,3.82,,2014
2014-07-16,2.46,2.58,2.74,2.94,3.15,3.38,3.59,3.76,3.88,3.97,3.85,,2014
2014-07-17,2.45,2.57,2.73,2.93,3.14,3.37,3.58,3.75,3.87,3.96,3.85,,2014
2014-07-18,2.45,2.57,2.73,2.93,3.15,3.37,3.58,3.75,3.87,3.95,3.84,,2014
2014-07-21,2.42,2.53,2.69,2.89,3.11,3.34,3.55,3.72,3.83,3.95,3.9,,2014
2014-07-22,2.4,2.51,2.68,2.88,3.09,3.32,3.52,3.69,3.81,3.91,3.92,,2014
2014-07-23,2.37,2.5,2.68,2.88,3.09,3.31,3.52,3.7,3.82,3.92,3.87,,2014
2014-07-24,2.34,2.47,2.63,2.83,3.05,3.27,3.48,3.66,3.78,3.87,3.84,,2014
2014-07-25,2.37,2.5,2.68,2.88,3.09,3.31,3.52,3.7,3.83,3.91,3.88,,2014
2014-07-28,2.4,2.52,2.68,2.89,3.11,3.33,3.54,3.71,3.83,3.92,3.81,,2014
2014-07-29,2.42,2.55,2.71,2.92,3.14,3.36,3.56,3.74,3.87,3.96,3.85,,2014
2014-07-30,2.44,2.58,2.75,2.96,3.2,3.41,3.62,3.8,3.91,4.0,3.88,,2014
2014-07-31,2.52,2.68,2.85,3.07,3.3,3.52,3.73,3.91,4.03,4.13,4.01,,2014
2014-08-01,2.59,2.77,2.96,3.21,3.46,3.69,3.9,4.08,4.2,4.3,4.18,,2014
2014-08-04,2.58,2.77,2.96,3.2,3.45,3.69,3.91,4.09,4.22,4.31,4.2,,2014
2014-08-05,2.53,2.73,2.92,3.13,3.37,3.61,3.83,4.0,4.13,4.21,4.1,,2014
2014-08-06,2.67,2.87,3.09,3.31,3.54,3.77,3.98,4.17,4.3,4.38,4.27,,2014
2014-08-07,2.67,2.87,3.08,3.3,3.55,3.78,4.0,4.18,4.31,4.41,4.29,,2014
2014-08-08,2.63,2.83,3.03,3.25,3.5,3.74,3.96,4.14,4.27,4.36,4.24,,2014
2014-08-11,2.54,2.74,2.94,3.16,3.41,3.65,3.87,4.05,4.17,4.26,4.14,,2014
2014-08-12,2.54,2.74,2.94,3.16,3.4,3.64,3.86,4.04,4.17,4.26,4.14,,2014
2014-08-13,2.54,2.74,2.94,3.16,3.4,3.64,3.86,4.04,4.17,4.26,4.14,,2014
2014-08-14,2.5,2.68,2.87,3.07,3.32,3.55,3.76,3.95,4.07,4.16,4.05,,2014
2014-08-15,2.46,2.63,2.82,3.03,3.27,3.5,3.71,3.9,4.01,4.1,3.99,,2014
2014-08-18,2.48,2.65,2.83,3.03,3.28,3.5,3.71,3.9,4.02,4.11,4.0,,2014
2014-08-19,2.45,2.61,2.78,2.99,3.21,3.44,3.66,3.84,3.96,4.07,3.94,,2014
2014-08-21,2.45,2.6,2.76,2.97,3.2,3.43,3.63,3.82,3.94,4.03,3.99,,2014
2014-08-22,2.42,2.57,2.75,2.96,3.18,3.41,3.62,3.79,3.9,4.01,3.98,,2014
2014-08-25,2.42,2.58,2.75,2.97,3.17,3.4,3.6,3.77,3.89,4.0,3.98,,2014
2014-08-26,2.4,2.55,2.72,2.93,3.15,3.36,3.56,3.74,3.87,3.96,3.95,,2014
2014-08-27,2.36,2.49,2.66,2.86,3.06,3.27,3.47,3.65,3.77,3.88,3.84,,2014
2014-08-28,2.37,2.5,2.66,2.85,3.04,3.24,3.43,3.59,3.7,3.81,3.79,,2014
2014-08-29,2.46,2.59,2.76,2.93,3.13,3.32,3.5,3.65,3.75,3.85,3.84,,2014
2014-09-01,2.46,2.58,2.74,2.92,3.1,3.28,3.45,3.61,3.72,3.82,3.81,,2014
2014-09-02,2.45,2.58,2.73,2.9,3.09,3.28,3.45,3.61,3.7,3.82,3.8,,2014
2014-09-03,2.42,2.55,2.71,2.9,3.08,3.26,3.44,3.6,3.67,3.77,3.64,,2014
2014-09-04,2.42,2.56,2.71,2.9,3.09,3.26,3.43,3.57,3.66,3.75,3.62,,2014
2014-09-05,2.39,2.52,2.69,2.87,3.07,3.24,3.4,3.54,3.62,3.72,3.59,,2014
2014-09-08,2.35,2.48,2.64,2.82,3.01,3.18,3.35,3.49,3.58,3.68,3.56,,2014
2014-09-09,2.38,2.52,2.69,2.87,3.07,3.23,3.41,3.56,3.66,3.75,3.64,,2014
2014-09-10,2.47,2.62,2.8,2.99,3.2,3.39,3.56,3.72,3.83,3.92,3.81,,2014
2014-09-11,2.39,2.54,2.71,2.9,3.09,3.28,3.45,3.61,3.72,3.82,3.83,,2014
2014-09-12,2.5,2.67,2.87,3.07,3.28,3.49,3.68,3.86,3.99,4.12,4.14,,2014
2014-09-15,2.47,2.65,2.84,3.05,3.26,3.46,3.65,3.82,3.93,4.07,4.09,,2014
2014-09-16,2.4,2.56,2.75,2.95,3.15,3.35,3.54,3.71,3.83,3.95,3.98,,2014
2014-09-17,2.39,2.55,2.73,2.94,3.14,3.35,3.54,3.7,3.83,3.94,3.98,,2014
2014-09-18,2.38,2.54,2.73,2.93,3.13,3.33,3.53,3.69,3.82,3.95,3.97,,2014
2014-09-19,2.37,2.54,2.73,2.94,3.16,3.37,3.56,3.73,3.86,3.99,4.0,,2014
2014-09-22,2.36,2.53,2.72,2.93,3.15,3.35,3.55,3.71,3.85,3.98,4.0,,2014
2014-09-23,2.33,2.5,2.69,2.89,3.1,3.31,3.5,3.67,3.79,3.93,3.96,,2014
2014-09-24,2.35,2.51,2.69,2.9,3.11,3.31,3.49,3.65,3.78,3.92,3.94,,2014
2014-09-25,2.35,2.51,2.69,2.9,3.1,3.3,3.49,3.65,3.77,3.91,3.93,,2014
2014-09-26,2.36,2.53,2.71,2.92,3.13,3.33,3.51,3.67,3.79,3.93,3.95,,2014
2014-09-29,2.42,2.6,2.8,3.03,3.25,3.46,3.65,3.82,3.95,4.07,4.09,,2014
2014-09-30,2.4,2.58,2.78,3.0,3.21,3.43,3.62,3.78,3.9,4.02,4.04,,2014
2014-10-01,2.39,2.57,2.78,3.0,3.21,3.42,3.62,3.79,3.9,4.03,4.05,,2014
2014-10-02,2.35,2.51,2.7,2.9,3.12,3.33,3.51,3.67,3.78,3.9,3.94,,2014
2014-10-03,2.35,2.51,2.71,2.92,3.13,3.34,3.52,3.69,3.81,3.93,3.96,,2014
2014-10-06,2.35,2.51,2.7,2.92,3.13,3.34,3.53,3.68,3.79,3.91,3.94,,2014
2014-10-07,2.32,2.48,2.67,2.88,3.09,3.31,3.5,3.65,3.76,3.87,3.91,,2014
2014-10-08,2.33,2.48,2.67,2.86,3.08,3.29,3.48,3.63,3.74,3.85,3.89,,2014
2014-10-09,2.29,2.41,2.57,2.76,2.94,3.13,3.31,3.45,3.55,3.65,3.69,,2014
2014-10-10,2.29,2.42,2.58,2.77,2.96,3.15,3.32,3.46,3.56,3.66,3.7,,2014
2014-10-13,2.29,2.42,2.59,2.77,2.96,3.14,3.31,3.45,3.56,3.68,3.7,,2014
2014-10-14,2.2,2.33,2.48,2.67,2.86,3.04,3.2,3.34,3.44,3.55,3.59,,2014
2014-10-15,2.19,2.3,2.45,2.63,2.81,2.99,3.15,3.28,3.38,3.49,3.53,,2014
2014-10-16,2.3,2.43,2.61,2.79,2.97,3.15,3.3,3.44,3.55,3.66,3.66,,2014
2014-10-17,2.26,2.4,2.57,2.75,2.93,3.11,3.26,3.41,3.5,3.58,3.64,,2014
2014-10-18,2.22,2.34,2.49,2.65,2.83,3.0,3.14,3.28,3.37,3.46,3.46,,2014
2014-10-20,2.2,2.31,2.47,2.63,2.81,2.97,3.12,3.25,3.35,3.43,3.47,,2014
2014-10-21,2.2,2.33,2.5,2.68,2.86,3.03,3.2,3.35,3.44,3.55,3.58,,2014
2014-10-22,2.2,2.33,2.49,2.67,2.86,3.04,3.21,3.35,3.45,3.56,3.58,,2014
2014-10-27,2.22,2.35,2.51,2.68,2.87,3.05,3.23,3.37,3.48,3.59,3.61,,2014
2014-10-28,2.18,2.3,2.45,2.63,2.82,3.01,3.18,3.32,3.43,3.54,3.56,,2014
2014-10-29,2.18,2.3,2.44,2.62,2.8,2.98,3.15,3.3,3.42,3.51,3.55,,2014
2014-10-30,2.22,2.33,2.47,2.65,2.83,3.01,3.19,3.34,3.46,3.55,3.58,,2014
2014-10-31,2.16,2.24,2.36,2.52,2.69,2.86,3.03,3.17,3.29,3.4,3.42,,2014
2014-11-03,2.18,2.27,2.39,2.55,2.72,2.9,3.07,3.22,3.34,3.46,3.47,,2014
2014-11-04,2.19,2.27,2.4,2.55,2.72,2.91,3.09,3.24,3.36,3.47,3.49,,2014
2014-11-05,2.19,2.27,2.39,2.54,2.71,2.89,3.07,3.23,3.34,3.45,3.47,,2014
2014-11-06,2.24,2.32,2.44,2.6,2.77,2.96,3.13,3.29,3.4,3.51,3.52,,2014
2014-11-07,2.22,2.3,2.43,2.58,2.76,2.94,3.11,3.26,3.38,3.47,3.5,,2014
2014-11-10,2.2,2.28,2.4,2.55,2.72,2.89,3.06,3.21,3.33,3.43,3.45,,2014
2014-11-11,2.18,2.26,2.37,2.51,2.68,2.84,3.01,3.16,3.27,3.39,3.4,,2014
2014-11-12,2.18,2.26,2.38,2.52,2.69,2.86,3.03,3.18,3.29,3.4,3.41,,2014
2014-11-13,2.13,2.2,2.32,2.45,2.61,2.77,2.93,3.09,3.2,3.31,3.33,,2014
2014-11-14,2.09,2.16,2.26,2.4,2.54,2.69,2.84,2.98,3.1,3.22,3.24,,2014
2014-11-17,2.08,2.14,2.24,2.38,2.51,2.65,2.8,2.95,3.06,3.16,3.21,,2014
2014-11-18,2.06,2.12,2.22,2.36,2.48,2.64,2.77,2.92,3.03,3.12,3.17,,2014
2014-11-19,2.07,2.14,2.24,2.38,2.52,2.67,2.81,2.95,3.07,3.17,3.2,,2014
2014-11-20,2.1,2.16,2.27,2.41,2.56,2.71,2.85,3.0,3.11,3.2,3.26,,2014
2014-11-21,2.08,2.15,2.24,2.38,2.52,2.67,2.81,2.95,3.06,3.16,3.21,,2014
2014-11-24,2.06,2.13,2.22,2.35,2.49,2.64,2.78,2.92,3.03,3.13,3.19,,2014
2014-11-25,2.07,2.13,2.23,2.36,2.5,2.65,2.79,2.94,3.05,3.15,3.19,,2014
2014-11-26,2.01,2.07,2.15,2.27,2.41,2.56,2.7,2.84,2.94,3.02,3.08,,2014
2014-11-27,2.03,2.09,2.17,2.29,2.43,2.57,2.71,2.85,2.95,3.06,3.08,,2014
2014-11-28,2.02,2.07,2.16,2.27,2.41,2.54,2.68,2.82,2.93,3.04,3.06,,2014
2014-12-01,2.03,2.09,2.17,2.28,2.41,2.55,2.69,2.82,2.94,3.04,3.05,,2014
2014-12-02,2.05,2.11,2.19,2.31,2.45,2.58,2.72,2.86,2.97,3.06,3.1,,2014
2014-12-03,2.09,2.15,2.24,2.36,2.49,2.63,2.78,2.93,3.04,3.14,3.16,,2014
2014-12-04,2.09,2.15,2.25,2.37,2.5,2.64,2.79,2.93,3.04,3.15,3.16,,2014
2014-12-05,2.08,2.14,2.24,2.37,2.5,2.64,2.79,2.93,3.05,3.14,3.18,,2014
2014-12-08,2.1,2.19,2.31,2.45,2.6,2.74,2.89,3.03,3.14,3.23,3.27,,2014
2014-12-09,2.08,2.16,2.27,2.41,2.56,2.7,2.84,2.98,3.09,3.18,3.2,,2014
2014-12-10,2.09,2.18,2.31,2.47,2.62,2.76,2.9,3.04,3.15,3.24,3.28,,2014
2014-12-11,2.09,2.18,2.31,2.45,2.6,2.74,2.89,3.02,3.13,3.23,3.24,,2014
2014-12-12,2.06,2.14,2.27,2.41,2.56,2.7,2.85,2.98,3.09,3.18,3.21,,2014
2014-12-13,2.04,2.12,2.25,2.4,2.55,2.69,2.84,2.97,3.08,3.17,3.2,,2014
2014-12-15,2.02,2.11,2.24,2.39,2.54,2.68,2.83,2.96,3.07,3.17,3.19,,2014
2014-12-16,2.08,2.18,2.32,2.48,2.64,2.78,2.92,3.06,3.17,3.28,3.28,,2014
2014-12-17,2.14,2.25,2.39,2.54,2.69,2.84,3.0,3.14,3.25,3.34,3.38,,2014
2014-12-18,2.15,2.25,2.38,2.53,2.69,2.85,3.0,3.14,3.24,3.35,3.37,,2014
2014-12-19,2.14,2.24,2.37,2.53,2.69,2.85,2.99,3.12,3.22,3.33,3.35,,2014
2014-12-22,2.14,2.24,2.37,2.53,2.69,2.85,3.0,3.14,3.24,3.33,3.37,,2014
2014-12-23,2.13,2.23,2.37,2.52,2.69,2.85,3.0,3.14,3.24,3.33,3.35,,2014
2014-12-29,2.13,2.23,2.37,2.52,2.69,2.85,3.0,3.14,3.24,3.33,3.35,,2014
2014-12-30,2.1,2.2,2.33,2.49,2.67,2.82,2.98,3.11,3.22,3.3,3.37,,2014
2014-12-31,2.11,2.22,2.36,2.52,2.68,2.84,2.99,3.13,3.23,3.32,3.37,,2014
2015-01-05,2.09,2.19,2.32,2.48,2.64,2.79,2.95,3.09,3.19,3.28,3.34,,2015
2015-01-06,2.04,2.12,2.24,2.4,2.57,2.72,2.88,3.01,3.12,3.22,3.26,,2015
2015-01-07,2.02,2.09,2.21,2.36,2.51,2.66,2.82,2.96,3.06,3.16,3.21,,2015
2015-01-08,2.0,2.06,2.17,2.31,2.46,2.62,2.76,2.9,2.99,3.09,3.12,,2015
2015-01-09,2.02,2.09,2.18,2.3,2.45,2.59,2.74,2.87,2.97,3.08,3.11,,2015
2015-01-10,2.0,2.06,2.15,2.28,2.43,2.58,2.73,2.86,2.96,3.05,3.08,,2015
2015-01-12,2.01,2.07,2.15,2.28,2.43,2.58,2.73,2.86,2.96,3.05,3.08,,2015
2015-01-13,1.98,2.02,2.11,2.22,2.35,2.49,2.63,2.76,2.85,2.94,2.99,,2015
2015-01-14,1.98,2.03,2.11,2.22,2.35,2.5,2.64,2.77,2.86,2.95,3.01,,2015
2015-01-15,1.95,2.0,2.08,2.18,2.31,2.45,2.59,2.72,2.81,2.9,2.94,,2015
2015-01-16,1.98,2.02,2.1,2.21,2.34,2.47,2.6,2.72,2.81,2.91,2.94,,2015
2015-01-19,1.96,1.99,2.07,2.17,2.28,2.41,2.55,2.67,2.75,2.84,2.88,,2015
2015-01-20,1.95,1.98,2.05,2.15,2.27,2.4,2.54,2.67,2.75,2.84,2.88,,2015
2015-01-21,1.93,1.96,2.04,2.14,2.25,2.38,2.51,2.63,2.72,2.82,2.87,,2015
2015-01-22,1.96,2.01,2.08,2.19,2.3,2.43,2.57,2.7,2.78,2.89,2.93,,2015
2015-01-23,1.84,1.88,1.93,2.01,2.12,2.23,2.36,2.46,2.56,2.65,2.68,,2015
2015-01-26,1.84,1.86,1.92,2.0,2.1,2.22,2.34,2.45,2.53,2.63,2.66,,2015
2015-01-27,1.85,1.87,1.93,2.02,2.12,2.24,2.36,2.47,2.56,2.65,2.7,,2015
2015-01-28,1.84,1.85,1.9,1.97,2.07,2.17,2.29,2.39,2.48,2.57,2.63,,2015
2015-01-29,1.88,1.9,1.95,2.02,2.13,2.23,2.34,2.44,2.53,2.62,2.66,,2015
2015-01-30,1.87,1.89,1.94,2.02,2.12,2.23,2.34,2.45,2.54,2.63,2.68,,2015
2015-02-02,1.91,1.93,1.99,2.07,2.17,2.28,2.4,2.51,2.61,2.71,2.75,,2015
2015-02-03,1.85,1.87,1.92,2.0,2.11,2.22,2.34,2.45,2.54,2.63,2.66,,2015
2015-02-04,1.88,1.9,1.97,2.05,2.16,2.27,2.39,2.5,2.59,2.69,2.74,,2015
2015-02-05,1.89,1.9,1.96,2.06,2.17,2.28,2.4,2.51,2.6,2.69,2.75,,2015
2015-02-06,1.87,1.88,1.96,2.05,2.17,2.28,2.4,2.51,2.6,2.71,2.75,,2015
2015-02-09,1.88,1.92,2.02,2.14,2.28,2.42,2.54,2.66,2.76,2.86,2.9,,2015
2015-02-10,1.89,1.93,2.04,2.17,2.32,2.47,2.59,2.71,2.82,2.92,2.96,,2015
2015-02-11,1.89,1.93,2.03,2.15,2.29,2.44,2.57,2.69,2.79,2.88,2.92,,2015
2015-02-12,1.88,1.91,2.01,2.13,2.28,2.43,2.55,2.67,2.76,2.86,2.92,,2015
2015-02-13,1.87,1.9,1.98,2.09,2.23,2.37,2.5,2.61,2.7,2.8,2.84,,2015
2015-02-16,1.89,1.91,1.98,2.09,2.22,2.36,2.49,2.61,2.7,2.8,2.84,,2015
2015-02-17,1.92,1.95,2.03,2.14,2.28,2.42,2.55,2.67,2.76,2.85,2.89,,2015
2015-02-18,1.97,2.02,2.12,2.26,2.41,2.56,2.69,2.82,2.91,3.01,3.05,,2015
2015-02-19,1.91,1.94,2.04,2.17,2.32,2.47,2.61,2.73,2.82,2.91,2.97,,2015
2015-02-20,1.91,1.95,2.04,2.17,2.32,2.47,2.61,2.73,2.82,2.91,2.96,,2015
2015-02-23,1.92,1.96,2.06,2.19,2.34,2.49,2.63,2.75,2.84,2.94,2.99,,2015
2015-02-24,1.88,1.92,2.01,2.14,2.29,2.43,2.57,2.68,2.77,2.87,2.93,,2015
2015-02-25,1.85,1.87,1.94,2.06,2.19,2.33,2.45,2.56,2.66,2.76,2.8,,2015
2015-02-26,1.85,1.87,1.93,2.03,2.16,2.28,2.41,2.52,2.62,2.72,2.77,,2015
2015-02-27,1.88,1.9,1.96,2.06,2.18,2.31,2.44,2.55,2.64,2.74,2.82,,2015
2015-03-02,1.88,1.9,1.97,2.07,2.19,2.33,2.46,2.58,2.66,2.76,2.81,,2015
2015-03-03,1.88,1.9,1.97,2.08,2.2,2.34,2.47,2.59,2.67,2.77,2.82,,2015
2015-03-04,1.91,1.94,2.02,2.13,2.26,2.39,2.53,2.64,2.74,2.83,2.87,,2015
2015-03-05,1.91,1.95,2.05,2.18,2.31,2.45,2.58,2.72,2.82,2.92,2.94,,2015
2015-03-06,1.91,1.96,2.05,2.18,2.32,2.46,2.6,2.71,2.8,2.9,2.94,,2015
2015-03-09,2.0,2.09,2.23,2.38,2.53,2.68,2.82,2.94,3.04,3.15,3.2,,2015
2015-03-10,2.0,2.08,2.21,2.36,2.52,2.67,2.8,2.91,3.0,3.09,3.14,,2015
2015-03-11,2.03,2.13,2.27,2.44,2.6,2.74,2.87,2.97,3.06,3.17,3.2,,2015
2015-03-12,2.01,2.09,2.21,2.35,2.48,2.63,2.75,2.86,2.94,3.04,3.1,,2015
2015-03-13,2.03,2.13,2.27,2.43,2.59,2.73,2.86,2.98,3.06,3.15,3.21,,2015
2015-03-16,1.97,2.08,2.22,2.39,2.55,2.69,2.82,2.93,3.01,3.1,3.15,,2015
2015-03-17,1.93,2.04,2.19,2.36,2.52,2.66,2.79,2.9,2.97,3.07,3.12,,2015
2015-03-18,1.94,2.05,2.21,2.39,2.55,2.7,2.83,2.94,3.02,3.12,3.18,,2015
2015-03-19,1.86,1.95,2.07,2.23,2.39,2.53,2.66,2.76,2.84,2.92,2.99,,2015
2015-03-20,1.87,1.97,2.12,2.28,2.44,2.58,2.7,2.8,2.87,2.96,3.03,,2015
2015-03-23,1.84,1.93,2.04,2.19,2.33,2.47,2.6,2.69,2.76,2.86,2.92,,2015
2015-03-24,1.85,1.93,2.04,2.18,2.33,2.46,2.58,2.68,2.75,2.85,2.91,,2015
2015-03-25,1.78,1.84,1.94,2.07,2.21,2.37,2.49,2.6,2.67,2.75,2.82,,2015
2015-03-26,1.76,1.83,1.95,2.09,2.24,2.39,2.52,2.62,2.69,2.78,2.85,,2015
2015-03-27,1.76,1.84,1.96,2.11,2.27,2.42,2.56,2.67,2.75,2.83,2.91,,2015
2015-03-30,1.73,1.8,1.92,2.07,2.22,2.37,2.5,2.6,2.68,2.75,2.82,,2015
2015-03-31,1.72,1.78,1.89,2.03,2.19,2.34,2.46,2.57,2.65,2.72,2.79,,2015
2015-04-01,1.74,1.81,1.92,2.06,2.21,2.35,2.49,2.59,2.67,2.74,2.8,,2015
2015-04-02,1.74,1.79,1.9,2.04,2.19,2.34,2.48,2.58,2.66,2.73,2.78,,2015
2015-04-03,1.76,1.82,1.92,2.05,2.2,2.36,2.49,2.6,2.67,2.75,2.79,,2015
2015-04-07,1.73,1.79,1.89,2.02,2.17,2.32,2.44,2.55,2.63,2.7,2.77,,2015
2015-04-08,1.7,1.75,1.85,1.98,2.13,2.28,2.4,2.51,2.58,2.65,2.72,,2015
2015-04-09,1.72,1.77,1.88,2.01,2.15,2.3,2.42,2.53,2.6,2.68,2.73,,2015
2015-04-10,1.74,1.79,1.91,2.04,2.18,2.33,2.46,2.56,2.64,2.7,2.77,,2015
2015-04-13,1.72,1.78,1.88,2.01,2.15,2.3,2.42,2.54,2.61,2.68,2.74,,2015
2015-04-14,1.72,1.78,1.89,2.01,2.15,2.29,2.43,2.54,2.61,2.69,2.75,,2015
2015-04-15,1.71,1.78,1.88,2.01,2.15,2.29,2.42,2.54,2.61,2.68,2.74,,2015
2015-04-16,1.73,1.81,1.92,2.05,2.19,2.33,2.46,2.58,2.65,2.72,2.76,,2015
2015-04-17,1.73,1.8,1.92,2.06,2.2,2.35,2.48,2.6,2.66,2.74,2.8,,2015
2015-04-20,1.72,1.79,1.92,2.06,2.21,2.35,2.49,2.6,2.67,2.74,2.8,,2015
2015-04-21,1.71,1.78,1.9,2.03,2.18,2.32,2.46,2.57,2.64,2.71,2.77,,2015
2015-04-22,1.75,1.84,1.97,2.13,2.27,2.42,2.56,2.66,2.74,2.81,2.87,,2015
2015-04-23,1.76,1.86,2.01,2.16,2.31,2.47,2.6,2.72,2.79,2.86,2.93,,2015
2015-04-24,1.72,1.81,1.95,2.1,2.25,2.41,2.55,2.66,2.73,2.81,2.86,,2015
2015-04-27,1.73,1.84,1.99,2.15,2.3,2.45,2.59,2.7,2.78,2.85,2.89,,2015
2015-04-28,1.74,1.85,2.0,2.16,2.32,2.47,2.6,2.72,2.8,2.87,2.91,,2015
2015-04-29,1.74,1.85,2.0,2.17,2.33,2.48,2.62,2.73,2.81,2.89,2.94,,2015
2015-04-30,1.79,1.94,2.11,2.29,2.47,2.64,2.78,2.9,2.97,3.04,3.11,,2015
2015-05-04,1.77,1.92,2.1,2.28,2.46,2.62,2.76,2.88,2.95,3.02,3.08,,2015
2015-05-05,1.76,1.91,2.09,2.28,2.46,2.62,2.76,2.88,2.96,3.04,3.09,,2015
2015-05-06,1.86,2.07,2.31,2.55,2.78,2.97,3.12,3.25,3.34,3.43,3.48,,2015
2015-05-07,1.92,2.15,2.39,2.64,2.86,3.04,3.19,3.31,3.4,3.5,3.53,,2015
2015-05-08,1.78,1.96,2.16,2.38,2.59,2.78,2.93,3.05,3.14,3.22,3.28,,2015
2015-05-11,1.8,2.0,2.22,2.46,2.67,2.87,3.01,3.13,3.22,3.29,3.34,,2015
2015-05-12,1.88,2.1,2.37,2.62,2.85,3.05,3.21,3.34,3.43,3.51,3.54,,2015
2015-05-13,1.83,2.03,2.28,2.54,2.76,2.95,3.11,3.24,3.33,3.4,3.46,,2015
2015-05-14,1.85,2.09,2.36,2.61,2.84,3.03,3.19,3.31,3.4,3.48,3.53,,2015
2015-05-15,1.79,1.98,2.21,2.46,2.68,2.86,3.0,3.12,3.21,3.3,3.36,,2015
2015-05-18,1.79,1.99,2.23,2.48,2.7,2.88,3.05,3.15,3.24,3.34,3.38,,2015
2015-05-19,1.75,1.93,2.15,2.39,2.6,2.78,2.93,3.04,3.13,3.22,3.25,,2015
2015-05-20,1.75,1.93,2.15,2.38,2.62,2.8,2.96,3.08,3.16,3.25,3.3,,2015
2015-05-21,1.77,1.95,2.16,2.4,2.61,2.79,2.94,3.06,3.15,3.24,3.28,,2015
2015-05-22,1.75,1.92,2.13,2.36,2.57,2.76,2.92,3.03,3.12,3.22,3.28,,2015
2015-05-26,1.74,1.9,2.12,2.34,2.56,2.75,2.9,3.01,3.11,3.2,3.26,,2015
2015-05-27,1.72,1.89,2.12,2.35,2.57,2.76,2.92,3.03,3.13,3.22,3.28,,2015
2015-05-28,1.7,1.87,2.1,2.33,2.55,2.75,2.91,3.03,3.13,3.22,3.27,,2015
2015-05-29,1.67,1.84,2.04,2.27,2.5,2.69,2.85,2.98,3.07,3.17,3.23,,2015
2015-06-01,1.68,1.84,2.04,2.25,2.47,2.66,2.82,2.95,3.04,3.13,3.2,,2015
2015-06-02,1.68,1.85,2.08,2.3,2.52,2.73,2.89,3.02,3.11,3.2,3.25,,2015
2015-06-03,1.67,1.85,2.08,2.34,2.58,2.79,2.96,3.08,3.18,3.26,3.32,,2015
2015-06-04,1.65,1.84,2.11,2.41,2.68,2.91,3.1,3.25,3.35,3.43,3.5,,2015
2015-06-05,1.6,1.77,2.03,2.32,2.58,2.82,2.99,3.14,3.24,3.31,3.38,,2015
2015-06-08,1.66,1.85,2.13,2.43,2.71,2.94,3.11,3.25,3.35,3.42,3.5,,2015
2015-06-09,1.73,1.94,2.21,2.52,2.79,3.02,3.2,3.35,3.45,3.52,3.58,,2015
2015-06-10,1.8,2.03,2.32,2.64,2.91,3.15,3.34,3.49,3.58,3.65,3.71,,2015
2015-06-11,1.79,2.03,2.3,2.61,2.88,3.11,3.28,3.43,3.54,3.61,3.67,,2015
2015-06-12,1.75,1.98,2.25,2.53,2.79,3.02,3.21,3.36,3.46,3.55,3.63,,2015
2015-06-15,1.78,2.04,2.32,2.63,2.89,3.13,3.33,3.48,3.59,3.67,3.72,,2015
2015-06-16,1.8,2.08,2.37,2.68,2.96,3.2,3.4,3.56,3.66,3.74,3.8,,2015
2015-06-17,1.73,2.01,2.29,2.59,2.86,3.11,3.3,3.45,3.55,3.63,3.69,,2015
2015-06-18,1.7,1.96,2.25,2.54,2.8,3.04,3.23,3.39,3.49,3.57,3.62,,2015
2015-06-19,1.72,1.98,2.27,2.57,2.84,3.08,3.27,3.42,3.53,3.61,3.66,,2015
2015-06-22,1.68,1.94,2.22,2.52,2.78,3.02,3.21,3.37,3.47,3.55,3.59,,2015
2015-06-23,1.63,1.89,2.16,2.45,2.71,2.94,3.13,3.28,3.39,3.48,3.53,,2015
2015-06-24,1.63,1.88,2.15,2.43,2.69,2.92,3.11,3.26,3.36,3.45,3.5,,2015
2015-06-25,1.64,1.88,2.15,2.43,2.69,2.92,3.12,3.27,3.38,3.46,3.52,,2015
2015-06-26,1.63,1.88,2.14,2.42,2.68,2.91,3.11,3.26,3.37,3.46,3.51,,2015
2015-06-29,1.68,1.94,2.21,2.51,2.78,3.01,3.21,3.36,3.47,3.56,3.61,,2015
2015-06-30,1.69,1.95,2.23,2.54,2.8,3.04,3.23,3.38,3.49,3.59,3.63,,2015
2015-07-01,1.67,1.92,2.19,2.47,2.74,2.96,3.16,3.32,3.42,3.53,3.58,,2015
2015-07-02,1.67,1.92,2.19,2.48,2.75,2.98,3.17,3.32,3.43,3.51,3.58,,2015
2015-07-03,1.66,1.91,2.19,2.47,2.74,2.97,3.17,3.32,3.43,3.53,3.59,,2015
2015-07-06,1.67,1.92,2.19,2.49,2.76,3.0,3.19,3.35,3.46,3.57,3.61,,2015
2015-07-07,1.65,1.9,2.17,2.47,2.74,2.98,3.17,3.33,3.44,3.52,3.59,,2015
2015-07-08,1.63,1.87,2.12,2.39,2.65,2.87,3.06,3.2,3.3,3.39,3.46,,2015
2015-07-09,1.6,1.82,2.06,2.32,2.57,2.79,2.97,3.12,3.23,3.31,3.37,,2015
2015-07-10,1.57,1.77,2.01,2.26,2.5,2.71,2.9,3.04,3.14,3.25,3.29,,2015
2015-07-13,1.55,1.76,1.99,2.25,2.5,2.72,2.9,3.04,3.15,3.24,3.29,,2015
2015-07-14,1.55,1.76,2.01,2.28,2.52,2.74,2.91,3.06,3.18,3.26,3.33,,2015
2015-07-15,1.55,1.76,1.99,2.26,2.51,2.72,2.9,3.05,3.16,3.25,3.31,,2015
2015-07-16,1.55,1.74,1.97,2.23,2.47,2.67,2.84,2.97,3.09,3.2,3.25,,2015
2015-07-17,1.57,1.78,2.01,2.26,2.51,2.72,2.9,3.03,3.15,3.24,3.29,,2015
2015-07-20,1.58,1.77,1.99,2.24,2.48,2.7,2.86,2.99,3.1,3.23,3.28,,2015
2015-07-21,1.58,1.78,2.0,2.23,2.47,2.67,2.84,2.97,3.08,3.18,3.23,,2015
2015-07-22,1.63,1.83,2.04,2.26,2.47,2.65,2.81,2.94,3.04,3.17,3.22,,2015
2015-07-23,1.59,1.78,1.98,2.2,2.4,2.58,2.74,2.87,2.97,3.1,3.16,,2015
2015-07-24,1.62,1.82,2.03,2.25,2.46,2.65,2.8,2.93,3.04,3.15,3.2,,2015
2015-07-27,1.62,1.82,2.03,2.25,2.46,2.66,2.82,2.96,3.06,3.18,3.23,,2015
2015-07-28,1.62,1.82,2.03,2.25,2.47,2.66,2.83,2.96,3.08,3.18,3.23,,2015
2015-07-29,1.61,1.81,2.02,2.25,2.47,2.66,2.83,2.96,3.08,3.2,3.23,,2015
2015-07-30,1.6,1.82,2.06,2.29,2.51,2.72,2.88,3.02,3.13,3.24,3.29,,2015
2015-07-31,1.6,1.82,2.06,2.3,2.53,2.73,2.91,3.04,3.15,3.25,3.3,,2015
2015-08-03,1.59,1.8,2.03,2.26,2.49,2.69,2.86,2.99,3.1,3.22,3.32,,2015
2015-08-04,1.59,1.8,2.02,2.23,2.43,2.64,2.81,2.93,3.04,3.17,3.26,,2015
2015-08-05,1.6,1.82,2.04,2.27,2.48,2.69,2.86,2.98,3.1,3.2,3.32,,2015
2015-08-06,1.61,1.84,2.07,2.3,2.52,2.72,2.89,3.02,3.14,3.24,3.36,,2015
2015-08-07,1.6,1.82,2.05,2.28,2.5,2.71,2.87,3.0,3.11,3.23,3.35,,2015
2015-08-08,1.6,1.82,2.04,2.26,2.48,2.69,2.85,2.99,3.1,3.23,3.34,,2015
2015-08-10,1.59,1.81,2.03,2.25,2.46,2.66,2.83,2.96,3.08,3.19,3.3,,2015
2015-08-11,1.57,1.77,1.99,2.21,2.42,2.61,2.77,2.9,3.01,3.13,3.26,,2015
2015-08-12,1.52,1.7,1.9,2.11,2.33,2.51,2.67,2.8,2.91,3.03,3.16,,2015
2015-08-13,1.54,1.72,1.93,2.14,2.35,2.55,2.71,2.85,2.96,3.08,3.18,,2015
2015-08-14,1.53,1.7,1.91,2.12,2.33,2.53,2.69,2.83,2.94,3.06,3.17,,2015
2015-08-17,1.53,1.7,1.89,2.11,2.32,2.52,2.69,2.83,2.94,3.05,3.16,,2015
2015-08-18,1.54,1.71,1.9,2.12,2.33,2.53,2.7,2.84,2.96,3.07,3.19,,2015
2015-08-19,1.54,1.72,1.92,2.14,2.36,2.57,2.74,2.88,2.99,3.11,3.23,,2015
2015-08-24,1.58,1.76,1.97,2.2,2.43,2.64,2.82,2.96,3.07,3.2,3.32,,2015
2015-08-25,1.57,1.76,1.98,2.22,2.46,2.68,2.87,3.01,3.13,3.25,3.36,,2015
2015-08-26,1.59,1.79,2.01,2.25,2.5,2.73,2.91,3.06,3.18,3.3,3.41,,2015
2015-08-27,1.58,1.77,1.99,2.23,2.48,2.72,2.92,3.07,3.18,3.27,3.36,,2015
2015-08-28,1.57,1.75,1.98,2.23,2.47,2.7,2.9,3.05,3.17,3.28,3.35,,2015
2015-08-31,1.57,1.74,1.96,2.2,2.45,2.68,2.87,3.01,3.13,3.25,3.33,,2015
2015-09-01,1.59,1.78,2.01,2.26,2.5,2.73,2.94,3.09,3.2,3.3,3.39,,2015
2015-09-02,1.57,1.77,2.01,2.27,2.53,2.77,2.96,3.13,3.24,3.36,3.43,,2015
2015-09-03,1.58,1.79,2.03,2.3,2.57,2.81,3.01,3.17,3.29,3.4,3.48,,2015
2015-09-04,1.56,1.74,1.97,2.21,2.47,2.71,2.91,3.06,3.18,3.31,3.4,,2015
2015-09-07,1.56,1.74,1.96,2.22,2.48,2.73,2.92,3.08,3.19,3.31,3.38,,2015
2015-09-08,1.56,1.75,1.97,2.24,2.5,2.74,2.94,3.1,3.22,3.32,3.39,,2015
2015-09-09,1.54,1.74,1.98,2.25,2.52,2.77,2.97,3.13,3.25,3.34,3.44,,2015
2015-09-10,1.51,1.71,1.96,2.23,2.5,2.74,2.94,3.1,3.22,3.33,3.41,,2015
2015-09-11,1.48,1.68,1.93,2.2,2.46,2.71,2.91,3.07,3.19,3.32,3.39,,2015
2015-09-14,1.46,1.64,1.88,2.15,2.4,2.64,2.83,2.99,3.11,3.23,3.33,,2015
2015-09-15,1.47,1.64,1.88,2.14,2.4,2.63,2.82,2.98,3.1,3.21,3.31,,2015
2015-09-16,1.49,1.67,1.92,2.18,2.46,2.69,2.88,3.04,3.16,3.26,3.36,,2015
2015-09-17,1.47,1.64,1.87,2.14,2.41,2.64,2.83,2.98,3.1,3.19,3.3,,2015
2015-09-18,1.44,1.59,1.8,2.04,2.28,2.5,2.7,2.85,2.96,3.09,3.21,,2015
2015-09-21,1.43,1.58,1.78,2.01,2.25,2.46,2.64,2.79,2.92,3.02,3.11,,2015
2015-09-22,1.42,1.55,1.75,1.98,2.22,2.44,2.62,2.78,2.9,3.01,3.1,,2015
2015-09-23,1.4,1.52,1.7,1.94,2.18,2.4,2.58,2.73,2.85,2.96,3.06,,2015
2015-09-24,1.4,1.51,1.7,1.94,2.19,2.41,2.59,2.73,2.85,2.95,3.04,,2015
2015-09-25,1.41,1.53,1.75,2.02,2.28,2.52,2.71,2.86,2.97,3.07,3.15,,2015
2015-09-28,1.4,1.52,1.72,1.97,2.24,2.48,2.68,2.81,2.93,3.04,3.13,,2015
2015-09-29,1.4,1.51,1.71,1.96,2.22,2.45,2.64,2.78,2.9,3.0,3.09,,2015
2015-09-30,1.4,1.51,1.7,1.94,2.2,2.43,2.62,2.77,2.89,2.98,3.08,,2015
2015-10-01,1.4,1.51,1.71,1.95,2.21,2.44,2.64,2.78,2.9,3.0,3.09,,2015
2015-10-02,1.39,1.5,1.68,1.92,2.17,2.4,2.59,2.75,2.86,2.98,3.07,,2015
2015-10-05,1.36,1.44,1.61,1.82,2.05,2.27,2.46,2.62,2.74,2.87,2.95,,2015
2015-10-06,1.36,1.43,1.61,1.8,2.03,2.26,2.45,2.6,2.71,2.85,2.93,,2015
2015-10-07,1.36,1.44,1.6,1.81,2.03,2.25,2.44,2.6,2.71,2.84,2.91,,2015
2015-10-08,1.35,1.43,1.58,1.77,1.99,2.21,2.39,2.54,2.66,2.82,2.89,,2015
2015-10-09,1.37,1.45,1.6,1.81,2.03,2.24,2.43,2.58,2.69,2.84,2.9,,2015
2015-10-12,1.39,1.47,1.64,1.85,2.07,2.27,2.46,2.61,2.73,2.88,2.95,,2015
2015-10-13,1.39,1.47,1.64,1.85,2.07,2.27,2.46,2.6,2.71,2.86,2.94,,2015
2015-10-14,1.42,1.51,1.69,1.92,2.14,2.35,2.53,2.67,2.79,2.92,2.97,,2015
2015-10-15,1.4,1.49,1.67,1.89,2.11,2.31,2.5,2.65,2.76,2.88,2.97,,2015
2015-10-16,1.4,1.49,1.66,1.87,2.09,2.31,2.49,2.64,2.75,2.87,2.95,,2015
2015-10-19,1.4,1.49,1.66,1.88,2.11,2.32,2.51,2.65,2.77,2.89,2.96,,2015
2015-10-20,1.4,1.5,1.67,1.88,2.1,2.31,2.5,2.65,2.78,2.89,2.96,,2015
2015-10-21,1.4,1.49,1.67,1.88,2.1,2.32,2.5,2.65,2.78,2.91,2.95,,2015
2015-10-22,1.41,1.51,1.68,1.9,2.13,2.34,2.53,2.69,2.8,2.92,2.96,,2015
2015-10-26,1.36,1.45,1.61,1.82,2.05,2.27,2.46,2.61,2.72,2.84,2.92,,2015
2015-10-27,1.36,1.44,1.59,1.8,2.03,2.25,2.44,2.59,2.7,2.82,2.9,,2015
2015-10-28,1.35,1.41,1.56,1.75,1.97,2.18,2.36,2.52,2.64,2.75,2.84,,2015
2015-10-29,1.36,1.43,1.58,1.78,2.0,2.23,2.42,2.57,2.68,2.79,2.88,,2015
2015-10-30,1.39,1.48,1.64,1.84,2.06,2.28,2.47,2.63,2.75,2.88,2.93,,2015
2015-11-02,1.39,1.48,1.63,1.83,2.05,2.27,2.46,2.62,2.74,2.86,2.92,,2015
2015-11-03,1.39,1.48,1.62,1.82,2.04,2.25,2.44,2.59,2.71,2.85,2.91,,2015
2015-11-04,1.39,1.48,1.61,1.79,2.0,2.2,2.39,2.54,2.66,2.8,2.87,,2015
2015-11-05,1.43,1.52,1.66,1.84,2.05,2.25,2.44,2.59,2.71,2.82,2.9,,2015
2015-11-06,1.43,1.52,1.67,1.87,2.08,2.27,2.47,2.62,2.73,2.83,2.91,,2015
2015-11-09,1.46,1.58,1.75,1.96,2.18,2.4,2.59,2.75,2.87,2.98,3.02,,2015
2015-11-10,1.45,1.57,1.73,1.93,2.15,2.36,2.54,2.7,2.82,2.94,3.03,,2015
2015-11-11,1.44,1.56,1.73,1.94,2.16,2.38,2.56,2.72,2.84,2.96,3.02,,2015
2015-11-12,1.43,1.54,1.71,1.91,2.13,2.33,2.52,2.68,2.79,2.93,2.99,,2015
2015-11-13,1.41,1.52,1.67,1.87,2.08,2.29,2.47,2.63,2.74,2.86,2.93,,2015
2015-11-16,1.4,1.5,1.63,1.82,2.03,2.23,2.41,2.56,2.68,2.82,2.88,,2015
2015-11-17,1.39,1.5,1.62,1.8,2.01,2.22,2.4,2.55,2.66,2.78,2.85,,2015
2015-11-18,1.39,1.5,1.63,1.81,2.02,2.23,2.41,2.55,2.67,2.78,2.86,,2015
2015-11-19,1.4,1.5,1.64,1.83,2.04,2.25,2.44,2.59,2.7,2.82,2.89,,2015
2015-11-20,1.4,1.49,1.61,1.79,2.0,2.19,2.37,2.52,2.63,2.76,2.82,,2015
2015-11-23,1.4,1.49,1.63,1.82,2.02,2.22,2.39,2.53,2.65,2.79,2.86,,2015
2015-11-24,1.4,1.49,1.62,1.79,2.0,2.2,2.37,2.51,2.63,2.74,2.81,,2015
2015-11-25,1.41,1.5,1.64,1.82,2.03,2.23,2.41,2.55,2.66,2.78,2.85,,2015
2015-11-26,1.4,1.5,1.64,1.83,2.04,2.24,2.42,2.56,2.67,2.79,2.86,,2015
2015-11-27,1.41,1.51,1.65,1.84,2.05,2.26,2.44,2.59,2.69,2.8,2.88,,2015
2015-11-30,1.41,1.52,1.66,1.85,2.05,2.26,2.44,2.59,2.7,2.82,2.89,,2015
2015-12-01,1.41,1.51,1.66,1.85,2.06,2.26,2.44,2.59,2.7,2.81,2.89,,2015
2015-12-02,1.4,1.51,1.65,1.83,2.03,2.24,2.42,2.57,2.68,2.79,2.87,,2015
2015-12-03,1.4,1.51,1.65,1.83,2.03,2.23,2.42,2.56,2.67,2.78,2.86,,2015
2015-12-04,1.44,1.57,1.74,1.94,2.16,2.37,2.55,2.71,2.82,2.92,2.98,,2015
2015-12-07,1.45,1.59,1.77,1.98,2.2,2.4,2.59,2.74,2.86,2.98,3.05,,2015
2015-12-08,1.39,1.53,1.7,1.89,2.1,2.31,2.5,2.65,2.77,2.9,2.95,,2015
2015-12-09,1.39,1.52,1.68,1.89,2.1,2.3,2.49,2.64,2.76,2.89,2.95,,2015
2015-12-10,1.46,1.6,1.79,2.0,2.22,2.43,2.62,2.78,2.9,3.01,3.03,,2015
2015-12-11,1.46,1.61,1.82,2.04,2.27,2.49,2.69,2.85,2.97,3.1,3.13,,2015
2015-12-12,1.47,1.62,1.83,2.05,2.28,2.51,2.7,2.87,2.99,3.12,3.14,,2015
2015-12-14,1.48,1.65,1.85,2.08,2.31,2.53,2.72,2.89,3.01,3.12,3.15,,2015
2015-12-15,1.55,1.75,1.97,2.2,2.44,2.66,2.86,3.03,3.16,3.28,3.3,,2015
2015-12-16,1.48,1.67,1.88,2.1,2.33,2.54,2.73,2.89,3.01,3.14,3.18,,2015
2015-12-17,1.47,1.65,1.86,2.09,2.32,2.54,2.73,2.88,3.0,3.14,3.15,,2015
2015-12-18,1.46,1.64,1.83,2.05,2.27,2.48,2.67,2.83,2.94,3.07,3.11,,2015
2015-12-21,1.45,1.62,1.82,2.04,2.26,2.47,2.65,2.8,2.92,3.04,3.09,,2015
2015-12-22,1.43,1.59,1.78,1.99,2.22,2.42,2.6,2.75,2.86,2.99,3.06,,2015
2015-12-23,1.44,1.6,1.79,2.01,2.24,2.45,2.63,2.78,2.89,3.0,3.07,,2015
2015-12-28,1.44,1.6,1.8,2.02,2.24,2.45,2.63,2.79,2.9,3.02,3.07,,2015
2015-12-29,1.44,1.59,1.79,2.01,2.23,2.44,2.63,2.78,2.89,3.0,3.06,,2015
2015-12-30,1.44,1.59,1.78,2.01,2.23,2.43,2.61,2.76,2.87,3.01,3.05,,2015
2015-12-31,1.44,1.59,1.78,2.0,2.23,2.44,2.62,2.77,2.87,3.01,3.06,,2015
2016-01-04,1.43,1.58,1.77,1.98,2.2,2.4,2.58,2.73,2.84,2.95,3.02,,2016
2016-01-05,1.43,1.58,1.78,2.0,2.22,2.42,2.61,2.75,2.86,2.97,3.02,,2016
2016-01-06,1.43,1.58,1.75,1.96,2.18,2.38,2.56,2.71,2.82,2.95,2.99,,2016
2016-01-07,1.39,1.52,1.68,1.87,2.08,2.29,2.47,2.61,2.73,2.85,2.89,,2016
2016-01-08,1.42,1.56,1.75,1.96,2.18,2.38,2.57,2.73,2.84,2.97,3.01,,2016
2016-01-11,1.4,1.54,1.72,1.92,2.14,2.34,2.53,2.69,2.8,2.94,2.96,,2016
2016-01-12,1.36,1.49,1.65,1.85,2.06,2.26,2.45,2.61,2.72,2.84,2.89,,2016
2016-01-13,1.33,1.41,1.54,1.72,1.91,2.11,2.29,2.43,2.54,2.67,2.72,,2016
2016-01-14,1.34,1.43,1.56,1.74,1.93,2.11,2.29,2.44,2.55,2.69,2.73,,2016
2016-01-15,1.35,1.46,1.61,1.79,1.98,2.17,2.35,2.49,2.62,2.75,2.79,,2016
2016-01-18,1.37,1.48,1.64,1.83,2.03,2.22,2.4,2.56,2.68,2.84,2.9,,2016
2016-01-19,1.38,1.49,1.65,1.84,2.03,2.22,2.4,2.55,2.68,2.85,2.91,,2016
2016-01-20,1.37,1.48,1.63,1.81,2.0,2.19,2.37,2.52,2.65,2.84,2.91,,2016
2016-01-21,1.39,1.5,1.67,1.86,2.05,2.24,2.42,2.57,2.7,2.87,2.94,,2016
2016-01-22,1.37,1.48,1.64,1.81,2.0,2.18,2.36,2.52,2.65,2.87,2.97,,2016
2016-01-25,1.38,1.49,1.64,1.82,2.01,2.2,2.38,2.54,2.68,2.88,3.0,,2016
2016-01-26,1.37,1.47,1.62,1.8,1.99,2.18,2.36,2.52,2.67,2.87,2.98,,2016
2016-01-27,1.34,1.43,1.57,1.75,1.94,2.13,2.3,2.47,2.61,2.81,2.92,,2016
2016-01-28,1.32,1.4,1.55,1.72,1.91,2.11,2.29,2.46,2.6,2.8,2.91,,2016
2016-01-29,1.25,1.28,1.4,1.58,1.76,1.95,2.13,2.29,2.43,2.63,2.77,,2016
2016-02-01,1.24,1.27,1.39,1.56,1.74,1.92,2.09,2.25,2.38,2.6,2.74,,2016
2016-02-02,1.25,1.27,1.38,1.53,1.71,1.89,2.05,2.2,2.33,2.52,2.66,,2016
2016-02-03,1.27,1.3,1.41,1.56,1.73,1.91,2.07,2.22,2.35,2.53,2.67,,2016
2016-02-04,1.31,1.34,1.45,1.61,1.79,1.96,2.12,2.27,2.41,2.59,2.73,,2016
2016-02-05,1.32,1.36,1.47,1.63,1.81,1.98,2.15,2.3,2.44,2.63,2.78,,2016
2016-02-08,1.32,1.36,1.49,1.65,1.83,2.01,2.18,2.33,2.46,2.67,2.82,,2016
2016-02-09,1.33,1.38,1.51,1.68,1.87,2.05,2.22,2.37,2.51,2.7,2.86,,2016
2016-02-10,1.31,1.35,1.48,1.64,1.82,2.0,2.17,2.32,2.45,2.65,2.81,,2016
2016-02-11,1.31,1.35,1.47,1.64,1.82,2.0,2.17,2.32,2.45,2.65,2.8,,2016
2016-02-12,1.3,1.33,1.44,1.59,1.76,1.94,2.1,2.25,2.37,2.55,2.72,,2016
2016-02-15,1.29,1.33,1.44,1.59,1.75,1.92,2.09,2.23,2.35,2.56,2.73,,2016
2016-02-16,1.29,1.32,1.42,1.57,1.74,1.91,2.07,2.21,2.33,2.53,2.71,,2016
2016-02-17,1.29,1.32,1.42,1.57,1.74,1.91,2.07,2.21,2.33,2.54,2.72,,2016
2016-02-18,1.29,1.32,1.42,1.57,1.74,1.9,2.06,2.21,2.33,2.54,2.72,,2016
2016-02-19,1.28,1.31,1.41,1.56,1.72,1.89,2.05,2.19,2.32,2.51,2.68,,2016
2016-02-22,1.27,1.3,1.4,1.55,1.71,1.88,2.04,2.18,2.31,2.5,2.66,,2016
2016-02-23,1.26,1.28,1.38,1.51,1.66,1.82,1.97,2.11,2.23,2.4,2.57,,2016
2016-02-24,1.18,1.2,1.28,1.41,1.56,1.71,1.86,2.0,2.13,2.31,2.47,,2016
2016-02-25,1.15,1.18,1.27,1.4,1.55,1.7,1.85,1.99,2.11,2.29,2.49,,2016
2016-02-26,1.17,1.2,1.3,1.44,1.59,1.74,1.89,2.02,2.14,2.34,2.54,,2016
2016-02-29,1.15,1.19,1.28,1.41,1.55,1.71,1.86,1.99,2.11,2.31,2.51,,2016
2016-03-01,1.13,1.16,1.25,1.38,1.53,1.68,1.83,1.97,2.08,2.25,2.39,,2016
2016-03-02,1.15,1.18,1.29,1.42,1.57,1.73,1.87,2.01,2.13,2.3,2.43,,2016
2016-03-03,1.16,1.2,1.32,1.47,1.63,1.79,1.94,2.08,2.2,2.4,2.56,,2016
2016-03-04,1.16,1.2,1.32,1.48,1.64,1.8,1.96,2.1,2.23,2.43,2.61,,2016
2016-03-05,1.16,1.2,1.31,1.47,1.64,1.8,1.96,2.11,2.23,2.43,2.6,,2016
2016-03-07,1.16,1.2,1.31,1.46,1.63,1.8,1.96,2.11,2.23,2.44,2.62,,2016
2016-03-08,1.15,1.2,1.31,1.45,1.62,1.79,1.96,2.11,2.24,2.44,2.59,,2016
2016-03-09,1.15,1.19,1.31,1.46,1.62,1.79,1.96,2.11,2.23,2.42,2.57,,2016
2016-03-10,1.1,1.14,1.25,1.4,1.56,1.73,1.89,2.04,2.16,2.36,2.55,,2016
2016-03-11,1.08,1.12,1.24,1.39,1.55,1.72,1.88,2.03,2.16,2.36,2.51,,2016
2016-03-16,1.08,1.12,1.24,1.4,1.57,1.74,1.9,2.05,2.17,2.38,2.52,,2016
2016-03-17,1.06,1.09,1.18,1.33,1.48,1.64,1.8,1.95,2.08,2.3,2.49,,2016
2016-03-18,1.06,1.1,1.2,1.35,1.5,1.67,1.83,1.98,2.11,2.31,2.5,,2016
2016-03-21,1.05,1.08,1.17,1.31,1.47,1.64,1.8,1.95,2.06,2.27,2.49,,2016
2016-03-22,1.05,1.08,1.17,1.31,1.47,1.64,1.8,1.95,2.08,2.3,2.49,,2016
2016-03-23,0.95,0.98,1.07,1.21,1.37,1.54,1.69,1.85,1.98,2.2,2.38,,2016
2016-03-24,0.89,0.94,1.03,1.18,1.34,1.52,1.68,1.84,1.96,2.16,2.3,,2016
2016-03-25,0.87,0.9,1.01,1.16,1.33,1.5,1.67,1.82,1.95,2.14,2.25,,2016
2016-03-29,0.86,0.89,1.01,1.16,1.32,1.49,1.66,1.81,1.95,2.15,2.31,,2016
2016-03-30,0.86,0.9,1.01,1.16,1.33,1.5,1.67,1.83,1.96,2.18,2.34,,2016
2016-03-31,0.88,0.92,1.03,1.19,1.36,1.54,1.71,1.87,2.0,2.2,2.38,,2016
2016-04-01,0.88,0.92,1.04,1.2,1.38,1.57,1.74,1.9,2.03,2.24,2.4,,2016
2016-04-04,0.89,0.93,1.04,1.19,1.36,1.54,1.72,1.88,2.01,2.22,2.36,,2016
2016-04-05,0.89,0.92,1.03,1.19,1.37,1.54,1.72,1.87,2.0,2.2,2.32,,2016
2016-04-06,0.88,0.91,1.02,1.18,1.36,1.53,1.7,1.86,1.99,2.2,2.32,,2016
2016-04-07,0.89,0.93,1.04,1.21,1.4,1.58,1.75,1.9,2.02,2.21,2.34,,2016
2016-04-08,0.85,0.89,1.01,1.17,1.35,1.53,1.7,1.85,1.98,2.19,2.34,,2016
2016-04-11,0.83,0.87,0.96,1.12,1.29,1.48,1.65,1.8,1.92,2.12,2.26,,2016
2016-04-12,0.81,0.85,0.96,1.12,1.29,1.46,1.63,1.79,1.92,2.13,2.27,,2016
2016-04-13,0.82,0.86,0.97,1.12,1.3,1.48,1.65,1.81,1.94,2.15,2.29,,2016
2016-04-14,0.82,0.86,0.97,1.13,1.31,1.49,1.66,1.81,1.95,2.17,2.35,,2016
2016-04-15,0.84,0.87,0.98,1.14,1.33,1.51,1.68,1.84,1.97,2.17,2.3,,2016
2016-04-18,0.83,0.86,0.98,1.14,1.33,1.51,1.68,1.83,1.96,2.17,2.31,,2016
2016-04-19,0.82,0.86,0.98,1.14,1.32,1.51,1.69,1.84,1.96,2.17,2.32,,2016
2016-04-20,0.81,0.84,0.96,1.12,1.3,1.49,1.67,1.82,1.94,2.15,2.31,,2016
2016-04-21,0.81,0.84,0.97,1.13,1.32,1.51,1.69,1.85,1.98,2.18,2.32,,2016
2016-04-22,0.82,0.87,0.99,1.18,1.38,1.58,1.75,1.91,2.04,2.27,2.46,,2016
2016-04-25,0.81,0.85,0.98,1.15,1.35,1.55,1.73,1.88,2.02,2.23,2.42,,2016
2016-04-26,0.77,0.82,0.96,1.15,1.36,1.56,1.75,1.91,2.05,2.26,2.46,,2016
2016-04-27,0.86,0.91,1.04,1.23,1.43,1.64,1.82,1.98,2.12,2.33,2.56,,2016
2016-04-28,0.87,0.94,1.07,1.25,1.46,1.66,1.84,1.98,2.12,2.33,2.56,,2016
2016-04-29,0.92,0.98,1.11,1.28,1.48,1.69,1.87,2.02,2.15,2.34,2.59,,2016
2016-05-02,0.95,1.02,1.17,1.35,1.56,1.76,1.95,2.11,2.25,2.46,2.67,,2016
2016-05-03,0.94,1.0,1.14,1.33,1.53,1.74,1.93,2.1,2.24,2.46,2.66,,2016
2016-05-04,0.96,1.04,1.2,1.4,1.61,1.82,2.02,2.19,2.33,2.55,2.76,,2016
2016-05-05,0.92,0.98,1.14,1.33,1.53,1.74,1.92,2.09,2.23,2.46,2.67,,2016
2016-05-06,0.91,0.97,1.12,1.31,1.52,1.72,1.91,2.08,2.23,2.45,2.68,,2016
2016-05-09,0.9,0.96,1.11,1.31,1.52,1.72,1.92,2.09,2.24,2.46,2.68,,2016
2016-05-10,0.91,0.97,1.12,1.3,1.51,1.71,1.91,2.08,2.23,2.46,2.67,,2016
2016-05-11,0.96,1.02,1.16,1.34,1.54,1.75,1.94,2.11,2.26,2.5,2.71,,2016
2016-05-12,0.94,1.0,1.13,1.3,1.51,1.71,1.89,2.06,2.21,2.44,2.66,,2016
2016-05-13,0.94,1.0,1.14,1.32,1.52,1.72,1.91,2.07,2.22,2.46,2.69,,2016
2016-05-17,0.95,1.02,1.16,1.34,1.54,1.74,1.93,2.1,2.25,2.49,2.69,,2016
2016-05-18,0.95,1.02,1.15,1.34,1.54,1.74,1.94,2.11,2.25,2.48,2.69,,2016
2016-05-19,0.97,1.04,1.19,1.37,1.57,1.77,1.97,2.14,2.29,2.52,2.73,,2016
2016-05-20,0.96,1.03,1.17,1.36,1.56,1.77,1.96,2.13,2.28,2.51,2.74,,2016
2016-05-23,0.94,1.01,1.15,1.33,1.53,1.73,1.92,2.08,2.23,2.47,2.67,,2016
2016-05-24,0.96,1.03,1.17,1.35,1.55,1.75,1.94,2.11,2.26,2.49,2.7,,2016
2016-05-25,1.0,1.08,1.22,1.41,1.61,1.8,1.99,2.15,2.3,2.55,2.75,,2016
2016-05-26,1.0,1.09,1.24,1.43,1.63,1.84,2.02,2.18,2.33,2.57,2.77,,2016
2016-05-27,1.01,1.1,1.25,1.45,1.66,1.86,2.05,2.2,2.35,2.57,2.79,,2016
2016-05-30,1.02,1.11,1.26,1.45,1.66,1.86,2.04,2.21,2.35,2.58,2.79,,2016
2016-05-31,1.02,1.12,1.27,1.47,1.67,1.87,2.05,2.22,2.36,2.59,2.79,,2016
2016-06-01,1.02,1.12,1.27,1.46,1.67,1.87,2.05,2.21,2.36,2.59,2.81,,2016
2016-06-02,1.04,1.14,1.3,1.49,1.69,1.9,2.08,2.25,2.39,2.61,2.84,,2016
2016-06-03,1.02,1.12,1.27,1.47,1.67,1.88,2.06,2.23,2.37,2.6,2.82,,2016
2016-06-06,0.99,1.07,1.21,1.4,1.6,1.8,1.98,2.15,2.29,2.53,2.73,,2016
2016-06-07,1.0,1.08,1.23,1.41,1.62,1.81,2.0,2.17,2.31,2.55,2.76,,2016
2016-06-08,0.94,1.01,1.14,1.31,1.51,1.7,1.89,2.06,2.21,2.44,2.64,,2016
2016-06-09,0.94,1.0,1.13,1.3,1.5,1.7,1.87,2.04,2.18,2.44,2.68,,2016
2016-06-10,0.94,1.0,1.12,1.29,1.49,1.69,1.88,2.04,2.19,2.45,2.72,,2016
2016-06-13,0.95,1.02,1.14,1.31,1.51,1.72,1.9,2.06,2.21,2.48,2.74,,2016
2016-06-14,0.99,1.07,1.21,1.4,1.61,1.82,2.01,2.18,2.34,2.59,2.85,,2016
2016-06-15,0.98,1.06,1.21,1.39,1.6,1.81,2.01,2.19,2.34,2.6,2.86,,2016
2016-06-16,0.98,1.06,1.2,1.39,1.59,1.8,2.0,2.18,2.34,2.6,2.85,,2016
2016-06-17,0.96,1.04,1.18,1.35,1.56,1.77,1.97,2.15,2.3,2.58,2.83,,2016
2016-06-20,0.95,1.01,1.13,1.3,1.5,1.71,1.91,2.08,2.24,2.51,2.79,,2016
2016-06-21,0.94,1.0,1.11,1.28,1.48,1.68,1.88,2.05,2.21,2.47,2.74,,2016
2016-06-22,0.94,0.99,1.11,1.27,1.47,1.67,1.87,2.04,2.2,2.47,2.74,,2016
2016-06-23,0.93,0.98,1.09,1.25,1.44,1.65,1.84,2.01,2.16,2.43,2.69,,2016
2016-06-24,1.0,1.1,1.24,1.43,1.63,1.83,2.02,2.2,2.35,2.62,2.91,,2016
2016-06-27,0.95,1.01,1.14,1.3,1.49,1.68,1.87,2.05,2.21,2.46,2.71,,2016
2016-06-28,0.92,0.97,1.08,1.24,1.42,1.62,1.81,1.98,2.13,2.39,2.62,,2016
2016-06-29,0.92,0.97,1.08,1.24,1.41,1.6,1.79,1.97,2.13,2.39,2.6,,2016
2016-06-30,0.92,0.98,1.1,1.26,1.45,1.64,1.82,1.99,2.15,2.41,2.65,,2016
2016-07-01,0.91,0.95,1.06,1.21,1.39,1.57,1.75,1.92,2.09,2.36,2.61,,2016
2016-07-04,0.92,0.96,1.06,1.21,1.38,1.56,1.75,1.92,2.09,2.34,2.57,,2016
2016-07-05,0.92,0.95,1.05,1.2,1.38,1.56,1.74,1.91,2.07,2.33,2.58,,2016
2016-07-06,0.91,0.94,1.04,1.18,1.35,1.53,1.7,1.86,2.02,2.28,2.54,,2016
2016-07-07,0.91,0.94,1.04,1.18,1.34,1.52,1.7,1.86,2.02,2.27,2.54,,2016
2016-07-08,0.89,0.92,1.01,1.15,1.32,1.49,1.66,1.83,1.99,2.25,2.51,,2016
2016-07-11,0.89,0.92,1.01,1.15,1.31,1.48,1.66,1.82,1.98,2.24,2.5,,2016
2016-07-12,0.89,0.91,1.01,1.15,1.32,1.5,1.67,1.83,1.99,2.25,2.5,,2016
2016-07-13,0.83,0.87,0.98,1.13,1.3,1.48,1.66,1.83,1.99,2.25,2.49,,2016
2016-07-14,0.79,0.82,0.91,1.05,1.21,1.39,1.57,1.73,1.88,2.14,2.39,,2016
2016-07-15,0.77,0.8,0.89,1.03,1.19,1.37,1.54,1.71,1.86,2.12,2.38,,2016
2016-07-18,0.78,0.8,0.91,1.04,1.21,1.39,1.56,1.73,1.88,2.14,2.36,,2016
2016-07-19,0.79,0.81,0.91,1.05,1.21,1.39,1.57,1.74,1.89,2.14,2.4,,2016
2016-07-20,0.8,0.84,0.94,1.08,1.25,1.43,1.61,1.77,1.93,2.18,2.45,,2016
2016-07-21,0.83,0.87,0.98,1.14,1.31,1.5,1.69,1.85,2.01,2.27,2.53,,2016
2016-07-22,0.81,0.85,0.95,1.09,1.26,1.44,1.62,1.79,1.95,2.21,2.47,,2016
2016-07-25,0.81,0.84,0.95,1.09,1.26,1.44,1.62,1.79,1.94,2.2,2.47,,2016
2016-07-26,0.81,0.83,0.92,1.06,1.23,1.41,1.58,1.75,1.9,2.17,2.42,,2016
2016-07-27,0.82,0.85,0.96,1.1,1.27,1.45,1.62,1.79,1.94,2.21,2.47,,2016
2016-07-28,0.83,0.86,0.95,1.1,1.27,1.44,1.62,1.78,1.94,2.21,2.47,,2016
2016-07-29,0.84,0.87,0.97,1.11,1.28,1.46,1.63,1.8,1.95,2.22,2.49,,2016
2016-08-01,0.83,0.86,0.95,1.09,1.25,1.44,1.6,1.77,1.93,2.2,2.46,,2016
2016-08-02,0.83,0.86,0.96,1.11,1.27,1.45,1.62,1.79,1.95,2.21,2.47,,2016
2016-08-03,0.84,0.88,0.99,1.15,1.32,1.49,1.67,1.85,2.0,2.27,2.52,,2016
2016-08-04,0.83,0.87,0.98,1.13,1.29,1.48,1.66,1.83,1.98,2.26,2.52,,2016
2016-08-05,0.81,0.84,0.95,1.1,1.27,1.45,1.63,1.79,1.95,2.21,2.48,,2016
2016-08-08,0.81,0.85,0.96,1.11,1.28,1.45,1.64,1.8,1.96,2.22,2.48,,2016
2016-08-09,0.8,0.84,0.93,1.08,1.25,1.43,1.61,1.77,1.93,2.19,2.46,,2016
2016-08-10,0.8,0.83,0.93,1.07,1.24,1.42,1.6,1.76,1.92,2.19,2.45,,2016
2016-08-11,0.79,0.82,0.92,1.05,1.22,1.4,1.57,1.74,1.89,2.16,2.43,,2016
2016-08-12,0.8,0.83,0.93,1.07,1.24,1.42,1.6,1.76,1.92,2.2,2.45,,2016
2016-08-15,0.79,0.81,0.91,1.05,1.22,1.4,1.58,1.74,1.89,2.17,2.43,,2016
2016-08-16,0.78,0.81,0.91,1.05,1.22,1.41,1.59,1.75,1.91,2.18,2.44,,2016
2016-08-17,0.78,0.82,0.92,1.06,1.23,1.41,1.58,1.75,1.91,2.18,2.44,,2016
2016-08-18,0.78,0.81,0.91,1.05,1.23,1.41,1.59,1.75,1.91,2.18,2.43,,2016
2016-08-19,0.78,0.81,0.91,1.05,1.22,1.41,1.58,1.75,1.9,2.18,2.43,,2016
2016-08-22,0.78,0.81,0.91,1.05,1.23,1.41,1.58,1.74,1.9,2.19,2.43,,2016
2016-08-23,0.78,0.81,0.91,1.04,1.22,1.41,1.58,1.74,1.89,2.18,2.43,,2016
2016-08-24,0.78,0.82,0.92,1.06,1.23,1.42,1.6,1.75,1.91,2.2,2.44,,2016
2016-08-25,0.79,0.82,0.93,1.08,1.25,1.44,1.61,1.78,1.94,2.21,2.46,,2016
2016-08-26,0.81,0.84,0.94,1.09,1.27,1.45,1.63,1.8,1.96,2.22,2.48,,2016
2016-08-29,0.79,0.82,0.92,1.06,1.24,1.42,1.61,1.77,1.92,2.18,2.41,,2016
2016-08-30,0.79,0.82,0.92,1.07,1.24,1.42,1.61,1.77,1.93,2.18,2.43,,2016
2016-08-31,0.8,0.83,0.94,1.08,1.26,1.44,1.62,1.78,1.94,2.2,2.43,,2016
2016-09-01,0.8,0.84,0.94,1.09,1.27,1.45,1.63,1.79,1.95,2.2,2.41,,2016
2016-09-02,0.8,0.85,0.95,1.1,1.28,1.46,1.64,1.81,1.96,2.21,2.42,,2016
2016-09-05,0.8,0.84,0.95,1.1,1.28,1.46,1.64,1.81,1.97,2.22,2.45,,2016
2016-09-06,0.8,0.84,0.94,1.1,1.27,1.46,1.64,1.8,1.96,2.21,2.46,,2016
2016-09-07,0.78,0.81,0.9,1.05,1.23,1.41,1.59,1.75,1.9,2.17,2.41,,2016
2016-09-08,0.75,0.78,0.88,1.02,1.19,1.38,1.56,1.72,1.88,2.14,2.4,,2016
2016-09-09,0.78,0.82,0.93,1.08,1.25,1.43,1.61,1.79,1.95,2.22,2.45,,2016
2016-09-12,0.8,0.85,0.97,1.13,1.31,1.5,1.69,1.85,2.02,2.27,2.53,,2016
2016-09-13,0.79,0.84,0.96,1.12,1.3,1.5,1.68,1.85,2.02,2.29,2.55,,2016
2016-09-14,0.79,0.85,0.97,1.13,1.32,1.51,1.7,1.88,2.03,2.31,2.55,,2016
2016-09-15,0.79,0.84,0.96,1.13,1.31,1.51,1.7,1.87,2.04,2.33,2.58,,2016
2016-09-16,0.75,0.82,0.94,1.11,1.29,1.49,1.68,1.85,2.01,2.31,2.57,,2016
2016-09-19,0.7,0.74,0.84,1.0,1.18,1.37,1.55,1.72,1.88,2.2,2.46,,2016
2016-09-20,0.72,0.77,0.87,1.03,1.22,1.41,1.59,1.76,1.92,2.2,2.45,,2016
2016-09-21,0.76,0.79,0.9,1.04,1.22,1.43,1.61,1.77,1.92,2.21,2.44,,2016
2016-09-22,0.77,0.8,0.9,1.04,1.23,1.42,1.6,1.75,1.91,2.2,2.43,,2016
2016-09-23,0.78,0.81,0.91,1.05,1.23,1.42,1.6,1.76,1.91,2.22,2.46,,2016
2016-09-26,0.77,0.8,0.89,1.03,1.21,1.4,1.57,1.73,1.9,2.2,2.44,,2016
2016-09-27,0.78,0.81,0.9,1.04,1.21,1.4,1.57,1.73,1.9,2.2,2.44,,2016
2016-09-28,0.79,0.82,0.92,1.06,1.24,1.43,1.6,1.76,1.92,2.22,2.47,,2016
2016-09-29,0.79,0.83,0.93,1.07,1.25,1.44,1.61,1.78,1.94,2.24,2.49,,2016
2016-09-30,0.8,0.84,0.95,1.09,1.27,1.46,1.64,1.8,1.96,2.25,2.52,,2016
2016-10-03,0.8,0.84,0.94,1.09,1.27,1.46,1.63,1.79,1.96,2.25,2.53,,2016
2016-10-04,0.8,0.83,0.94,1.08,1.26,1.45,1.63,1.79,1.95,2.24,2.52,,2016
2016-10-05,0.8,0.84,0.95,1.09,1.28,1.47,1.65,1.81,1.98,2.28,2.53,,2016
2016-10-06,0.81,0.86,0.97,1.12,1.3,1.5,1.68,1.84,2.0,2.3,2.55,,2016
2016-10-07,0.83,0.89,1.01,1.17,1.37,1.57,1.74,1.92,2.08,2.38,2.63,,2016
2016-10-10,0.82,0.88,1.0,1.17,1.35,1.55,1.74,1.9,2.06,2.37,2.61,,2016
2016-10-11,0.82,0.89,1.0,1.17,1.36,1.56,1.75,1.92,2.07,2.36,2.62,,2016
2016-10-12,0.84,0.9,1.03,1.2,1.39,1.6,1.78,1.94,2.1,2.4,2.65,,2016
2016-10-13,0.83,0.9,1.03,1.2,1.4,1.6,1.78,1.95,2.11,2.42,2.66,,2016
2016-10-14,0.82,0.9,1.02,1.2,1.4,1.6,1.78,1.95,2.1,2.4,2.65,,2016
2016-10-15,0.83,0.9,1.02,1.2,1.4,1.59,1.78,1.94,2.1,2.4,2.65,,2016
2016-10-17,0.83,0.91,1.03,1.21,1.4,1.6,1.78,1.95,2.12,2.4,2.61,,2016
2016-10-18,0.78,0.84,0.96,1.13,1.32,1.52,1.7,1.87,2.03,2.33,2.59,,2016
2016-10-19,0.76,0.82,0.94,1.11,1.3,1.5,1.68,1.85,2.01,2.3,2.56,,2016
2016-10-20,0.74,0.8,0.93,1.09,1.28,1.48,1.66,1.83,1.99,2.27,2.54,,2016
2016-10-21,0.73,0.79,0.9,1.07,1.26,1.46,1.63,1.8,1.96,2.27,2.56,,2016
2016-10-24,0.73,0.79,0.9,1.06,1.25,1.45,1.63,1.79,1.95,2.26,2.53,,2016
2016-10-25,0.73,0.79,0.9,1.05,1.24,1.44,1.62,1.78,1.94,2.25,2.5,,2016
2016-10-26,0.73,0.78,0.9,1.06,1.25,1.45,1.64,1.8,1.96,2.27,2.53,,2016
2016-10-27,0.74,0.81,0.95,1.13,1.33,1.53,1.72,1.89,2.05,2.35,2.6,,2016
2016-10-28,0.77,0.87,1.03,1.22,1.43,1.63,1.83,2.0,2.17,2.47,2.74,,2016
2016-11-02,0.76,0.84,0.99,1.19,1.39,1.6,1.78,1.96,2.13,2.43,2.72,,2016
2016-11-03,0.76,0.84,0.99,1.18,1.39,1.59,1.79,1.96,2.12,2.43,2.73,,2016
2016-11-04,0.75,0.84,0.98,1.17,1.37,1.58,1.76,1.94,2.11,2.44,2.73,,2016
2016-11-07,0.75,0.84,0.98,1.17,1.38,1.59,1.78,1.95,2.11,2.45,2.75,,2016
2016-11-08,0.76,0.85,1.0,1.2,1.4,1.6,1.79,1.97,2.14,2.46,2.76,,2016
2016-11-09,0.75,0.85,1.0,1.2,1.41,1.61,1.8,1.97,2.14,2.47,2.77,,2016
2016-11-10,0.82,0.95,1.14,1.36,1.57,1.77,1.97,2.15,2.33,2.67,2.96,,2016
2016-11-11,0.88,1.03,1.22,1.45,1.69,1.93,2.13,2.32,2.5,2.84,3.15,,2016
2016-11-14,0.92,1.09,1.3,1.55,1.79,2.03,2.25,2.45,2.65,2.98,3.28,,2016
2016-11-15,0.87,1.05,1.25,1.5,1.74,1.98,2.19,2.39,2.57,2.92,3.26,,2016
2016-11-16,0.89,1.07,1.29,1.54,1.79,2.04,2.27,2.47,2.67,3.01,3.34,,2016
2016-11-17,0.85,1.03,1.26,1.51,1.77,2.01,2.24,2.45,2.65,2.99,3.28,,2016
2016-11-18,0.89,1.09,1.33,1.59,1.86,2.11,2.35,2.55,2.75,3.11,3.44,,2016
2016-11-21,0.86,1.05,1.28,1.55,1.81,2.06,2.29,2.49,2.69,3.05,3.41,,2016
2016-11-22,0.8,0.98,1.21,1.46,1.72,1.97,2.19,2.39,2.59,2.95,3.32,,2016
2016-11-23,0.77,0.96,1.2,1.46,1.71,1.96,2.18,2.38,2.58,2.97,3.31,,2016
2016-11-24,0.74,0.92,1.16,1.44,1.7,1.96,2.19,2.41,2.61,2.97,3.32,,2016
2016-11-25,0.69,0.87,1.12,1.4,1.67,1.93,2.17,2.38,2.57,2.96,3.3,,2016
2016-11-28,0.65,0.82,1.05,1.34,1.6,1.86,2.09,2.29,2.49,2.88,3.24,,2016
2016-11-29,0.65,0.81,1.04,1.31,1.57,1.83,2.06,2.27,2.46,2.84,3.18,,2016
2016-11-30,0.66,0.83,1.06,1.34,1.61,1.87,2.1,2.3,2.5,2.87,3.23,,2016
2016-12-01,0.71,0.88,1.13,1.42,1.7,1.96,2.2,2.41,2.61,3.0,3.38,,2016
2016-12-02,0.71,0.91,1.2,1.5,1.8,2.08,2.33,2.56,2.77,3.21,3.61,,2016
2016-12-05,0.68,0.88,1.14,1.45,1.75,2.02,2.27,2.49,2.7,3.09,3.42,,2016
2016-12-06,0.63,0.81,1.05,1.34,1.64,1.9,2.15,2.37,2.58,2.98,3.3,,2016
2016-12-07,0.6,0.78,1.01,1.3,1.59,1.85,2.09,2.31,2.52,2.93,3.26,,2016
2016-12-08,0.62,0.78,1.01,1.28,1.58,1.84,2.08,2.29,2.5,2.89,3.24,,2016
2016-12-09,0.6,0.77,1.0,1.27,1.55,1.84,2.09,2.31,2.52,2.91,3.25,,2016
2016-12-12,0.61,0.78,1.02,1.29,1.57,1.85,2.1,2.31,2.53,2.93,3.25,,2016
2016-12-13,0.59,0.75,0.98,1.25,1.53,1.79,2.04,2.27,2.47,2.87,3.2,,2016
2016-12-14,0.58,0.73,0.96,1.23,1.5,1.77,2.01,2.24,2.45,2.85,3.23,,2016
2016-12-15,0.61,0.78,1.02,1.3,1.58,1.85,2.1,2.32,2.53,2.93,3.27,,2016
2016-12-16,0.57,0.72,0.95,1.22,1.5,1.76,2.01,2.24,2.46,2.86,3.21,,2016
2016-12-19,0.56,0.72,0.94,1.22,1.49,1.75,2.0,2.23,2.45,2.84,3.2,,2016
2016-12-20,0.54,0.69,0.89,1.15,1.43,1.69,1.93,2.16,2.37,2.76,3.14,,2016
2016-12-21,0.53,0.68,0.89,1.15,1.43,1.69,1.94,2.16,2.38,2.77,3.14,,2016
2016-12-22,0.53,0.67,0.87,1.13,1.4,1.66,1.9,2.14,2.36,2.74,3.11,,2016
2016-12-23,0.53,0.67,0.88,1.13,1.4,1.66,1.91,2.14,2.36,2.75,3.11,,2016
2016-12-27,0.53,0.67,0.88,1.13,1.4,1.67,1.91,2.14,2.36,2.74,3.11,,2016
2016-12-28,0.53,0.67,0.88,1.13,1.4,1.67,1.91,2.13,2.36,2.74,3.11,,2016
2016-12-29,0.53,0.67,0.87,1.12,1.39,1.65,1.9,2.13,2.35,2.74,3.09,,2016
2016-12-30,0.53,0.66,0.87,1.11,1.38,1.64,1.88,2.11,2.33,2.72,3.08,,2016
2017-01-02,0.53,0.67,0.87,1.12,1.38,1.65,1.89,2.12,2.34,2.72,3.08,,2017
2017-01-03,0.57,0.71,0.93,1.19,1.46,1.73,1.98,2.21,2.43,2.82,3.17,,2017
2017-01-04,0.59,0.76,0.99,1.26,1.54,1.81,2.06,2.3,2.52,2.92,3.27,,2017
2017-01-05,0.56,0.72,0.95,1.22,1.5,1.78,2.03,2.27,2.48,2.87,3.24,,2017
2017-01-06,0.58,0.75,0.98,1.26,1.55,1.83,2.08,2.31,2.53,2.9,3.26,,2017
2017-01-09,0.66,0.85,1.13,1.44,1.74,2.02,2.28,2.52,2.75,3.14,3.52,,2017
2017-01-10,0.69,0.9,1.16,1.46,1.75,2.03,2.29,2.53,2.75,3.13,3.52,,2017
2017-01-11,0.66,0.87,1.11,1.38,1.66,1.93,2.18,2.4,2.62,3.02,3.39,,2017
2017-01-12,0.62,0.81,1.05,1.32,1.6,1.87,2.12,2.34,2.55,2.95,3.33,,2017
2017-01-13,0.63,0.84,1.09,1.37,1.65,1.92,2.16,2.39,2.61,3.01,3.39,,2017
2017-01-16,0.63,0.85,1.1,1.38,1.67,1.94,2.19,2.42,2.64,3.04,3.43,,2017
2017-01-17,0.63,0.83,1.08,1.37,1.65,1.92,2.17,2.4,2.62,3.01,3.38,,2017
2017-01-18,0.64,0.86,1.12,1.42,1.69,1.96,2.21,2.44,2.66,3.05,3.42,,2017
2017-01-19,0.65,0.89,1.16,1.45,1.74,2.0,2.25,2.48,2.7,3.1,3.47,,2017
2017-01-20,0.64,0.88,1.16,1.46,1.75,2.02,2.26,2.49,2.71,3.11,3.47,,2017
2017-01-23,0.63,0.87,1.14,1.44,1.73,2.0,2.25,2.48,2.7,3.09,3.46,,2017
2017-01-24,0.59,0.84,1.11,1.4,1.69,1.97,2.23,2.46,2.68,3.06,3.43,,2017
2017-01-25,0.62,0.87,1.15,1.47,1.76,2.04,2.3,2.54,2.75,3.15,3.5,,2017
2017-01-26,0.6,0.85,1.13,1.43,1.73,2.02,2.28,2.51,2.73,3.13,3.48,,2017
2017-01-27,0.59,0.83,1.11,1.41,1.71,1.99,2.25,2.48,2.69,3.1,3.44,,2017
2017-01-30,0.59,0.83,1.11,1.41,1.71,1.99,2.25,2.48,2.69,3.09,3.44,,2017
2017-01-31,0.6,0.84,1.11,1.43,1.72,2.0,2.27,2.5,2.71,3.12,3.46,,2017
2017-02-01,0.61,0.85,1.14,1.45,1.75,2.03,2.29,2.53,2.74,3.13,3.48,,2017
2017-02-02,0.61,0.84,1.12,1.42,1.72,2.01,2.26,2.49,2.71,3.11,3.45,,2017
2017-02-03,0.68,0.9,1.16,1.45,1.74,2.03,2.28,2.51,2.72,3.12,3.47,,2017
2017-02-06,0.66,0.88,1.13,1.41,1.7,1.97,2.22,2.45,2.66,3.05,3.4,,2017
2017-02-07,0.69,0.93,1.19,1.49,1.78,2.06,2.31,2.54,2.75,3.13,3.48,,2017
2017-02-08,0.73,0.98,1.25,1.54,1.84,2.11,2.36,2.58,2.79,3.18,3.54,,2017
2017-02-09,0.71,0.94,1.2,1.48,1.76,2.02,2.27,2.49,2.7,3.09,3.45,,2017
2017-02-10,0.72,0.97,1.23,1.52,1.79,2.05,2.29,2.51,2.72,3.1,3.45,,2017
2017-02-13,0.72,0.97,1.23,1.52,1.79,2.05,2.29,2.51,2.71,3.1,3.47,,2017
2017-02-14,0.75,1.0,1.28,1.57,1.84,2.09,2.32,2.53,2.74,3.13,3.52,,2017
2017-02-15,0.77,1.03,1.3,1.59,1.85,2.11,2.33,2.55,2.75,3.14,3.55,,2017
2017-02-16,0.79,1.05,1.32,1.62,1.88,2.12,2.35,2.57,2.77,3.16,3.56,,2017
2017-02-17,0.77,1.03,1.3,1.58,1.85,2.1,2.33,2.54,2.74,3.13,3.53,,2017
2017-02-20,0.8,1.06,1.33,1.61,1.87,2.12,2.35,2.56,2.76,3.15,3.56,,2017
2017-02-21,0.79,1.06,1.33,1.61,1.87,2.12,2.35,2.56,2.76,3.15,3.55,,2017
2017-02-22,0.76,1.02,1.3,1.59,1.86,2.11,2.34,2.55,2.75,3.14,3.55,,2017
2017-02-23,0.73,1.0,1.27,1.56,1.83,2.08,2.3,2.52,2.72,3.12,3.53,,2017
2017-02-24,0.72,0.98,1.26,1.55,1.81,2.05,2.29,2.5,2.69,3.08,3.48,,2017
2017-02-27,0.7,0.96,1.23,1.52,1.77,2.02,2.25,2.46,2.66,3.05,3.45,,2017
2017-02-28,0.69,0.95,1.21,1.49,1.75,2.0,2.22,2.43,2.63,3.01,3.4,,2017
2017-03-01,0.73,0.99,1.27,1.54,1.8,2.05,2.27,2.48,2.69,3.06,3.45,,2017
2017-03-02,0.75,1.01,1.29,1.57,1.84,2.08,2.3,2.51,2.71,3.1,3.49,,2017
2017-03-03,0.72,0.99,1.26,1.54,1.81,2.06,2.29,2.5,2.7,3.08,3.47,,2017
2017-03-06,0.69,0.95,1.23,1.51,1.78,2.03,2.26,2.47,2.68,3.06,3.45,,2017
2017-03-07,0.68,0.94,1.22,1.5,1.77,2.03,2.25,2.47,2.67,3.05,3.43,,2017
2017-03-08,0.72,0.98,1.27,1.56,1.84,2.1,2.33,2.55,2.75,3.13,3.51,,2017
2017-03-09,0.74,1.01,1.31,1.62,1.9,2.17,2.41,2.64,2.85,3.22,3.6,,2017
2017-03-10,0.77,1.05,1.37,1.69,1.98,2.26,2.51,2.74,2.95,3.34,3.71,,2017
2017-03-13,0.76,1.05,1.36,1.67,1.96,2.23,2.47,2.7,2.91,3.3,3.67,,2017
2017-03-14,0.76,1.05,1.36,1.67,1.96,2.23,2.48,2.71,2.92,3.29,3.68,,2017
2017-03-16,0.76,1.05,1.37,1.68,1.98,2.24,2.48,2.71,2.91,3.29,3.68,,2017
2017-03-17,0.75,1.05,1.36,1.68,1.97,2.25,2.49,2.72,2.93,3.3,3.69,,2017
2017-03-20,0.72,1.01,1.32,1.64,1.93,2.21,2.45,2.68,2.89,3.27,3.66,,2017
2017-03-21,0.7,1.0,1.31,1.63,1.92,2.19,2.44,2.67,2.87,3.25,3.64,,2017
2017-03-22,0.67,0.95,1.25,1.56,1.86,2.13,2.38,2.61,2.81,3.17,3.58,,2017
2017-03-23,0.66,0.93,1.23,1.53,1.82,2.09,2.34,2.56,2.76,3.14,3.52,,2017
2017-03-24,0.64,0.91,1.2,1.5,1.78,2.05,2.3,2.52,2.72,3.1,3.5,,2017
2017-03-27,0.58,0.84,1.12,1.41,1.69,1.95,2.19,2.41,2.61,2.99,3.38,,2017
2017-03-28,0.6,0.85,1.14,1.43,1.71,1.97,2.21,2.43,2.64,3.01,3.4,,2017
2017-03-29,0.52,0.77,1.07,1.38,1.66,1.93,2.18,2.41,2.62,3.01,3.39,,2017
2017-03-30,0.49,0.73,1.02,1.32,1.61,1.88,2.14,2.37,2.57,2.95,3.33,,2017
2017-03-31,0.49,0.72,1.01,1.32,1.61,1.89,2.15,2.38,2.59,2.97,3.35,,2017
2017-04-03,0.45,0.68,0.97,1.27,1.56,1.85,2.1,2.33,2.54,2.92,3.3,,2017
2017-04-04,0.47,0.7,0.98,1.29,1.59,1.86,2.12,2.35,2.57,2.95,3.34,,2017
2017-04-05,0.47,0.71,0.99,1.3,1.59,1.88,2.13,2.36,2.57,2.96,3.35,,2017
2017-04-06,0.47,0.71,0.99,1.29,1.59,1.87,2.13,2.35,2.57,2.96,3.34,,2017
2017-04-07,0.49,0.74,1.03,1.34,1.63,1.91,2.17,2.41,2.62,3.01,3.38,,2017
2017-04-10,0.47,0.71,1.0,1.31,1.61,1.89,2.13,2.37,2.58,2.96,3.34,,2017
2017-04-11,0.46,0.7,0.99,1.3,1.6,1.88,2.13,2.36,2.56,2.95,3.33,,2017
2017-04-12,0.45,0.69,0.98,1.29,1.59,1.87,2.13,2.35,2.56,2.93,3.33,,2017
2017-04-13,0.45,0.69,0.98,1.29,1.59,1.86,2.11,2.34,2.55,2.92,3.32,,2017
2017-04-18,0.45,0.69,0.97,1.27,1.58,1.85,2.1,2.32,2.53,2.9,3.3,,2017
2017-04-19,0.46,0.69,0.96,1.26,1.56,1.83,2.08,2.3,2.51,2.87,3.28,,2017
2017-04-20,0.5,0.74,1.02,1.33,1.63,1.91,2.15,2.38,2.58,2.94,3.33,,2017
2017-04-21,0.52,0.76,1.04,1.34,1.64,1.92,2.17,2.39,2.59,2.95,3.35,,2017
2017-04-24,0.54,0.79,1.08,1.39,1.69,1.96,2.21,2.44,2.65,3.01,3.41,,2017
2017-04-25,0.51,0.76,1.04,1.34,1.64,1.92,2.17,2.39,2.6,2.96,3.38,,2017
2017-04-26,0.54,0.78,1.07,1.37,1.67,1.95,2.2,2.42,2.63,3.0,3.39,,2017
2017-04-27,0.5,0.73,1.01,1.31,1.6,1.88,2.12,2.35,2.55,2.92,3.33,,2017
2017-04-28,0.5,0.73,1.0,1.3,1.6,1.87,2.11,2.33,2.54,2.93,3.31,,2017
2017-05-02,0.52,0.76,1.04,1.34,1.64,1.92,2.16,2.38,2.59,2.96,3.35,,2017
2017-05-03,0.55,0.79,1.06,1.36,1.64,1.92,2.16,2.38,2.58,2.95,3.34,,2017
2017-05-04,0.56,0.8,1.07,1.36,1.64,1.91,2.15,2.37,2.57,2.93,3.33,,2017
2017-05-05,0.57,0.81,1.07,1.36,1.64,1.89,2.13,2.35,2.55,2.91,3.31,,2017
2017-05-08,0.56,0.79,1.06,1.34,1.61,1.87,2.11,2.33,2.52,2.88,3.26,,2017
2017-05-09,0.56,0.8,1.06,1.35,1.62,1.88,2.11,2.33,2.53,2.88,3.28,,2017
2017-05-10,0.54,0.78,1.04,1.33,1.6,1.86,2.1,2.31,2.5,2.86,3.28,,2017
2017-05-11,0.47,0.71,0.98,1.27,1.54,1.8,2.04,2.26,2.45,2.81,3.23,,2017
2017-05-12,0.44,0.68,0.95,1.24,1.52,1.79,2.03,2.25,2.45,2.81,3.22,,2017
2017-05-15,0.44,0.67,0.94,1.23,1.51,1.77,2.01,2.23,2.42,2.77,3.19,,2017
2017-05-16,0.43,0.66,0.92,1.2,1.48,1.74,1.98,2.2,2.39,2.75,3.16,,2017
2017-05-17,0.44,0.66,0.92,1.2,1.48,1.74,1.98,2.2,2.39,2.75,3.16,,2017
2017-05-18,0.43,0.64,0.9,1.17,1.44,1.7,1.94,2.16,2.35,2.7,3.12,,2017
2017-05-19,0.44,0.66,0.93,1.21,1.49,1.75,1.99,2.2,2.4,2.74,3.15,,2017
2017-05-22,0.41,0.63,0.89,1.17,1.45,1.71,1.95,2.16,2.35,2.7,3.1,,2017
2017-05-23,0.43,0.64,0.9,1.18,1.46,1.72,1.95,2.17,2.36,2.71,3.11,,2017
2017-05-24,0.42,0.63,0.89,1.17,1.45,1.71,1.94,2.15,2.35,2.71,3.12,,2017
2017-05-25,0.4,0.61,0.86,1.14,1.42,1.68,1.91,2.13,2.32,2.68,3.09,,2017
2017-05-26,0.39,0.59,0.85,1.12,1.4,1.66,1.9,2.11,2.3,2.66,3.07,,2017
2017-05-29,0.39,0.59,0.84,1.12,1.4,1.66,1.9,2.11,2.3,2.65,3.07,,2017
2017-05-30,0.39,0.59,0.84,1.12,1.4,1.66,1.9,2.11,2.29,2.65,3.07,,2017
2017-05-31,0.39,0.58,0.83,1.11,1.39,1.65,1.89,2.1,2.29,2.65,3.07,,2017
2017-06-01,0.38,0.58,0.84,1.11,1.39,1.65,1.89,2.11,2.3,2.65,3.06,,2017
2017-06-02,0.4,0.59,0.85,1.14,1.41,1.68,1.92,2.14,2.33,2.69,3.11,,2017
2017-06-06,0.38,0.56,0.82,1.09,1.37,1.63,1.87,2.08,2.27,2.63,3.04,,2017
2017-06-07,0.38,0.57,0.82,1.09,1.37,1.63,1.87,2.08,2.28,2.63,3.05,,2017
2017-06-08,0.38,0.58,0.83,1.1,1.38,1.65,1.88,2.1,2.29,2.63,3.04,,2017
2017-06-09,0.39,0.58,0.83,1.1,1.37,1.64,1.87,2.09,2.27,2.62,3.05,,2017
2017-06-12,0.38,0.57,0.82,1.09,1.37,1.63,1.87,2.08,2.27,2.61,3.03,,2017
2017-06-13,0.38,0.56,0.8,1.07,1.35,1.61,1.85,2.05,2.25,2.6,3.03,,2017
2017-06-14,0.37,0.56,0.79,1.06,1.33,1.59,1.82,2.04,2.23,2.58,3.01,,2017
2017-06-15,0.37,0.54,0.77,1.03,1.3,1.55,1.79,2.0,2.19,2.54,2.96,,2017
2017-06-16,0.39,0.57,0.81,1.08,1.35,1.61,1.85,2.06,2.26,2.62,3.03,,2017
2017-06-19,0.39,0.56,0.8,1.06,1.34,1.6,1.84,2.06,2.25,2.62,3.03,,2017
2017-06-20,0.36,0.54,0.78,1.04,1.31,1.57,1.81,2.02,2.22,2.58,3.0,,2017
2017-06-21,0.35,0.53,0.76,1.03,1.3,1.56,1.8,2.02,2.21,2.57,2.99,,2017
2017-06-22,0.33,0.49,0.72,0.98,1.25,1.5,1.74,1.96,2.15,2.51,2.91,,2017
2017-06-23,0.32,0.48,0.71,0.97,1.24,1.5,1.74,1.95,2.14,2.5,2.92,,2017
2017-06-26,0.32,0.48,0.7,0.96,1.23,1.49,1.73,1.94,2.13,2.49,2.9,,2017
2017-06-27,0.32,0.47,0.7,0.95,1.22,1.47,1.71,1.92,2.11,2.47,2.88,,2017
2017-06-28,0.39,0.57,0.82,1.09,1.36,1.62,1.86,2.08,2.27,2.64,3.05,,2017
2017-06-29,0.4,0.58,0.83,1.1,1.38,1.64,1.87,2.1,2.3,2.66,3.07,,2017
2017-06-30,0.41,0.6,0.85,1.13,1.41,1.68,1.92,2.14,2.34,2.71,3.12,,2017
2017-07-03,0.39,0.58,0.82,1.1,1.38,1.64,1.89,2.11,2.31,2.68,3.07,,2017
2017-07-04,0.39,0.57,0.82,1.09,1.37,1.64,1.88,2.1,2.31,2.68,3.07,,2017
2017-07-05,0.39,0.57,0.82,1.09,1.37,1.64,1.89,2.11,2.33,2.69,3.08,,2017
2017-07-06,0.4,0.59,0.84,1.11,1.39,1.66,1.91,2.14,2.35,2.72,3.12,,2017
2017-07-07,0.43,0.64,0.9,1.18,1.47,1.75,2.0,2.25,2.46,2.84,3.23,,2017
2017-07-10,0.43,0.63,0.89,1.17,1.46,1.73,1.99,2.23,2.45,2.83,3.21,,2017
2017-07-11,0.42,0.63,0.89,1.16,1.45,1.72,1.98,2.21,2.44,2.8,3.18,,2017
2017-07-12,0.41,0.6,0.86,1.13,1.41,1.68,1.94,2.17,2.39,2.76,3.14,,2017
2017-07-13,0.4,0.58,0.83,1.1,1.37,1.63,1.88,2.12,2.34,2.7,3.08,,2017
2017-07-14,0.4,0.58,0.82,1.09,1.36,1.62,1.87,2.11,2.32,2.7,3.07,,2017
2017-07-17,0.39,0.58,0.82,1.08,1.35,1.62,1.87,2.1,2.31,2.69,3.08,,2017
2017-07-18,0.4,0.58,0.82,1.09,1.36,1.62,1.87,2.1,2.31,2.68,3.07,,2017
2017-07-19,0.38,0.55,0.79,1.05,1.32,1.58,1.83,2.06,2.27,2.64,3.02,,2017
2017-07-20,0.42,0.6,0.85,1.12,1.39,1.65,1.9,2.13,2.35,2.71,3.1,,2017
2017-07-21,0.41,0.59,0.83,1.09,1.36,1.62,1.87,2.1,2.31,2.68,3.08,,2017
2017-07-24,0.4,0.57,0.81,1.08,1.34,1.6,1.85,2.08,2.3,2.67,3.06,,2017
2017-07-25,0.4,0.59,0.83,1.09,1.36,1.62,1.87,2.1,2.31,2.67,3.07,,2017
2017-07-26,0.42,0.6,0.85,1.12,1.39,1.65,1.9,2.13,2.35,2.72,3.12,,2017
2017-07-27,0.4,0.59,0.83,1.1,1.37,1.63,1.88,2.1,2.32,2.68,3.08,,2017
2017-07-28,0.44,0.62,0.87,1.14,1.41,1.67,1.92,2.15,2.37,2.72,3.13,,2017
2017-07-31,0.45,0.65,0.89,1.16,1.44,1.7,1.96,2.2,2.41,2.79,3.17,,2017
2017-08-01,0.47,0.67,0.92,1.19,1.47,1.74,1.99,2.24,2.46,2.84,3.23,,2017
2017-08-02,0.46,0.66,0.9,1.17,1.44,1.71,1.96,2.2,2.42,2.81,3.2,,2017
2017-08-03,0.44,0.64,0.88,1.15,1.42,1.68,1.94,2.18,2.4,2.78,3.17,,2017
2017-08-04,0.44,0.63,0.86,1.13,1.4,1.67,1.92,2.16,2.38,2.76,3.15,,2017
2017-08-07,0.44,0.64,0.88,1.16,1.43,1.69,1.94,2.18,2.4,2.78,3.17,,2017
2017-08-08,0.42,0.61,0.85,1.13,1.39,1.65,1.9,2.14,2.36,2.74,3.15,,2017
2017-08-09,0.43,0.63,0.87,1.14,1.41,1.67,1.92,2.16,2.37,2.76,3.16,,2017
2017-08-10,0.43,0.63,0.87,1.15,1.41,1.67,1.92,2.16,2.38,2.76,3.17,,2017
2017-08-11,0.44,0.63,0.88,1.15,1.42,1.68,1.92,2.16,2.38,2.76,3.16,,2017
2017-08-14,0.44,0.63,0.88,1.16,1.42,1.69,1.94,2.17,2.38,2.75,3.15,,2017
2017-08-15,0.44,0.64,0.88,1.16,1.42,1.69,1.94,2.17,2.38,2.76,3.16,,2017
2017-08-16,0.44,0.64,0.89,1.16,1.43,1.7,1.94,2.18,2.4,2.77,3.17,,2017
2017-08-17,0.44,0.64,0.89,1.17,1.43,1.7,1.95,2.19,2.41,2.79,3.19,,2017
2017-08-18,0.44,0.64,0.89,1.17,1.43,1.7,1.95,2.19,2.41,2.78,3.18,,2017
2017-08-21,0.42,0.62,0.87,1.14,1.4,1.67,1.91,2.14,2.35,2.72,3.11,,2017
2017-08-22,0.42,0.62,0.86,1.14,1.4,1.66,1.91,2.14,2.35,2.73,3.12,,2017
2017-08-23,0.42,0.62,0.86,1.14,1.41,1.67,1.91,2.14,2.36,2.73,3.12,,2017
2017-08-24,0.36,0.55,0.8,1.06,1.33,1.58,1.82,2.05,2.26,2.65,3.03,,2017
2017-08-25,0.33,0.52,0.75,1.02,1.28,1.54,1.78,2.01,2.21,2.58,2.97,,2017
2017-08-28,0.33,0.52,0.75,1.02,1.29,1.54,1.79,2.02,2.23,2.6,2.99,,2017
2017-08-29,0.33,0.51,0.74,1.0,1.27,1.52,1.76,1.99,2.2,2.57,2.97,,2017
2017-08-30,0.36,0.54,0.78,1.05,1.32,1.57,1.82,2.05,2.27,2.63,3.02,,2017
2017-08-31,0.35,0.53,0.77,1.05,1.31,1.57,1.82,2.05,2.27,2.63,3.02,,2017
2017-09-01,0.33,0.52,0.76,1.03,1.3,1.56,1.8,2.03,2.25,2.62,3.01,,2017
2017-09-04,0.32,0.51,0.75,1.03,1.3,1.55,1.8,2.03,2.25,2.65,3.04,,2017
2017-09-05,0.31,0.5,0.75,1.02,1.29,1.55,1.8,2.03,2.25,2.67,3.04,,2017
2017-09-06,0.3,0.48,0.72,1.0,1.27,1.53,1.77,2.0,2.22,2.62,3.01,,2017
2017-09-07,0.3,0.48,0.72,0.99,1.27,1.53,1.77,2.0,2.22,2.63,3.03,,2017
2017-09-08,0.28,0.45,0.69,0.96,1.23,1.48,1.73,1.96,2.18,2.58,2.99,,2017
2017-09-11,0.26,0.43,0.67,0.94,1.21,1.47,1.71,1.94,2.17,2.56,2.95,,2017
2017-09-12,0.23,0.4,0.64,0.91,1.18,1.44,1.69,1.93,2.15,2.56,2.98,,2017
2017-09-13,0.23,0.4,0.63,0.9,1.18,1.44,1.69,1.93,2.15,2.56,2.99,,2017
2017-09-14,0.23,0.39,0.62,0.88,1.16,1.42,1.68,1.93,2.14,2.53,2.97,,2017
2017-09-15,0.23,0.38,0.61,0.87,1.13,1.4,1.65,1.89,2.11,2.49,2.93,,2017
2017-09-18,0.23,0.39,0.62,0.88,1.15,1.42,1.67,1.91,2.13,2.52,2.95,,2017
2017-09-19,0.23,0.4,0.62,0.88,1.16,1.43,1.68,1.93,2.15,2.52,2.96,,2017
2017-09-20,0.21,0.36,0.58,0.83,1.1,1.37,1.62,1.87,2.09,2.48,2.91,,2017
2017-09-21,0.21,0.35,0.57,0.82,1.09,1.36,1.61,1.85,2.07,2.46,2.89,,2017
2017-09-22,0.2,0.35,0.56,0.8,1.07,1.33,1.58,1.82,2.04,2.43,2.86,,2017
2017-09-25,0.2,0.34,0.54,0.78,1.04,1.3,1.54,1.77,1.99,2.37,2.79,,2017
2017-09-26,0.19,0.33,0.53,0.77,1.03,1.28,1.53,1.76,1.97,2.35,2.77,,2017
2017-09-27,0.22,0.39,0.6,0.85,1.12,1.37,1.61,1.85,2.07,2.44,2.87,,2017
2017-09-28,0.26,0.44,0.67,0.93,1.2,1.46,1.71,1.94,2.16,2.55,2.96,,2017
2017-09-29,0.25,0.43,0.65,0.91,1.17,1.44,1.69,1.93,2.15,2.55,2.95,,2017
2017-10-02,0.28,0.48,0.71,0.98,1.25,1.51,1.76,2.01,2.23,2.62,3.03,,2017
2017-10-03,0.25,0.43,0.66,0.92,1.19,1.45,1.71,1.95,2.17,2.56,2.98,,2017
2017-10-04,0.25,0.43,0.66,0.91,1.18,1.44,1.69,1.93,2.15,2.55,2.96,,2017
2017-10-05,0.25,0.43,0.66,0.92,1.19,1.45,1.7,1.94,2.17,2.56,2.97,,2017
2017-10-06,0.26,0.45,0.68,0.94,1.21,1.48,1.73,1.97,2.19,2.58,2.99,,2017
2017-10-09,0.26,0.46,0.69,0.96,1.23,1.49,1.75,1.99,2.21,2.61,3.02,,2017
2017-10-10,0.26,0.46,0.7,0.97,1.24,1.51,1.77,2.01,2.23,2.63,3.04,,2017
2017-10-11,0.22,0.41,0.64,0.9,1.17,1.43,1.69,1.94,2.16,2.56,2.97,,2017
2017-10-12,0.23,0.4,0.62,0.88,1.15,1.42,1.67,1.92,2.14,2.54,2.94,,2017
2017-10-13,0.22,0.39,0.61,0.86,1.13,1.4,1.66,1.9,2.12,2.51,2.89,,2017
2017-10-16,0.2,0.37,0.59,0.84,1.1,1.37,1.63,1.87,2.1,2.49,2.91,,2017
2017-10-17,0.19,0.35,0.56,0.81,1.07,1.33,1.58,1.82,2.04,2.44,2.84,,2017
2017-10-18,0.2,0.36,0.58,0.83,1.1,1.36,1.61,1.85,2.07,2.48,2.88,,2017
2017-10-19,0.2,0.37,0.6,0.85,1.12,1.38,1.63,1.88,2.1,2.5,2.91,,2017
2017-10-20,0.22,0.39,0.62,0.88,1.15,1.42,1.66,1.91,2.14,2.54,2.96,,2017
2017-10-24,0.2,0.38,0.6,0.86,1.12,1.39,1.64,1.88,2.11,2.52,2.94,,2017
2017-10-25,0.2,0.36,0.58,0.84,1.1,1.36,1.61,1.85,2.07,2.48,2.9,,2017
2017-10-26,0.2,0.37,0.6,0.87,1.13,1.39,1.64,1.87,2.1,2.5,2.9,,2017
2017-10-27,0.19,0.36,0.58,0.84,1.1,1.36,1.61,1.84,2.06,2.47,2.86,,2017
2017-10-30,0.2,0.37,0.59,0.85,1.11,1.38,1.62,1.86,2.08,2.48,2.88,,2017
2017-10-31,0.2,0.37,0.6,0.85,1.12,1.38,1.63,1.86,2.08,2.48,2.87,,2017
2017-11-02,0.21,0.39,0.62,0.88,1.14,1.4,1.65,1.89,2.11,2.51,2.89,,2017
2017-11-03,0.19,0.34,0.55,0.8,1.05,1.3,1.54,1.77,1.99,2.4,2.82,,2017
2017-11-06,0.2,0.35,0.56,0.8,1.05,1.3,1.53,1.77,1.98,2.37,2.8,,2017
2017-11-07,0.19,0.35,0.54,0.78,1.03,1.28,1.51,1.75,1.96,2.34,2.71,,2017
2017-11-08,0.19,0.34,0.54,0.78,1.02,1.28,1.51,1.74,1.95,2.32,2.66,,2017
2017-11-09,0.18,0.32,0.52,0.75,0.98,1.21,1.43,1.65,1.85,2.22,2.56,,2017
2017-11-10,0.18,0.33,0.53,0.76,1.0,1.23,1.45,1.67,1.87,2.22,2.56,,2017
2017-11-13,0.19,0.34,0.54,0.76,1.01,1.24,1.45,1.66,1.87,2.23,2.61,,2017
2017-11-14,0.21,0.37,0.59,0.83,1.06,1.3,1.52,1.74,1.94,2.29,2.64,,2017
2017-11-15,0.2,0.35,0.56,0.79,1.01,1.24,1.46,1.67,1.87,2.23,2.63,,2017
2017-11-16,0.21,0.38,0.6,0.83,1.06,1.29,1.51,1.73,1.93,2.3,2.72,,2017
2017-11-17,0.21,0.38,0.59,0.82,1.05,1.28,1.5,1.72,1.92,2.3,2.74,,2017
2017-11-20,0.21,0.38,0.59,0.82,1.05,1.28,1.5,1.71,1.92,2.29,2.74,,2017
2017-11-21,0.2,0.36,0.58,0.81,1.04,1.27,1.49,1.71,1.91,2.27,2.64,,2017
2017-11-22,0.19,0.34,0.53,0.76,0.98,1.21,1.42,1.64,1.84,2.17,2.55,,2017
2017-11-23,0.19,0.33,0.53,0.75,0.97,1.19,1.4,1.61,1.8,2.16,2.56,,2017
2017-11-24,0.19,0.33,0.52,0.73,0.94,1.16,1.37,1.57,1.77,2.12,2.56,,2017
2017-11-27,0.19,0.33,0.51,0.73,0.94,1.15,1.36,1.56,1.75,2.1,2.52,,2017
2017-11-28,0.19,0.33,0.52,0.73,0.95,1.16,1.36,1.56,1.76,2.11,2.54,,2017
2017-11-29,0.21,0.35,0.54,0.76,0.97,1.19,1.39,1.6,1.8,2.14,2.56,,2017
2017-11-30,0.22,0.36,0.56,0.79,1.0,1.22,1.43,1.63,1.83,2.16,2.51,,2017
2017-12-01,0.2,0.34,0.52,0.73,0.94,1.15,1.35,1.55,1.74,2.1,2.51,,2017
2017-12-04,0.21,0.35,0.54,0.75,0.96,1.17,1.37,1.57,1.76,2.09,2.49,,2017
2017-12-05,0.22,0.36,0.55,0.77,0.98,1.2,1.4,1.6,1.79,2.12,2.47,,2017
2017-12-06,0.22,0.36,0.55,0.77,0.99,1.2,1.4,1.6,1.79,2.13,2.47,,2017
2017-12-07,0.22,0.37,0.56,0.77,0.99,1.19,1.4,1.59,1.78,2.11,2.48,,2017
2017-12-08,0.24,0.39,0.58,0.8,1.01,1.22,1.42,1.62,1.81,2.13,2.5,,2017
2017-12-11,0.24,0.39,0.58,0.79,1.0,1.22,1.42,1.62,1.8,2.14,2.54,,2017
2017-12-12,0.24,0.39,0.58,0.8,1.01,1.22,1.42,1.62,1.81,2.15,2.53,,2017
2017-12-13,0.25,0.4,0.6,0.82,1.03,1.24,1.44,1.64,1.83,2.17,2.55,,2017
2017-12-14,0.25,0.4,0.59,0.8,1.02,1.22,1.42,1.61,1.8,2.14,2.52,,2017
2017-12-15,0.25,0.4,0.59,0.8,1.0,1.2,1.4,1.59,1.77,2.11,2.49,,2017
2017-12-18,0.24,0.39,0.58,0.78,0.99,1.19,1.38,1.58,1.76,2.1,2.48,,2017
2017-12-19,0.23,0.38,0.56,0.77,0.97,1.17,1.37,1.56,1.74,2.08,2.46,,2017
2017-12-20,0.22,0.37,0.56,0.76,0.96,1.16,1.35,1.54,1.73,2.07,2.45,,2017
2017-12-21,0.23,0.37,0.56,0.76,0.96,1.16,1.35,1.54,1.72,2.06,2.43,,2017
2017-12-22,0.23,0.38,0.56,0.76,0.96,1.17,1.36,1.55,1.73,2.07,2.43,,2017
2017-12-27,0.23,0.38,0.56,0.76,0.96,1.17,1.36,1.55,1.73,2.07,2.42,,2017
2017-12-28,0.23,0.38,0.56,0.76,0.96,1.17,1.36,1.55,1.73,2.07,2.42,,2017
2017-12-29,0.23,0.38,0.56,0.76,0.96,1.17,1.36,1.55,1.73,2.07,2.42,,2017
2018-01-02,0.23,0.37,0.56,0.76,0.96,1.16,1.36,1.55,1.73,2.07,2.42,,2018
2018-01-03,0.23,0.38,0.56,0.76,0.96,1.15,1.35,1.54,1.73,2.06,2.41,,2018
2018-01-04,0.21,0.35,0.52,0.71,0.9,1.09,1.27,1.46,1.63,1.96,2.31,,2018
2018-01-05,0.2,0.34,0.49,0.67,0.84,1.02,1.19,1.36,1.53,1.81,2.13,,2018
2018-01-08,0.2,0.34,0.49,0.66,0.83,1.0,1.17,1.34,1.5,1.77,2.09,,2018
2018-01-09,0.21,0.36,0.52,0.69,0.86,1.03,1.2,1.37,1.53,1.81,2.13,,2018
2018-01-10,0.23,0.38,0.54,0.71,0.88,1.05,1.22,1.39,1.55,1.82,2.15,,2018
2018-01-11,0.24,0.39,0.55,0.72,0.89,1.06,1.22,1.38,1.54,1.81,2.14,,2018
2018-01-12,0.26,0.42,0.58,0.75,0.91,1.06,1.21,1.36,1.5,1.75,2.07,,2018
2018-01-15,0.28,0.44,0.61,0.78,0.94,1.09,1.23,1.36,1.5,1.74,2.04,,2018
2018-01-16,0.3,0.47,0.64,0.81,0.96,1.11,1.24,1.38,1.51,1.76,2.08,,2018
2018-01-17,0.31,0.48,0.65,0.81,0.96,1.11,1.23,1.35,1.47,1.71,2.03,,2018
2018-01-18,0.27,0.46,0.65,0.83,0.99,1.14,1.27,1.4,1.52,1.75,2.06,,2018
2018-01-19,0.31,0.53,0.75,0.96,1.15,1.34,1.5,1.64,1.77,2.03,2.32,,2018
2018-01-22,0.36,0.61,0.85,1.08,1.29,1.49,1.67,1.83,1.97,2.21,2.5,,2018
2018-01-23,0.28,0.5,0.71,0.93,1.12,1.31,1.47,1.62,1.75,1.99,2.27,,2018
2018-01-24,0.29,0.52,0.75,0.98,1.19,1.39,1.56,1.72,1.85,2.08,2.37,,2018
2018-01-25,0.25,0.47,0.7,0.92,1.13,1.33,1.5,1.67,1.81,2.04,2.38,,2018
2018-01-26,0.25,0.47,0.69,0.92,1.14,1.34,1.54,1.71,1.87,2.12,2.43,,2018
2018-01-29,0.32,0.56,0.8,1.04,1.27,1.48,1.67,1.86,2.02,2.26,2.55,,2018
2018-01-30,0.29,0.53,0.76,0.99,1.21,1.42,1.61,1.78,1.94,2.19,2.5,,2018
2018-01-31,0.3,0.53,0.78,1.01,1.22,1.41,1.59,1.75,1.9,2.16,2.44,,2018
2018-02-01,0.35,0.62,0.89,1.14,1.36,1.55,1.73,1.89,2.03,2.29,2.56,,2018
2018-02-02,0.38,0.67,0.94,1.2,1.43,1.61,1.76,1.91,2.05,2.29,2.54,,2018
2018-02-05,0.39,0.7,0.98,1.22,1.44,1.64,1.79,1.94,2.09,2.34,2.66,,2018
2018-02-06,0.4,0.71,1.01,1.27,1.5,1.69,1.86,2.01,2.16,2.42,2.73,,2018
2018-02-07,0.4,0.71,1.02,1.29,1.52,1.72,1.89,2.04,2.19,2.45,2.71,,2018
2018-02-08,0.38,0.69,1.0,1.28,1.51,1.71,1.87,2.03,2.17,2.44,2.74,,2018
2018-02-09,0.36,0.67,0.97,1.26,1.49,1.69,1.86,2.01,2.16,2.43,2.74,,2018
2018-02-12,0.35,0.65,0.94,1.22,1.44,1.64,1.81,1.96,2.1,2.36,2.68,,2018
2018-02-13,0.33,0.62,0.91,1.19,1.41,1.6,1.77,1.92,2.07,2.32,2.63,,2018
2018-02-14,0.3,0.58,0.87,1.14,1.37,1.56,1.72,1.88,2.02,2.27,2.58,,2018
2018-02-15,0.3,0.58,0.87,1.14,1.37,1.56,1.73,1.89,2.03,2.28,2.61,,2018
2018-02-16,0.29,0.56,0.85,1.12,1.35,1.55,1.72,1.87,2.02,2.29,2.62,,2018
2018-02-19,0.29,0.58,0.88,1.17,1.42,1.64,1.82,1.99,2.14,2.39,2.73,,2018
2018-02-20,0.3,0.6,0.9,1.2,1.47,1.7,1.9,2.08,2.24,2.51,2.82,,2018
2018-02-21,0.29,0.58,0.88,1.17,1.43,1.66,1.86,2.04,2.19,2.46,2.79,,2018
2018-02-22,0.29,0.58,0.88,1.16,1.43,1.66,1.85,2.03,2.18,2.47,2.79,,2018
2018-02-23,0.28,0.58,0.87,1.15,1.42,1.65,1.84,2.02,2.18,2.44,2.78,,2018
2018-02-26,0.28,0.57,0.85,1.12,1.38,1.61,1.8,1.98,2.14,2.41,2.75,,2018
2018-02-27,0.28,0.57,0.86,1.13,1.38,1.61,1.81,1.98,2.14,2.4,2.74,,2018
2018-02-28,0.29,0.58,0.87,1.15,1.4,1.63,1.82,1.99,2.15,2.42,2.75,,2018
2018-03-01,0.3,0.6,0.89,1.17,1.42,1.64,1.83,2.0,2.16,2.45,2.78,,2018
2018-03-02,0.3,0.59,0.88,1.16,1.41,1.64,1.83,2.01,2.16,2.44,2.78,,2018
2018-03-05,0.3,0.58,0.88,1.15,1.4,1.62,1.82,1.99,2.14,2.42,2.75,,2018
2018-03-06,0.3,0.59,0.88,1.16,1.41,1.63,1.83,2.0,2.16,2.43,2.76,,2018
2018-03-07,0.3,0.6,0.9,1.17,1.43,1.65,1.85,2.02,2.18,2.45,2.78,,2018
2018-03-08,0.31,0.61,0.89,1.17,1.42,1.64,1.83,2.01,2.16,2.43,2.77,,2018
2018-03-09,0.31,0.59,0.87,1.14,1.38,1.61,1.8,1.97,2.13,2.4,2.74,,2018
2018-03-10,0.31,0.59,0.88,1.14,1.39,1.61,1.8,1.97,2.13,2.4,2.74,,2018
2018-03-12,0.32,0.6,0.88,1.15,1.4,1.62,1.81,1.98,2.14,2.41,2.74,,2018
2018-03-13,0.3,0.56,0.83,1.09,1.33,1.55,1.74,1.92,2.07,2.34,2.67,,2018
2018-03-14,0.3,0.56,0.84,1.1,1.34,1.56,1.76,1.93,2.09,2.36,2.69,,2018
2018-03-19,0.28,0.55,0.81,1.06,1.29,1.51,1.7,1.89,2.04,2.32,2.65,,2018
2018-03-20,0.29,0.55,0.81,1.06,1.3,1.52,1.71,1.89,2.05,2.34,2.72,,2018
2018-03-21,0.29,0.55,0.81,1.06,1.29,1.51,1.7,1.88,2.04,2.34,2.72,,2018
2018-03-22,0.26,0.52,0.77,1.02,1.25,1.46,1.65,1.82,1.99,2.3,2.69,,2018
2018-03-23,0.27,0.53,0.79,1.04,1.27,1.49,1.68,1.87,2.03,2.33,2.71,,2018
2018-03-26,0.27,0.53,0.78,1.03,1.26,1.47,1.67,1.85,2.01,2.31,2.7,,2018
2018-03-27,0.27,0.53,0.78,1.02,1.25,1.47,1.67,1.85,2.01,2.3,2.69,,2018
2018-03-28,0.26,0.5,0.74,0.98,1.21,1.43,1.63,1.81,1.98,2.27,2.66,,2018
2018-03-29,0.26,0.51,0.75,0.98,1.21,1.43,1.63,1.81,1.98,2.28,2.64,,2018
2018-04-03,0.27,0.52,0.76,1.0,1.23,1.45,1.66,1.86,2.02,2.28,2.61,,2018
2018-04-04,0.28,0.53,0.78,1.02,1.25,1.48,1.69,1.88,2.05,2.33,2.63,,2018
2018-04-05,0.28,0.54,0.8,1.04,1.27,1.5,1.7,1.9,2.07,2.36,2.67,,2018
2018-04-06,0.28,0.54,0.8,1.05,1.28,1.5,1.71,1.91,2.08,2.38,2.67,,2018
2018-04-09,0.27,0.53,0.77,1.0,1.23,1.45,1.64,1.83,2.0,2.3,2.58,,2018
2018-04-10,0.26,0.51,0.75,0.99,1.21,1.44,1.63,1.82,1.99,2.28,2.57,,2018
2018-04-11,0.25,0.5,0.75,0.98,1.2,1.42,1.62,1.81,1.99,2.28,2.57,,2018
2018-04-12,0.25,0.5,0.75,0.98,1.2,1.42,1.62,1.81,1.98,2.27,2.56,,2018
2018-04-13,0.26,0.52,0.77,1.0,1.23,1.45,1.64,1.83,2.02,2.31,2.61,,2018
2018-04-16,0.26,0.52,0.78,1.02,1.24,1.46,1.67,1.86,2.05,2.35,2.63,,2018
2018-04-17,0.26,0.52,0.77,1.01,1.23,1.45,1.66,1.86,2.04,2.34,2.63,,2018
2018-04-18,0.25,0.51,0.76,1.0,1.23,1.44,1.65,1.84,2.03,2.33,2.63,,2018
2018-04-19,0.25,0.51,0.78,1.02,1.25,1.47,1.67,1.87,2.06,2.36,2.66,,2018
2018-04-20,0.25,0.52,0.78,1.04,1.27,1.49,1.69,1.9,2.09,2.39,2.67,,2018
2018-04-21,0.25,0.51,0.78,1.03,1.27,1.49,1.69,1.89,2.09,2.39,2.67,,2018
2018-04-23,0.25,0.51,0.78,1.04,1.27,1.5,1.71,1.91,2.09,2.4,2.69,,2018
2018-04-24,0.25,0.51,0.78,1.03,1.26,1.49,1.7,1.9,2.09,2.4,2.68,,2018
2018-04-25,0.26,0.52,0.79,1.04,1.27,1.5,1.71,1.91,2.1,2.41,2.68,,2018
2018-04-26,0.26,0.51,0.79,1.04,1.28,1.5,1.71,1.91,2.1,2.42,2.69,,2018
2018-04-27,0.26,0.51,0.77,1.02,1.26,1.48,1.68,1.88,2.06,2.39,2.66,,2018
2018-05-02,0.27,0.52,0.77,1.02,1.25,1.48,1.68,1.88,2.07,2.39,2.67,,2018
2018-05-03,0.28,0.54,0.81,1.07,1.31,1.53,1.74,1.94,2.13,2.43,2.72,,2018
2018-05-04,0.27,0.52,0.78,1.04,1.27,1.5,1.7,1.9,2.09,2.4,2.7,,2018
2018-05-07,0.32,0.58,0.84,1.1,1.34,1.56,1.77,1.96,2.15,2.45,2.75,,2018
2018-05-08,0.33,0.58,0.85,1.11,1.35,1.57,1.77,1.97,2.16,2.46,2.77,,2018
2018-05-09,0.39,0.67,0.95,1.22,1.46,1.69,1.89,2.1,2.28,2.57,2.87,,2018
2018-05-10,0.36,0.63,0.91,1.17,1.41,1.63,1.83,2.03,2.21,2.52,2.8,,2018
2018-05-11,0.36,0.62,0.9,1.17,1.41,1.64,1.84,2.04,2.22,2.52,2.8,,2018
2018-05-14,0.36,0.64,0.92,1.2,1.45,1.67,1.88,2.08,2.27,2.56,2.85,,2018
2018-05-15,0.39,0.68,0.97,1.27,1.52,1.75,1.96,2.17,2.36,2.64,2.9,,2018
2018-05-16,0.44,0.73,1.02,1.3,1.56,1.79,2.0,2.21,2.4,2.69,2.94,,2018
2018-05-17,0.5,0.79,1.09,1.37,1.62,1.85,2.06,2.26,2.45,2.72,2.99,,2018
2018-05-18,0.54,0.84,1.13,1.41,1.66,1.88,2.09,2.29,2.47,2.76,3.02,,2018
2018-05-22,0.59,0.89,1.19,1.48,1.73,1.96,2.15,2.35,2.53,2.81,3.1,,2018
2018-05-23,0.59,0.9,1.2,1.49,1.75,1.98,2.19,2.39,2.57,2.85,3.14,,2018
2018-05-24,0.52,0.82,1.12,1.4,1.65,1.88,2.09,2.29,2.47,2.75,3.04,,2018
2018-05-25,0.48,0.78,1.08,1.36,1.62,1.85,2.06,2.26,2.44,2.73,3.0,,2018
2018-05-28,0.47,0.77,1.05,1.34,1.59,1.82,2.03,2.23,2.41,2.7,2.98,,2018
2018-05-29,0.47,0.76,1.05,1.33,1.58,1.81,2.02,2.23,2.41,2.69,2.97,,2018
2018-05-30,0.46,0.75,1.03,1.31,1.56,1.79,2.01,2.2,2.38,2.68,2.96,,2018
2018-05-31,0.46,0.75,1.03,1.31,1.56,1.79,2.0,2.2,2.38,2.67,2.95,,2018
2018-06-01,0.46,0.75,1.03,1.31,1.57,1.81,2.02,2.22,2.4,2.68,2.96,,2018
2018-06-04,0.46,0.75,1.04,1.31,1.57,1.81,2.02,2.22,2.4,2.69,2.96,,2018
2018-06-05,0.45,0.73,1.02,1.3,1.56,1.79,2.01,2.21,2.39,2.67,2.96,,2018
2018-06-06,0.45,0.74,1.03,1.32,1.58,1.82,2.03,2.23,2.41,2.7,2.97,,2018
2018-06-07,0.5,0.8,1.1,1.4,1.65,1.89,2.11,2.3,2.49,2.78,3.04,,2018
2018-06-08,0.5,0.8,1.11,1.4,1.66,1.9,2.11,2.31,2.49,2.78,3.05,,2018
2018-06-11,0.64,0.95,1.25,1.54,1.8,2.04,2.25,2.45,2.63,2.92,3.18,,2018
2018-06-12,0.76,1.1,1.42,1.73,1.98,2.21,2.42,2.61,2.79,3.07,3.31,,2018
2018-06-13,0.73,1.09,1.41,1.7,1.95,2.17,2.37,2.54,2.71,2.99,3.24,,2018
2018-06-14,0.86,1.24,1.58,1.87,2.12,2.36,2.56,2.74,2.91,3.18,3.42,,2018
2018-06-15,0.92,1.28,1.6,1.88,2.13,2.35,2.56,2.74,2.91,3.18,3.45,,2018
2018-06-18,0.93,1.29,1.6,1.88,2.13,2.34,2.55,2.74,2.9,3.16,3.42,,2018
2018-06-19,0.97,1.33,1.64,1.91,2.16,2.38,2.58,2.76,2.93,3.2,3.46,,2018
2018-06-20,0.96,1.31,1.6,1.86,2.1,2.32,2.51,2.69,2.86,3.13,3.4,,2018
2018-06-21,1.08,1.4,1.67,1.91,2.14,2.35,2.55,2.72,2.88,3.14,3.4,,2018
2018-06-22,1.21,1.52,1.78,2.01,2.22,2.41,2.59,2.75,2.9,3.16,3.42,,2018
2018-06-25,1.21,1.51,1.76,1.98,2.18,2.36,2.52,2.67,2.82,3.08,3.35,,2018
2018-06-26,1.17,1.47,1.73,1.96,2.16,2.35,2.52,2.67,2.83,3.09,3.35,,2018
2018-06-27,1.07,1.38,1.65,1.9,2.12,2.31,2.49,2.67,2.82,3.08,3.34,,2018
2018-06-28,1.08,1.41,1.69,1.95,2.18,2.39,2.58,2.75,2.91,3.17,3.43,,2018
2018-06-29,1.09,1.42,1.7,1.96,2.19,2.38,2.57,2.74,2.89,3.16,3.41,,2018
2018-07-02,1.22,1.56,1.86,2.13,2.35,2.54,2.72,2.88,3.03,3.3,3.56,,2018
2018-07-03,1.46,1.82,2.11,2.36,2.58,2.76,2.92,3.06,3.21,3.46,3.73,,2018
2018-07-04,1.33,1.68,1.97,2.23,2.44,2.61,2.77,2.91,3.06,3.32,3.57,,2018
2018-07-05,1.3,1.64,1.93,2.19,2.4,2.58,2.73,2.88,3.02,3.29,3.52,,2018
2018-07-06,1.24,1.58,1.87,2.12,2.33,2.51,2.66,2.81,2.95,3.21,3.44,,2018
2018-07-09,1.21,1.56,1.84,2.09,2.29,2.48,2.63,2.79,2.92,3.18,3.42,,2018
2018-07-10,1.23,1.58,1.87,2.13,2.33,2.51,2.67,2.82,2.96,3.21,3.44,,2018
2018-07-11,1.21,1.57,1.86,2.11,2.32,2.51,2.67,2.81,2.95,3.2,3.43,,2018
2018-07-12,1.21,1.56,1.85,2.11,2.32,2.5,2.66,2.8,2.94,3.2,3.44,,2018
2018-07-13,1.23,1.59,1.89,2.15,2.36,2.53,2.69,2.84,2.98,3.23,3.46,,2018
2018-07-16,1.24,1.59,1.88,2.14,2.35,2.53,2.69,2.84,2.97,3.23,3.46,,2018
2018-07-17,1.17,1.52,1.82,2.08,2.29,2.47,2.63,2.77,2.91,3.16,3.4,,2018
2018-07-18,1.12,1.47,1.77,2.02,2.23,2.42,2.57,2.72,2.86,3.11,3.36,,2018
2018-07-19,1.05,1.41,1.7,1.95,2.17,2.36,2.52,2.67,2.81,3.06,3.31,,2018
2018-07-20,1.08,1.44,1.74,2.0,2.21,2.41,2.57,2.72,2.86,3.12,3.37,,2018
2018-07-23,1.08,1.42,1.72,1.98,2.2,2.38,2.55,2.7,2.84,3.09,3.36,,2018
2018-07-24,1.07,1.42,1.72,1.97,2.19,2.37,2.54,2.69,2.83,3.09,3.36,,2018
2018-07-25,1.05,1.4,1.69,1.94,2.16,2.35,2.51,2.66,2.8,3.04,3.31,,2018
2018-07-26,1.05,1.4,1.68,1.94,2.16,2.35,2.51,2.66,2.8,3.04,3.3,,2018
2018-07-27,0.91,1.27,1.56,1.82,2.03,2.23,2.39,2.54,2.68,2.92,3.2,,2018
2018-07-30,0.87,1.21,1.51,1.77,1.99,2.19,2.36,2.51,2.66,2.89,3.18,,2018
2018-07-31,0.92,1.27,1.57,1.84,2.06,2.26,2.44,2.6,2.75,2.99,3.27,,2018
2018-08-01,0.92,1.27,1.58,1.85,2.08,2.28,2.45,2.62,2.76,3.0,3.29,,2018
2018-08-02,0.94,1.3,1.6,1.88,2.11,2.31,2.49,2.65,2.8,3.04,3.32,,2018
2018-08-03,0.98,1.34,1.65,1.92,2.16,2.36,2.54,2.71,2.85,3.09,3.38,,2018
2018-08-06,0.98,1.34,1.65,1.92,2.15,2.35,2.53,2.69,2.84,3.08,3.37,,2018
2018-08-07,1.0,1.36,1.67,1.94,2.17,2.37,2.55,2.71,2.86,3.1,3.38,,2018
2018-08-08,1.1,1.46,1.77,2.04,2.27,2.47,2.64,2.8,2.94,3.18,3.46,,2018
2018-08-09,1.11,1.47,1.78,2.06,2.29,2.48,2.65,2.81,2.95,3.19,3.48,,2018
2018-08-10,1.13,1.5,1.81,2.08,2.3,2.49,2.65,2.81,2.95,3.18,3.46,,2018
2018-08-13,1.22,1.6,1.92,2.19,2.41,2.59,2.76,2.91,3.04,3.27,3.52,,2018
2018-08-14,1.16,1.53,1.85,2.11,2.33,2.51,2.66,2.8,2.93,3.15,3.39,,2018
2018-08-15,1.13,1.49,1.8,2.06,2.27,2.45,2.61,2.76,2.89,3.11,3.38,,2018
2018-08-16,1.15,1.52,1.84,2.11,2.33,2.51,2.67,2.82,2.95,3.17,3.43,,2018
2018-08-17,1.14,1.51,1.83,2.1,2.31,2.5,2.66,2.81,2.94,3.17,3.44,,2018
2018-08-21,1.14,1.5,1.82,2.09,2.31,2.5,2.66,2.81,2.95,3.18,3.46,,2018
2018-08-22,1.06,1.41,1.73,1.99,2.21,2.4,2.57,2.72,2.86,3.1,3.39,,2018
2018-08-23,1.02,1.37,1.67,1.93,2.15,2.35,2.51,2.67,2.81,3.06,3.32,,2018
2018-08-24,1.01,1.36,1.65,1.91,2.14,2.33,2.5,2.66,2.8,3.05,3.34,,2018
2018-08-27,1.0,1.34,1.64,1.91,2.14,2.33,2.5,2.65,2.8,3.04,3.3,,2018
2018-08-28,1.0,1.35,1.65,1.92,2.14,2.34,2.51,2.67,2.81,3.06,3.35,,2018
2018-08-29,1.0,1.36,1.66,1.93,2.17,2.37,2.54,2.7,2.84,3.08,3.35,,2018
2018-08-30,1.03,1.39,1.7,1.98,2.22,2.42,2.59,2.75,2.89,3.12,3.4,,2018
2018-08-31,1.09,1.45,1.76,2.04,2.27,2.46,2.63,2.79,2.92,3.16,3.42,,2018
2018-09-03,1.09,1.45,1.76,2.04,2.27,2.46,2.63,2.79,2.92,3.16,3.43,,2018
2018-09-04,1.11,1.49,1.81,2.08,2.31,2.5,2.67,2.82,2.96,3.19,3.47,,2018
2018-09-05,1.26,1.64,1.97,2.25,2.47,2.66,2.82,2.97,3.1,3.33,3.61,,2018
2018-09-06,1.23,1.61,1.92,2.2,2.43,2.62,2.79,2.93,3.06,3.29,3.56,,2018
2018-09-07,1.2,1.57,1.89,2.15,2.38,2.58,2.75,2.89,3.02,3.25,3.52,,2018
2018-09-10,1.2,1.58,1.9,2.18,2.41,2.6,2.77,2.92,3.05,3.28,3.55,,2018
2018-09-11,1.23,1.62,1.94,2.22,2.44,2.64,2.8,2.95,3.08,3.31,3.59,,2018
2018-09-12,1.26,1.65,1.97,2.25,2.49,2.69,2.86,3.02,3.15,3.38,3.65,,2018
2018-09-13,1.24,1.63,1.95,2.23,2.46,2.67,2.84,3.0,3.13,3.36,3.64,,2018
2018-09-14,1.21,1.58,1.9,2.18,2.41,2.61,2.78,2.93,3.07,3.3,3.57,,2018
2018-09-17,1.22,1.6,1.93,2.21,2.44,2.64,2.82,2.97,3.11,3.34,3.61,,2018
2018-09-18,1.25,1.64,1.97,2.25,2.48,2.69,2.86,3.02,3.15,3.38,3.64,,2018
2018-09-19,1.25,1.64,1.96,2.24,2.47,2.67,2.83,2.99,3.11,3.34,3.61,,2018
2018-09-20,1.23,1.62,1.94,2.22,2.45,2.64,2.81,2.96,3.09,3.32,3.58,,2018
2018-09-21,1.16,1.55,1.88,2.15,2.37,2.57,2.74,2.89,3.02,3.25,3.51,,2018
2018-09-24,1.13,1.53,1.86,2.13,2.37,2.56,2.74,2.89,3.03,3.26,3.52,,2018
2018-09-25,1.13,1.53,1.86,2.14,2.37,2.57,2.75,2.9,3.04,3.27,3.53,,2018
2018-09-26,1.16,1.58,1.91,2.19,2.43,2.63,2.8,2.96,3.09,3.32,3.59,,2018
2018-09-27,1.11,1.53,1.86,2.13,2.36,2.56,2.74,2.89,3.03,3.26,3.52,,2018
2018-09-28,1.14,1.57,1.91,2.18,2.41,2.61,2.79,2.94,3.08,3.31,3.57,,2018
2018-10-01,1.13,1.56,1.88,2.16,2.39,2.59,2.77,2.92,3.06,3.29,3.56,,2018
2018-10-02,1.14,1.57,1.9,2.18,2.4,2.61,2.79,2.95,3.09,3.33,3.59,,2018
2018-10-03,1.15,1.58,1.92,2.19,2.43,2.63,2.81,2.97,3.1,3.34,3.61,,2018
2018-10-04,1.18,1.63,1.97,2.25,2.48,2.69,2.88,3.04,3.19,3.43,3.7,,2018
2018-10-05,1.23,1.68,2.02,2.3,2.54,2.75,2.93,3.1,3.24,3.48,3.75,,2018
2018-10-08,1.2,1.65,2.0,2.28,2.52,2.73,2.91,3.07,3.22,3.46,3.72,,2018
2018-10-09,1.38,1.83,2.17,2.44,2.67,2.87,3.05,3.2,3.33,3.57,3.84,,2018
2018-10-10,1.36,1.84,2.16,2.44,2.66,2.86,3.04,3.19,3.33,3.56,3.83,,2018
2018-10-11,1.37,1.84,2.19,2.46,2.7,2.9,3.07,3.23,3.37,3.6,3.87,,2018
2018-10-12,1.4,1.87,2.22,2.5,2.73,2.93,3.1,3.26,3.4,3.63,3.89,,2018
2018-10-13,1.39,1.87,2.22,2.49,2.73,2.93,3.1,3.25,3.39,3.62,3.9,,2018
2018-10-15,1.36,1.84,2.17,2.45,2.68,2.88,3.05,3.21,3.35,3.58,3.84,,2018
2018-10-16,1.34,1.82,2.17,2.45,2.69,2.89,3.06,3.21,3.35,3.59,3.86,,2018
2018-10-17,1.28,1.77,2.12,2.4,2.63,2.83,3.0,3.16,3.3,3.53,3.8,,2018
2018-10-18,1.26,1.74,2.1,2.39,2.62,2.82,2.99,3.14,3.28,3.51,3.78,,2018
2018-10-19,1.28,1.78,2.15,2.45,2.69,2.88,3.04,3.19,3.32,3.55,3.83,,2018
2018-10-24,1.22,1.73,2.11,2.41,2.65,2.85,3.01,3.16,3.29,3.52,3.82,,2018
2018-10-25,1.22,1.73,2.1,2.4,2.64,2.83,2.99,3.13,3.27,3.5,3.77,,2018
2018-10-26,1.2,1.7,2.07,2.36,2.59,2.78,2.94,3.08,3.21,3.44,3.72,,2018
2018-10-29,1.16,1.65,2.0,2.28,2.51,2.7,2.85,3.0,3.12,3.35,3.63,,2018
2018-10-30,1.17,1.67,2.02,2.3,2.53,2.72,2.88,3.02,3.15,3.38,3.65,,2018
2018-10-31,1.21,1.71,2.06,2.35,2.58,2.77,2.93,3.08,3.21,3.44,3.71,,2018
2018-11-05,1.23,1.73,2.1,2.38,2.61,2.81,2.97,3.11,3.25,3.47,3.75,,2018
2018-11-06,1.17,1.67,2.03,2.3,2.53,2.72,2.89,3.03,3.16,3.39,3.67,,2018
2018-11-07,1.17,1.67,2.03,2.3,2.53,2.72,2.89,3.03,3.16,3.39,3.66,,2018
2018-11-08,1.24,1.73,2.08,2.36,2.59,2.78,2.94,3.09,3.22,3.45,3.71,,2018
2018-11-09,1.28,1.77,2.12,2.4,2.62,2.81,2.96,3.11,3.24,3.47,3.73,,2018
2018-11-10,1.27,1.76,2.11,2.39,2.61,2.8,2.96,3.1,3.23,3.45,3.72,,2018
2018-11-12,1.26,1.75,2.1,2.38,2.6,2.79,2.95,3.09,3.22,3.44,3.72,,2018
2018-11-13,1.28,1.77,2.13,2.4,2.63,2.82,2.97,3.11,3.24,3.47,3.74,,2018
2018-11-14,1.26,1.75,2.1,2.38,2.6,2.79,2.94,3.09,3.21,3.43,3.72,,2018
2018-11-15,1.2,1.69,2.04,2.31,2.54,2.72,2.87,3.01,3.14,3.36,3.64,,2018
2018-11-16,1.19,1.69,2.04,2.31,2.53,2.71,2.86,3.0,3.13,3.36,3.63,,2018
2018-11-19,1.13,1.63,1.97,2.25,2.47,2.65,2.8,2.94,3.07,3.29,3.57,,2018
2018-11-20,1.07,1.56,1.9,2.17,2.39,2.57,2.73,2.87,2.99,3.22,3.5,,2018
2018-11-21,1.07,1.56,1.89,2.16,2.38,2.56,2.71,2.86,2.98,3.21,3.49,,2018
2018-11-22,1.0,1.48,1.8,2.05,2.27,2.45,2.61,2.76,2.88,3.12,3.38,,2018
2018-11-23,1.04,1.51,1.84,2.09,2.31,2.49,2.65,2.79,2.92,3.15,3.42,,2018
2018-11-26,1.02,1.47,1.78,2.02,2.24,2.43,2.59,2.73,2.87,3.09,3.37,,2018
2018-11-27,0.98,1.4,1.71,1.95,2.17,2.36,2.52,2.67,2.8,3.03,3.3,,2018
2018-11-28,0.95,1.35,1.63,1.87,2.09,2.28,2.44,2.6,2.73,2.96,3.23,,2018
2018-11-29,0.94,1.33,1.62,1.86,2.07,2.26,2.43,2.58,2.71,2.94,3.22,,2018
2018-11-30,0.95,1.35,1.63,1.87,2.08,2.27,2.44,2.59,2.73,2.97,3.23,,2018
2018-12-01,0.94,1.33,1.61,1.85,2.06,2.26,2.43,2.58,2.71,2.95,3.22,,2018
2018-12-03,0.93,1.32,1.6,1.84,2.05,2.25,2.42,2.58,2.71,2.94,3.22,,2018
2018-12-04,0.94,1.32,1.61,1.84,2.06,2.25,2.42,2.57,2.71,2.95,3.22,,2018
2018-12-05,0.92,1.3,1.58,1.82,2.04,2.23,2.4,2.55,2.69,2.92,3.21,,2018
2018-12-06,0.95,1.34,1.63,1.87,2.09,2.28,2.45,2.61,2.74,2.98,3.25,,2018
2018-12-07,0.92,1.3,1.59,1.82,2.04,2.23,2.4,2.55,2.68,2.92,3.2,,2018
2018-12-10,0.93,1.32,1.6,1.85,2.06,2.25,2.42,2.58,2.71,2.95,3.23,,2018
2018-12-11,0.92,1.31,1.58,1.82,2.03,2.23,2.4,2.55,2.68,2.92,3.2,,2018
2018-12-12,0.92,1.3,1.58,1.82,2.03,2.23,2.39,2.54,2.68,2.92,3.19,,2018
2018-12-13,0.9,1.29,1.57,1.81,2.03,2.22,2.39,2.54,2.68,2.92,3.18,,2018
2018-12-14,0.91,1.29,1.58,1.82,2.04,2.23,2.4,2.55,2.69,2.92,3.19,,2018
2018-12-15,0.91,1.29,1.58,1.83,2.04,2.23,2.39,2.54,2.68,2.9,3.19,,2018
2018-12-17,0.91,1.29,1.58,1.83,2.04,2.23,2.39,2.54,2.67,2.9,3.17,,2018
2018-12-18,0.93,1.32,1.6,1.85,2.06,2.25,2.41,2.56,2.69,2.92,3.19,,2018
2018-12-19,0.99,1.36,1.64,1.87,2.08,2.26,2.42,2.56,2.69,2.92,3.19,,2018
2018-12-20,0.97,1.32,1.59,1.81,2.01,2.19,2.36,2.49,2.62,2.85,3.13,,2018
2018-12-21,0.92,1.24,1.46,1.66,1.85,2.02,2.17,2.31,2.43,2.64,2.93,,2018
2018-12-27,0.93,1.21,1.42,1.6,1.78,1.94,2.07,2.2,2.31,2.53,2.82,,2018
2018-12-28,0.92,1.19,1.39,1.57,1.73,1.88,2.02,2.15,2.27,2.5,2.77,,2018
2019-01-02,0.91,1.18,1.37,1.55,1.71,1.85,1.98,2.1,2.22,2.44,2.7,,2019
2019-01-03,0.88,1.15,1.33,1.49,1.63,1.77,1.9,2.02,2.14,2.35,2.62,,2019
2019-01-04,0.84,1.13,1.33,1.5,1.65,1.78,1.91,2.04,2.15,2.37,2.64,,2019
2019-01-07,0.91,1.25,1.48,1.67,1.83,1.98,2.11,2.24,2.36,2.58,2.85,,2019
2019-01-08,0.93,1.29,1.54,1.74,1.91,2.06,2.2,2.33,2.45,2.67,2.92,,2019
2019-01-09,0.89,1.25,1.5,1.71,1.89,2.04,2.19,2.32,2.44,2.66,2.93,,2019
2019-01-10,0.86,1.21,1.46,1.67,1.85,2.01,2.15,2.29,2.41,2.63,2.91,,2019
2019-01-11,0.84,1.19,1.44,1.64,1.83,1.99,2.14,2.28,2.41,2.63,2.89,,2019
2019-01-14,0.8,1.13,1.37,1.57,1.75,1.92,2.07,2.22,2.35,2.58,2.85,,2019
2019-01-15,0.72,1.0,1.2,1.39,1.56,1.73,1.87,2.01,2.14,2.37,2.62,,2019
2019-01-16,0.75,1.05,1.28,1.48,1.66,1.83,1.98,2.12,2.25,2.47,2.72,,2019
2019-01-17,0.92,1.21,1.43,1.61,1.78,1.93,2.06,2.18,2.3,2.51,2.77,,2019
2019-01-18,1.01,1.31,1.54,1.73,1.9,2.05,2.18,2.3,2.4,2.61,2.89,,2019
2019-01-21,0.95,1.25,1.46,1.65,1.8,1.94,2.07,2.19,2.29,2.49,2.78,,2019
2019-01-22,0.97,1.28,1.52,1.72,1.89,2.03,2.15,2.26,2.37,2.56,2.8,,2019
2019-01-23,0.93,1.25,1.48,1.69,1.85,2.0,2.12,2.23,2.33,2.52,2.76,,2019
2019-01-24,0.9,1.22,1.47,1.66,1.83,1.97,2.09,2.2,2.3,2.49,2.75,,2019
2019-01-25,0.87,1.18,1.42,1.61,1.77,1.9,2.03,2.14,2.24,2.44,2.7,,2019
2019-01-28,0.88,1.22,1.48,1.68,1.84,1.98,2.11,2.22,2.32,2.52,2.78,,2019
2019-01-29,0.87,1.2,1.47,1.67,1.83,1.97,2.09,2.2,2.3,2.5,2.77,,2019
2019-01-30,0.92,1.25,1.53,1.73,1.9,2.04,2.16,2.27,2.37,2.57,2.82,,2019
2019-01-31,0.87,1.18,1.42,1.61,1.77,1.91,2.03,2.14,2.25,2.45,2.69,,2019
2019-02-01,0.84,1.14,1.38,1.56,1.72,1.86,1.99,2.11,2.22,2.42,2.66,,2019
2019-02-04,0.76,1.07,1.3,1.49,1.66,1.81,1.95,2.07,2.19,2.39,2.63,,2019
2019-02-05,0.8,1.1,1.35,1.55,1.72,1.87,2.01,2.13,2.24,2.43,2.68,,2019
2019-02-06,0.76,1.06,1.3,1.49,1.66,1.8,1.94,2.06,2.17,2.36,2.56,,2019
2019-02-07,0.77,1.07,1.32,1.52,1.68,1.82,1.95,2.07,2.18,2.37,2.6,,2019
2019-02-08,0.77,1.07,1.32,1.51,1.68,1.83,1.95,2.07,2.18,2.38,2.57,,2019
2019-02-11,0.78,1.08,1.33,1.53,1.7,1.85,1.99,2.11,2.23,2.42,2.59,,2019
2019-02-12,0.86,1.17,1.44,1.65,1.82,1.98,2.12,2.25,2.36,2.56,2.73,,2019
2019-02-13,0.88,1.18,1.43,1.63,1.8,1.95,2.09,2.21,2.32,2.52,2.72,,2019
2019-02-14,0.89,1.2,1.45,1.65,1.82,1.96,2.09,2.21,2.32,2.52,2.69,,2019
2019-02-15,0.87,1.18,1.44,1.64,1.8,1.95,2.08,2.2,2.31,2.51,2.68,,2019
2019-02-18,0.87,1.17,1.43,1.62,1.79,1.94,2.07,2.19,2.3,2.5,2.7,,2019
2019-02-19,0.86,1.16,1.41,1.61,1.78,1.92,2.06,2.17,2.28,2.47,2.67,,2019
2019-02-20,0.85,1.14,1.38,1.58,1.74,1.89,2.03,2.15,2.25,2.44,2.65,,2019
2019-02-21,0.83,1.11,1.35,1.54,1.71,1.86,1.99,2.11,2.22,2.41,2.62,,2019
2019-02-22,0.82,1.09,1.33,1.53,1.69,1.85,1.98,2.1,2.21,2.4,2.62,,2019
2019-02-25,0.83,1.1,1.34,1.54,1.71,1.87,2.01,2.12,2.23,2.43,2.61,,2019
2019-02-26,0.84,1.12,1.37,1.57,1.73,1.89,2.02,2.14,2.25,2.44,2.65,,2019
2019-02-27,0.86,1.14,1.39,1.59,1.75,1.9,2.03,2.15,2.26,2.46,2.64,,2019
2019-02-28,0.89,1.17,1.41,1.61,1.77,1.92,2.05,2.17,2.28,2.47,2.65,,2019
2019-03-01,0.94,1.25,1.49,1.68,1.84,1.98,2.11,2.23,2.34,2.53,2.76,,2019
2019-03-04,0.96,1.28,1.52,1.72,1.88,2.02,2.15,2.27,2.38,2.57,2.76,,2019
2019-03-05,0.96,1.29,1.55,1.76,1.92,2.06,2.19,2.3,2.41,2.59,2.77,,2019
2019-03-06,0.93,1.25,1.49,1.69,1.85,1.99,2.12,2.23,2.33,2.52,2.71,,2019
2019-03-07,0.9,1.21,1.45,1.65,1.81,1.95,2.08,2.19,2.31,2.5,2.68,,2019
2019-03-08,0.88,1.19,1.43,1.62,1.79,1.93,2.06,2.18,2.29,2.48,2.66,,2019
2019-03-11,0.88,1.19,1.43,1.62,1.78,1.93,2.05,2.17,2.28,2.47,2.65,,2019
2019-03-12,0.88,1.19,1.43,1.63,1.79,1.94,2.06,2.18,2.28,2.47,2.67,,2019
2019-03-13,0.87,1.18,1.42,1.61,1.77,1.92,2.05,2.16,2.27,2.46,2.63,,2019
2019-03-14,0.88,1.19,1.43,1.62,1.78,1.93,2.06,2.17,2.28,2.46,2.64,,2019
2019-03-18,0.87,1.18,1.41,1.61,1.78,1.92,2.04,2.16,2.26,2.45,2.63,,2019
2019-03-19,0.8,1.1,1.33,1.52,1.68,1.82,1.95,2.06,2.17,2.36,2.53,,2019
2019-03-20,0.81,1.1,1.33,1.52,1.69,1.83,1.96,2.08,2.19,2.38,2.57,,2019
2019-03-21,0.72,1.0,1.23,1.41,1.57,1.72,1.84,1.96,2.07,2.24,2.45,,2019
2019-03-22,0.71,0.98,1.2,1.38,1.54,1.68,1.81,1.93,2.03,2.22,2.41,,2019
2019-03-25,0.71,0.98,1.2,1.39,1.55,1.69,1.82,1.94,2.05,2.24,2.44,,2019
2019-03-26,0.73,1.01,1.24,1.42,1.58,1.73,1.86,1.97,2.08,2.26,2.46,,2019
2019-03-27,0.54,0.8,1.03,1.24,1.44,1.6,1.74,1.87,1.99,2.19,2.38,,2019
2019-03-28,0.59,0.79,0.98,1.18,1.37,1.53,1.68,1.82,1.94,2.14,2.35,,2019
2019-03-29,0.59,0.78,0.98,1.17,1.35,1.52,1.68,1.81,1.93,2.14,2.34,,2019
2019-04-01,0.65,0.86,1.07,1.27,1.45,1.62,1.78,1.92,2.04,2.24,2.44,,2019
2019-04-02,0.66,0.88,1.09,1.29,1.47,1.64,1.79,1.93,2.05,2.25,2.44,,2019
2019-04-03,0.69,0.92,1.14,1.34,1.52,1.7,1.85,1.99,2.12,2.32,2.51,,2019
2019-04-04,0.68,0.92,1.14,1.34,1.52,1.7,1.84,1.98,2.11,2.31,2.54,,2019
2019-04-05,0.68,0.92,1.14,1.35,1.53,1.7,1.85,1.99,2.12,2.32,2.51,,2019
2019-04-08,0.68,0.92,1.15,1.35,1.53,1.7,1.86,2.0,2.12,2.33,2.52,,2019
2019-04-09,0.74,1.0,1.24,1.45,1.63,1.79,1.94,2.07,2.2,2.4,2.61,,2019
2019-04-10,0.76,1.03,1.26,1.47,1.65,1.81,1.96,2.09,2.21,2.42,2.61,,2019
2019-04-11,0.77,1.04,1.28,1.48,1.66,1.82,1.97,2.1,2.22,2.42,2.61,,2019
2019-04-12,0.79,1.06,1.3,1.5,1.68,1.84,1.98,2.12,2.24,2.43,2.63,,2019
2019-04-15,0.83,1.13,1.38,1.59,1.77,1.93,2.07,2.2,2.31,2.51,2.71,,2019
2019-04-16,0.82,1.12,1.38,1.58,1.77,1.92,2.06,2.19,2.31,2.51,2.7,,2019
2019-04-17,0.8,1.11,1.38,1.62,1.81,1.98,2.13,2.27,2.39,2.59,2.78,,2019
2019-04-18,0.73,1.03,1.29,1.51,1.7,1.87,2.04,2.16,2.29,2.49,2.68,,2019
2019-04-23,0.73,1.03,1.3,1.52,1.72,1.89,2.04,2.18,2.3,2.51,2.72,,2019
2019-04-24,0.69,1.01,1.27,1.49,1.68,1.86,2.01,2.15,2.27,2.48,2.66,,2019
2019-04-25,0.7,1.01,1.28,1.51,1.7,1.88,2.03,2.17,2.3,2.5,2.69,,2019
2019-04-26,0.7,1.02,1.3,1.53,1.72,1.9,2.05,2.19,2.32,2.54,2.75,,2019
2019-04-29,0.71,1.03,1.3,1.53,1.73,1.9,2.06,2.2,2.32,2.52,2.71,,2019
2019-04-30,0.77,1.09,1.36,1.59,1.78,1.96,2.11,2.24,2.37,2.58,2.77,,2019
2019-05-02,0.8,1.13,1.42,1.65,1.85,2.02,2.17,2.31,2.44,2.64,2.85,,2019
2019-05-03,0.83,1.17,1.46,1.69,1.89,2.06,2.21,2.35,2.47,2.68,2.86,,2019
2019-05-06,0.79,1.13,1.41,1.65,1.85,2.02,2.17,2.3,2.42,2.63,2.82,,2019
2019-05-07,0.8,1.13,1.42,1.66,1.85,2.02,2.18,2.31,2.44,2.64,2.83,,2019
2019-05-08,0.8,1.13,1.41,1.64,1.83,2.0,2.15,2.29,2.41,2.62,2.81,,2019
2019-05-09,0.82,1.13,1.4,1.62,1.81,1.97,2.12,2.26,2.38,2.58,2.77,,2019
2019-05-10,0.8,1.1,1.36,1.59,1.78,1.95,2.1,2.24,2.35,2.55,2.74,,2019
2019-05-13,0.79,1.09,1.35,1.57,1.76,1.93,2.07,2.21,2.33,2.53,2.72,,2019
2019-05-14,0.74,1.04,1.3,1.51,1.7,1.87,2.02,2.15,2.27,2.48,2.67,,2019
2019-05-15,0.75,1.03,1.27,1.48,1.67,1.83,1.97,2.11,2.23,2.43,2.62,,2019
2019-05-16,0.74,1.02,1.26,1.46,1.64,1.8,1.94,2.07,2.18,2.37,2.58,,2019
2019-05-17,0.78,1.08,1.33,1.54,1.72,1.88,2.03,2.16,2.27,2.47,2.68,,2019
2019-05-20,0.78,1.08,1.33,1.54,1.72,1.89,2.03,2.17,2.28,2.48,2.68,,2019
2019-05-21,0.84,1.14,1.4,1.62,1.79,1.96,2.11,2.24,2.36,2.56,2.75,,2019
2019-05-22,0.85,1.14,1.39,1.6,1.78,1.95,2.09,2.22,2.35,2.55,2.73,,2019
2019-05-23,0.77,1.06,1.31,1.52,1.7,1.86,2.01,2.14,2.26,2.47,2.66,,2019
2019-05-24,0.76,1.04,1.29,1.49,1.68,1.85,2.0,2.13,2.25,2.46,2.64,,2019
2019-05-27,0.77,1.06,1.3,1.51,1.7,1.86,2.01,2.15,2.27,2.47,2.63,,2019
2019-05-28,0.73,1.02,1.27,1.48,1.65,1.83,1.97,2.1,2.22,2.42,2.6,,2019
2019-05-29,0.73,1.0,1.25,1.46,1.64,1.81,1.96,2.09,2.21,2.41,2.6,,2019
2019-05-30,0.72,0.98,1.22,1.42,1.61,1.77,1.92,2.05,2.17,2.36,2.53,,2019
2019-05-31,0.66,0.9,1.13,1.32,1.51,1.67,1.81,1.95,2.07,2.27,2.46,,2019
2019-06-03,0.62,0.85,1.06,1.26,1.43,1.59,1.73,1.87,1.98,2.18,2.37,,2019
2019-06-04,0.61,0.84,1.06,1.25,1.43,1.59,1.74,1.88,2.0,2.2,2.38,,2019
2019-06-05,0.63,0.86,1.08,1.29,1.46,1.63,1.78,1.91,2.03,2.23,2.4,,2019
2019-06-06,0.6,0.82,1.04,1.23,1.41,1.58,1.73,1.87,1.99,2.19,2.39,,2019
2019-06-07,0.63,0.85,1.06,1.25,1.42,1.58,1.73,1.87,1.99,2.19,2.37,,2019
2019-06-11,0.61,0.83,1.04,1.23,1.4,1.56,1.71,1.85,1.97,2.18,2.36,,2019
2019-06-12,0.59,0.81,1.01,1.19,1.36,1.52,1.67,1.81,1.93,2.13,2.34,,2019
2019-06-13,0.58,0.79,0.98,1.16,1.33,1.49,1.65,1.78,1.91,2.11,2.29,,2019
2019-06-14,0.58,0.78,0.97,1.15,1.31,1.48,1.62,1.76,1.88,2.09,2.29,,2019
2019-06-17,0.59,0.79,0.98,1.17,1.34,1.49,1.64,1.78,1.91,2.11,2.3,,2019
2019-06-18,0.57,0.77,0.96,1.14,1.31,1.47,1.62,1.76,1.89,2.09,2.29,,2019
2019-06-19,0.57,0.76,0.94,1.11,1.27,1.42,1.56,1.69,1.82,2.01,2.22,,2019
2019-06-20,0.52,0.7,0.88,1.04,1.2,1.35,1.5,1.63,1.76,1.96,2.18,,2019
2019-06-21,0.56,0.75,0.93,1.1,1.26,1.41,1.56,1.7,1.82,2.02,2.23,,2019
2019-06-24,0.56,0.75,0.93,1.1,1.26,1.41,1.56,1.7,1.83,2.02,2.23,,2019
2019-06-25,0.55,0.73,0.9,1.07,1.23,1.38,1.53,1.67,1.79,1.99,2.18,,2019
2019-06-26,0.59,0.79,0.97,1.15,1.31,1.46,1.61,1.75,1.88,2.08,2.26,,2019
2019-06-27,0.63,0.83,1.02,1.2,1.36,1.52,1.67,1.8,1.93,2.14,2.32,,2019
2019-06-28,0.63,0.83,1.02,1.19,1.35,1.51,1.66,1.8,1.93,2.14,2.32,,2019
2019-07-01,0.63,0.83,1.01,1.18,1.34,1.5,1.65,1.79,1.92,2.13,2.32,,2019
2019-07-02,0.59,0.77,0.94,1.1,1.26,1.42,1.56,1.7,1.83,2.04,2.22,,2019
2019-07-03,0.54,0.7,0.85,1.0,1.14,1.29,1.43,1.57,1.7,1.91,2.09,,2019
2019-07-04,0.54,0.7,0.85,0.99,1.14,1.28,1.42,1.56,1.69,1.9,2.07,,2019
2019-07-05,0.51,0.66,0.82,0.96,1.1,1.24,1.38,1.52,1.64,1.86,2.04,,2019
2019-07-08,0.53,0.69,0.84,0.99,1.13,1.28,1.42,1.55,1.68,1.89,2.07,,2019
2019-07-09,0.49,0.65,0.8,0.94,1.08,1.22,1.35,1.48,1.6,1.82,2.0,,2019
2019-07-10,0.53,0.69,0.84,0.99,1.14,1.28,1.41,1.54,1.67,1.88,2.06,,2019
2019-07-11,0.51,0.67,0.82,0.97,1.12,1.26,1.4,1.53,1.65,1.86,2.05,,2019
2019-07-12,0.53,0.7,0.87,1.03,1.18,1.33,1.46,1.6,1.73,1.93,2.12,,2019
2019-07-15,0.55,0.72,0.88,1.04,1.2,1.35,1.49,1.62,1.75,1.96,2.15,,2019
2019-07-16,0.52,0.67,0.83,0.98,1.13,1.28,1.42,1.55,1.68,1.89,2.09,,2019
2019-07-17,0.52,0.68,0.84,0.99,1.14,1.29,1.43,1.57,1.69,1.9,2.1,,2019
2019-07-18,0.52,0.68,0.84,1.0,1.14,1.29,1.43,1.57,1.69,1.9,2.09,,2019
2019-07-19,0.53,0.69,0.85,1.0,1.15,1.3,1.44,1.57,1.7,1.92,2.09,,2019
2019-07-22,0.53,0.68,0.84,1.0,1.14,1.29,1.43,1.57,1.69,1.9,2.09,,2019
2019-07-23,0.51,0.67,0.81,0.96,1.11,1.25,1.38,1.51,1.64,1.84,2.06,,2019
2019-07-24,0.46,0.61,0.75,0.89,1.03,1.16,1.29,1.41,1.54,1.74,1.96,,2019
2019-07-25,0.4,0.52,0.65,0.78,0.91,1.04,1.16,1.28,1.4,1.61,1.83,,2019
2019-07-26,0.44,0.58,0.72,0.86,0.99,1.13,1.26,1.39,1.5,1.71,1.92,,2019
2019-07-29,0.45,0.59,0.73,0.87,1.0,1.14,1.27,1.4,1.53,1.73,1.93,,2019
2019-07-30,0.46,0.59,0.73,0.86,0.99,1.13,1.26,1.39,1.51,1.72,1.93,,2019
2019-07-31,0.49,0.62,0.76,0.89,1.02,1.15,1.29,1.41,1.54,1.74,1.96,,2019
2019-08-01,0.5,0.64,0.77,0.9,1.03,1.16,1.3,1.43,1.55,1.75,1.97,,2019
2019-08-02,0.44,0.56,0.69,0.82,0.95,1.07,1.21,1.33,1.44,1.64,1.87,,2019
2019-08-05,0.4,0.52,0.64,0.76,0.88,1.0,1.12,1.23,1.34,1.55,1.77,,2019
2019-08-06,0.38,0.5,0.61,0.72,0.84,0.96,1.08,1.19,1.29,1.49,1.72,,2019
2019-08-07,0.38,0.5,0.61,0.73,0.85,0.97,1.08,1.2,1.31,1.51,1.74,,2019
2019-08-08,0.36,0.46,0.56,0.68,0.79,0.91,1.02,1.13,1.24,1.43,1.65,,2019
2019-08-09,0.35,0.44,0.54,0.65,0.76,0.87,0.98,1.09,1.2,1.4,1.63,,2019
2019-08-10,0.34,0.44,0.54,0.64,0.75,0.86,0.97,1.09,1.19,1.4,1.62,,2019
2019-08-12,0.34,0.42,0.52,0.61,0.73,0.84,0.95,1.07,1.17,1.38,1.58,,2019
2019-08-13,0.33,0.39,0.47,0.56,0.66,0.77,0.88,0.99,1.1,1.29,1.52,,2019
2019-08-14,0.34,0.39,0.47,0.56,0.66,0.76,0.88,0.99,1.09,1.29,1.53,,2019
2019-08-15,0.32,0.36,0.42,0.49,0.58,0.68,0.78,0.88,0.97,1.16,1.39,,2019
2019-08-16,0.32,0.37,0.42,0.48,0.57,0.67,0.77,0.87,0.96,1.15,1.37,,2019
2019-08-21,0.36,0.42,0.5,0.59,0.68,0.79,0.89,1.0,1.1,1.27,1.51,,2019
2019-08-22,0.38,0.47,0.56,0.67,0.78,0.89,1.0,1.12,1.22,1.39,1.62,,2019
2019-08-23,0.44,0.54,0.65,0.75,0.86,0.97,1.08,1.19,1.3,1.48,1.7,,2019
2019-08-26,0.39,0.48,0.57,0.68,0.78,0.89,1.0,1.11,1.21,1.39,1.61,,2019
2019-08-27,0.37,0.45,0.54,0.64,0.74,0.85,0.96,1.06,1.16,1.36,1.56,,2019
2019-08-28,0.33,0.39,0.46,0.54,0.64,0.74,0.84,0.94,1.03,1.21,1.41,,2019
2019-08-29,0.33,0.39,0.47,0.56,0.66,0.75,0.85,0.95,1.05,1.24,1.45,,2019
2019-08-30,0.41,0.52,0.62,0.73,0.83,0.94,1.04,1.15,1.25,1.42,1.61,,2019
2019-09-02,0.39,0.48,0.58,0.69,0.79,0.9,1.0,1.1,1.2,1.37,1.57,,2019
2019-09-03,0.38,0.46,0.56,0.65,0.75,0.86,0.96,1.06,1.16,1.33,1.52,,2019
2019-09-04,0.37,0.46,0.56,0.67,0.77,0.88,0.99,1.09,1.19,1.38,1.56,,2019
2019-09-05,0.41,0.53,0.65,0.76,0.87,0.98,1.09,1.19,1.29,1.47,1.68,,2019
2019-09-06,0.41,0.53,0.66,0.78,0.89,1.0,1.12,1.22,1.33,1.49,1.71,,2019
2019-09-09,0.42,0.55,0.69,0.83,0.93,1.05,1.16,1.27,1.38,1.55,1.75,,2019
2019-09-10,0.42,0.56,0.7,0.84,0.97,1.09,1.2,1.31,1.41,1.58,1.78,,2019
2019-09-11,0.41,0.55,0.69,0.82,0.95,1.06,1.18,1.29,1.4,1.58,1.77,,2019
2019-09-12,0.36,0.47,0.58,0.69,0.8,0.91,1.02,1.13,1.24,1.41,1.6,,2019
2019-09-13,0.38,0.51,0.63,0.76,0.88,1.0,1.11,1.22,1.33,1.51,1.7,,2019
2019-09-16,0.38,0.51,0.64,0.76,0.88,0.99,1.11,1.22,1.32,1.5,1.71,,2019
2019-09-17,0.36,0.49,0.61,0.72,0.84,0.96,1.07,1.17,1.27,1.46,1.65,,2019
2019-09-18,0.37,0.48,0.59,0.7,0.81,0.93,1.03,1.14,1.24,1.42,1.61,,2019
2019-09-19,0.35,0.45,0.56,0.67,0.78,0.88,0.99,1.1,1.2,1.38,1.57,,2019
2019-09-20,0.35,0.45,0.55,0.66,0.78,0.89,0.99,1.1,1.2,1.37,1.57,,2019
2019-09-23,0.33,0.43,0.53,0.63,0.74,0.84,0.95,1.05,1.15,1.33,1.52,,2019
2019-09-24,0.34,0.42,0.51,0.6,0.7,0.81,0.92,1.02,1.11,1.28,1.48,,2019
2019-09-25,0.33,0.41,0.5,0.6,0.7,0.8,0.91,1.01,1.11,1.28,1.48,,2019
2019-09-26,0.35,0.45,0.55,0.65,0.76,0.87,0.98,1.09,1.19,1.37,1.55,,2019
2019-09-27,0.35,0.46,0.56,0.66,0.77,0.88,0.99,1.1,1.21,1.39,1.57,,2019
2019-09-30,0.37,0.48,0.59,0.71,0.82,0.94,1.05,1.16,1.27,1.43,1.63,,2019
2019-10-01,0.38,0.5,0.63,0.75,0.87,0.98,1.1,1.21,1.32,1.5,1.69,,2019
2019-10-02,0.37,0.48,0.6,0.72,0.83,0.95,1.07,1.18,1.28,1.46,1.65,,2019
2019-10-03,0.35,0.46,0.57,0.68,0.79,0.9,1.01,1.12,1.22,1.41,1.59,,2019
2019-10-04,0.33,0.42,0.51,0.61,0.71,0.81,0.92,1.02,1.13,1.31,1.49,,2019
2019-10-07,0.33,0.41,0.5,0.59,0.7,0.8,0.9,1.01,1.11,1.29,1.48,,2019
2019-10-08,0.33,0.42,0.52,0.62,0.72,0.82,0.92,1.03,1.13,1.3,1.49,,2019
2019-10-09,0.33,0.42,0.51,0.61,0.71,0.81,0.92,1.02,1.13,1.3,1.49,,2019
2019-10-10,0.34,0.42,0.52,0.62,0.72,0.83,0.93,1.04,1.15,1.31,1.5,,2019
2019-10-11,0.35,0.46,0.56,0.66,0.77,0.88,1.0,1.11,1.22,1.39,1.58,,2019
2019-10-14,0.37,0.48,0.6,0.71,0.82,0.93,1.04,1.16,1.27,1.44,1.64,,2019
2019-10-15,0.37,0.48,0.58,0.69,0.8,0.91,1.02,1.13,1.24,1.41,1.61,,2019
2019-10-16,0.38,0.49,0.6,0.71,0.82,0.94,1.05,1.16,1.27,1.45,1.64,,2019
2019-10-17,0.39,0.51,0.63,0.75,0.87,0.98,1.09,1.2,1.32,1.51,1.69,,2019
2019-10-18,0.39,0.51,0.63,0.75,0.87,0.99,1.1,1.22,1.33,1.52,1.7,,2019
2019-10-21,0.4,0.53,0.66,0.78,0.9,1.01,1.13,1.24,1.36,1.55,1.73,,2019
2019-10-22,0.38,0.5,0.62,0.74,0.86,0.97,1.08,1.2,1.31,1.51,1.69,,2019
2019-10-24,0.38,0.49,0.6,0.72,0.83,0.95,1.06,1.18,1.29,1.48,1.66,,2019
2019-10-25,0.38,0.5,0.6,0.72,0.83,0.95,1.06,1.17,1.29,1.48,1.64,,2019
2019-10-28,0.39,0.51,0.63,0.75,0.86,0.98,1.1,1.2,1.31,1.5,1.67,,2019
2019-10-29,0.39,0.5,0.61,0.73,0.84,0.96,1.07,1.19,1.29,1.48,1.65,,2019
2019-10-30,0.38,0.49,0.61,0.72,0.84,0.96,1.07,1.18,1.3,1.49,1.67,,2019
2019-10-31,0.37,0.48,0.6,0.72,0.83,0.95,1.06,1.17,1.28,1.46,1.64,,2019
2019-11-04,0.38,0.5,0.61,0.73,0.85,0.96,1.08,1.19,1.3,1.49,1.66,,2019
2019-11-05,0.38,0.5,0.63,0.75,0.87,0.99,1.1,1.21,1.32,1.51,1.69,,2019
2019-11-06,0.36,0.49,0.62,0.75,0.87,0.99,1.11,1.23,1.34,1.52,1.71,,2019
2019-11-07,0.35,0.47,0.6,0.73,0.85,0.97,1.08,1.2,1.31,1.49,1.68,,2019
2019-11-08,0.4,0.55,0.7,0.85,0.98,1.12,1.24,1.35,1.47,1.65,1.83,,2019
2019-11-11,0.39,0.54,0.68,0.82,0.96,1.09,1.22,1.33,1.44,1.64,1.82,,2019
2019-11-12,0.4,0.55,0.7,0.85,0.99,1.11,1.23,1.35,1.46,1.65,1.83,,2019
2019-11-13,0.39,0.52,0.67,0.8,0.94,1.07,1.19,1.31,1.42,1.62,1.78,,2019
2019-11-14,0.37,0.49,0.61,0.74,0.87,0.99,1.11,1.22,1.33,1.51,1.68,,2019
2019-11-15,0.38,0.51,0.64,0.77,0.89,1.01,1.14,1.25,1.36,1.53,1.7,,2019
2019-11-18,0.38,0.52,0.66,0.79,0.92,1.04,1.17,1.29,1.4,1.57,1.71,,2019
2019-11-19,0.38,0.52,0.64,0.78,0.9,1.03,1.16,1.27,1.38,1.56,1.72,,2019
2019-11-20,0.37,0.48,0.61,0.73,0.86,0.98,1.1,1.22,1.33,1.52,1.66,,2019
2019-11-21,0.36,0.47,0.58,0.7,0.82,0.94,1.05,1.16,1.27,1.45,1.64,,2019
2019-11-22,0.36,0.47,0.58,0.7,0.82,0.94,1.05,1.16,1.27,1.45,1.63,,2019
2019-11-25,0.35,0.46,0.57,0.68,0.8,0.91,1.03,1.14,1.25,1.43,1.61,,2019
2019-11-26,0.34,0.44,0.54,0.65,0.76,0.87,0.99,1.1,1.21,1.38,1.56,,2019
2019-11-27,0.33,0.41,0.51,0.62,0.73,0.84,0.95,1.06,1.17,1.35,1.52,,2019
2019-11-28,0.33,0.43,0.54,0.64,0.76,0.87,0.99,1.1,1.21,1.38,1.57,,2019
2019-11-29,0.33,0.43,0.54,0.64,0.76,0.87,0.99,1.09,1.2,1.37,1.55,,2019
2019-12-02,0.4,0.53,0.66,0.8,0.92,1.04,1.16,1.28,1.39,1.57,1.75,,2019
2019-12-03,0.4,0.53,0.66,0.78,0.91,1.03,1.14,1.26,1.37,1.55,1.72,,2019
2019-12-04,0.37,0.46,0.57,0.68,0.79,0.91,1.02,1.13,1.24,1.42,1.62,,2019
2019-12-05,0.38,0.48,0.59,0.71,0.83,0.95,1.06,1.18,1.29,1.47,1.67,,2019
2019-12-06,0.37,0.47,0.58,0.71,0.83,0.95,1.06,1.18,1.28,1.45,1.66,,2019
2019-12-07,0.35,0.46,0.56,0.67,0.79,0.9,1.02,1.13,1.24,1.44,1.64,,2019
2019-12-09,0.35,0.45,0.55,0.66,0.77,0.89,1.0,1.12,1.22,1.4,1.6,,2019
2019-12-10,0.36,0.46,0.56,0.68,0.79,0.9,1.01,1.13,1.23,1.4,1.61,,2019
2019-12-11,0.36,0.46,0.57,0.68,0.79,0.9,1.01,1.12,1.23,1.4,1.6,,2019
2019-12-12,0.38,0.49,0.61,0.72,0.83,0.95,1.07,1.19,1.3,1.48,1.68,,2019
2019-12-13,0.39,0.52,0.65,0.78,0.91,1.03,1.15,1.27,1.37,1.55,1.75,,2019
2019-12-14,0.39,0.51,0.64,0.77,0.89,1.02,1.14,1.25,1.35,1.53,1.74,,2019
2019-12-16,0.39,0.51,0.63,0.76,0.88,1.01,1.11,1.23,1.33,1.53,1.73,,2019
2019-12-17,0.39,0.52,0.64,0.76,0.88,1.0,1.12,1.23,1.34,1.52,1.72,,2019
2019-12-18,0.4,0.53,0.66,0.78,0.91,1.03,1.15,1.26,1.37,1.53,1.73,,2019
2019-12-19,0.42,0.56,0.7,0.84,0.97,1.09,1.21,1.32,1.42,1.6,1.79,,2019
2019-12-20,0.43,0.58,0.73,0.88,1.01,1.13,1.25,1.37,1.48,1.64,1.84,,2019
2019-12-23,0.45,0.6,0.74,0.89,1.02,1.15,1.27,1.38,1.49,1.67,1.85,,2019
2019-12-30,0.45,0.61,0.75,0.89,1.02,1.14,1.26,1.37,1.48,1.67,1.85,,2019
2019-12-31,0.47,0.63,0.78,0.92,1.06,1.19,1.31,1.43,1.54,1.71,1.9,,2019
2020-01-02,0.47,0.63,0.78,0.92,1.06,1.19,1.32,1.44,1.55,1.73,1.9,,2020
2020-01-03,0.46,0.6,0.74,0.88,1.01,1.14,1.26,1.37,1.48,1.64,1.84,,2020
2020-01-06,0.46,0.61,0.75,0.88,1.01,1.14,1.26,1.37,1.48,1.64,1.84,,2020
2020-01-07,0.46,0.61,0.75,0.88,1.01,1.14,1.26,1.37,1.48,1.65,1.85,,2020
2020-01-08,0.49,0.65,0.8,0.95,1.08,1.21,1.33,1.45,1.56,1.74,1.94,,2020
2020-01-09,0.49,0.65,0.81,0.96,1.1,1.23,1.35,1.47,1.58,1.75,1.95,,2020
2020-01-10,0.48,0.64,0.8,0.95,1.09,1.22,1.34,1.46,1.57,1.75,1.94,,2020
2020-01-13,0.48,0.65,0.81,0.96,1.1,1.23,1.35,1.47,1.58,1.77,1.96,,2020
2020-01-14,0.49,0.66,0.83,1.0,1.15,1.28,1.41,1.53,1.64,1.8,1.99,,2020
2020-01-15,0.49,0.67,0.83,0.99,1.14,1.28,1.4,1.52,1.63,1.8,2.0,,2020
2020-01-16,0.49,0.67,0.84,1.0,1.14,1.28,1.41,1.53,1.63,1.81,2.0,,2020
2020-01-17,0.51,0.7,0.88,1.04,1.19,1.33,1.46,1.58,1.7,1.88,2.06,,2020
2020-01-20,0.53,0.72,0.9,1.08,1.24,1.39,1.53,1.65,1.77,1.94,2.11,,2020
2020-01-21,0.58,0.77,0.96,1.13,1.27,1.41,1.54,1.66,1.77,1.95,2.13,,2020
2020-01-22,0.61,0.79,0.96,1.12,1.26,1.39,1.52,1.63,1.74,1.92,2.11,,2020
2020-01-23,0.66,0.85,1.02,1.18,1.32,1.45,1.56,1.67,1.78,1.95,2.14,,2020
2020-01-24,0.58,0.75,0.92,1.07,1.2,1.33,1.44,1.55,1.66,1.83,2.02,,2020
2020-01-27,0.56,0.72,0.87,1.01,1.14,1.26,1.37,1.48,1.58,1.76,1.97,,2020
2020-01-28,0.62,0.78,0.93,1.08,1.21,1.33,1.43,1.53,1.62,1.8,1.99,,2020
2020-01-29,0.65,0.82,0.98,1.13,1.26,1.38,1.49,1.6,1.7,1.87,2.04,,2020
2020-01-30,0.59,0.74,0.88,1.02,1.15,1.27,1.38,1.48,1.57,1.74,1.93,,2020
2020-01-31,0.58,0.74,0.89,1.04,1.17,1.29,1.4,1.51,1.61,1.78,1.95,,2020
2020-02-03,0.55,0.71,0.86,1.0,1.13,1.25,1.36,1.47,1.57,1.74,1.92,,2020
2020-02-04,0.63,0.79,0.94,1.08,1.22,1.34,1.45,1.56,1.66,1.82,2.0,,2020
2020-02-05,0.67,0.84,0.99,1.12,1.25,1.38,1.49,1.6,1.7,1.87,2.06,,2020
2020-02-06,0.64,0.8,0.95,1.08,1.21,1.34,1.45,1.56,1.66,1.83,2.02,,2020
2020-02-07,0.67,0.82,0.96,1.09,1.21,1.33,1.44,1.54,1.64,1.82,2.0,,2020
2020-02-10,0.67,0.82,0.95,1.07,1.19,1.3,1.41,1.51,1.61,1.79,1.98,,2020
2020-02-11,0.66,0.81,0.94,1.06,1.18,1.3,1.4,1.5,1.6,1.77,1.96,,2020
2020-02-12,0.66,0.81,0.94,1.07,1.19,1.3,1.41,1.51,1.61,1.78,1.97,,2020
2020-02-13,0.88,1.0,1.12,1.23,1.33,1.42,1.51,1.6,1.67,1.83,2.02,,2020
2020-02-14,1.0,1.13,1.25,1.36,1.45,1.53,1.61,1.68,1.76,1.91,2.1,,2020
2020-02-17,1.09,1.23,1.35,1.46,1.56,1.64,1.72,1.79,1.86,1.99,2.17,,2020
2020-02-18,1.11,1.25,1.39,1.52,1.62,1.71,1.78,1.86,1.93,2.06,2.24,,2020
2020-02-19,0.99,1.15,1.28,1.4,1.51,1.6,1.69,1.77,1.86,2.0,2.19,,2020
2020-02-20,1.01,1.16,1.31,1.44,1.56,1.66,1.75,1.83,1.91,2.04,2.21,,2020
2020-02-21,1.03,1.19,1.33,1.45,1.56,1.66,1.75,1.83,1.9,2.03,2.22,,2020
2020-02-24,0.97,1.11,1.24,1.35,1.45,1.54,1.62,1.69,1.76,1.9,2.09,,2020
2020-02-25,0.97,1.11,1.23,1.35,1.45,1.53,1.61,1.69,1.75,1.88,2.06,,2020
2020-02-26,0.98,1.11,1.23,1.34,1.44,1.52,1.6,1.68,1.75,1.88,2.04,,2020
2020-02-27,1.0,1.15,1.28,1.39,1.49,1.58,1.66,1.74,1.81,1.94,2.08,,2020
2020-02-28,0.94,1.07,1.19,1.3,1.39,1.47,1.54,1.61,1.67,1.79,1.94,,2020
2020-03-02,0.86,0.98,1.09,1.2,1.29,1.37,1.45,1.51,1.57,1.69,1.84,,2020
2020-03-03,0.86,0.96,1.06,1.16,1.24,1.33,1.41,1.49,1.56,1.67,1.81,,2020
2020-03-04,0.75,0.82,0.91,0.99,1.08,1.17,1.25,1.32,1.39,1.51,1.67,,2020
2020-03-05,0.75,0.83,0.92,1.01,1.1,1.2,1.28,1.36,1.44,1.56,1.7,,2020
2020-03-06,0.75,0.81,0.88,0.96,1.05,1.14,1.22,1.3,1.38,1.51,1.66,,2020
2020-03-09,0.71,0.73,0.77,0.84,0.91,0.99,1.06,1.12,1.18,1.31,1.46,,2020
2020-03-10,0.75,0.8,0.86,0.93,1.01,1.09,1.17,1.24,1.32,1.45,1.59,,2020
2020-03-11,0.73,0.77,0.85,0.93,1.01,1.1,1.17,1.25,1.33,1.47,1.67,,2020
2020-03-12,0.63,0.7,0.78,0.88,0.98,1.08,1.18,1.27,1.36,1.52,1.7,,2020
2020-03-13,0.79,0.93,1.07,1.23,1.36,1.47,1.58,1.69,1.79,1.94,2.13,,2020
2020-03-16,0.77,0.92,1.07,1.24,1.4,1.54,1.67,1.79,1.9,2.07,2.26,2.44,2020
2020-03-17,0.67,0.78,0.94,1.09,1.25,1.39,1.53,1.65,1.78,1.94,2.19,2.33,2020
2020-03-18,0.58,0.72,0.88,1.03,1.17,1.31,1.44,1.57,1.7,1.89,2.12,2.32,2020
2020-03-19,0.58,0.69,0.84,1.0,1.14,1.27,1.39,1.49,1.6,1.77,1.98,2.2,2020
2020-03-20,0.58,0.69,0.84,1.0,1.15,1.29,1.42,1.54,1.66,1.84,2.04,2.24,2020
2020-03-23,0.51,0.61,0.75,0.9,1.04,1.17,1.29,1.41,1.51,1.69,1.92,2.09,2020
2020-03-24,0.43,0.5,0.59,0.68,0.81,0.92,1.03,1.13,1.22,1.43,1.66,1.85,2020
2020-03-25,0.41,0.47,0.57,0.69,0.8,0.91,1.01,1.11,1.22,1.34,1.57,1.72,2020
2020-03-26,0.36,0.42,0.52,0.63,0.75,0.86,0.98,1.08,1.17,1.36,1.57,1.73,2020
2020-03-27,0.38,0.45,0.55,0.67,0.8,0.92,1.04,1.15,1.26,1.42,1.68,1.8,2020
2020-03-30,0.43,0.51,0.62,0.74,0.87,0.99,1.11,1.22,1.33,1.49,1.69,1.85,2020
2020-03-31,0.5,0.6,0.73,0.87,1.0,1.13,1.25,1.38,1.49,1.66,1.85,2.03,2020
2020-04-01,0.62,0.73,0.86,1.02,1.16,1.29,1.43,1.56,1.68,1.86,2.07,2.23,2020
2020-04-02,0.94,1.03,1.15,1.28,1.39,1.51,1.63,1.74,1.84,2.02,2.22,2.41,2020
2020-04-03,1.12,1.18,1.26,1.37,1.45,1.56,1.65,1.74,1.83,1.99,2.18,2.38,2020
2020-04-06,1.19,1.24,1.32,1.41,1.5,1.59,1.68,1.77,1.86,2.01,2.26,2.42,2020
2020-04-07,1.19,1.25,1.32,1.4,1.5,1.58,1.67,1.76,1.85,2.0,2.24,2.42,2020
2020-04-08,1.37,1.41,1.48,1.54,1.61,1.68,1.76,1.82,1.89,2.02,2.18,2.39,2020
2020-04-09,1.3,1.32,1.36,1.41,1.47,1.54,1.61,1.68,1.75,1.89,2.09,2.31,2020
2020-04-14,1.27,1.3,1.34,1.39,1.46,1.53,1.6,1.67,1.74,1.89,2.07,2.28,2020
2020-04-15,1.13,1.17,1.22,1.29,1.37,1.44,1.52,1.6,1.68,1.83,2.05,2.24,2020
2020-04-16,1.14,1.18,1.25,1.32,1.39,1.47,1.55,1.63,1.71,1.86,2.07,2.28,2020
2020-04-17,1.09,1.14,1.22,1.29,1.37,1.45,1.53,1.62,1.7,1.84,2.05,2.24,2020
2020-04-20,1.09,1.15,1.22,1.29,1.37,1.45,1.53,1.61,1.7,1.84,2.04,2.23,2020
2020-04-21,1.09,1.15,1.22,1.3,1.38,1.46,1.56,1.64,1.72,1.86,2.05,2.26,2020
2020-04-22,1.11,1.16,1.25,1.33,1.4,1.49,1.57,1.65,1.73,1.89,2.1,2.29,2020
2020-04-23,1.16,1.23,1.32,1.41,1.5,1.59,1.67,1.76,1.84,2.0,2.2,2.39,2020
2020-04-24,1.17,1.24,1.32,1.41,1.49,1.58,1.66,1.75,1.83,1.99,2.19,2.39,2020
2020-04-27,1.15,1.22,1.29,1.38,1.46,1.55,1.63,1.72,1.8,1.96,2.15,2.36,2020
2020-04-28,1.15,1.2,1.28,1.36,1.45,1.53,1.61,1.69,1.77,1.92,2.13,2.31,2020
2020-04-29,1.1,1.14,1.2,1.25,1.32,1.39,1.46,1.53,1.61,1.74,1.92,2.15,2020
2020-04-30,1.13,1.16,1.2,1.25,1.32,1.38,1.45,1.52,1.59,1.73,1.91,2.13,2020
2020-05-04,1.12,1.14,1.18,1.23,1.29,1.35,1.42,1.49,1.57,1.69,1.87,2.12,2020
2020-05-05,1.12,1.14,1.18,1.23,1.29,1.36,1.43,1.5,1.57,1.72,1.92,2.13,2020
2020-05-06,1.1,1.13,1.17,1.22,1.28,1.35,1.41,1.48,1.55,1.69,1.89,2.12,2020
2020-05-07,1.1,1.13,1.17,1.22,1.28,1.35,1.42,1.5,1.57,1.71,1.92,2.13,2020
2020-05-08,1.09,1.12,1.16,1.22,1.28,1.35,1.42,1.49,1.56,1.7,1.91,2.15,2020
2020-05-11,1.08,1.1,1.14,1.2,1.26,1.33,1.41,1.48,1.55,1.68,1.9,2.09,2020
2020-05-12,0.99,1.01,1.05,1.11,1.19,1.27,1.35,1.43,1.51,1.66,1.85,2.07,2020
2020-05-13,0.9,0.93,1.0,1.08,1.16,1.24,1.33,1.41,1.51,1.64,1.87,2.06,2020
2020-05-14,0.92,0.95,1.03,1.1,1.18,1.27,1.35,1.43,1.52,1.66,1.86,2.08,2020
2020-05-15,0.93,0.96,1.03,1.11,1.19,1.27,1.36,1.44,1.52,1.67,1.88,2.05,2020
2020-05-18,0.92,0.95,1.02,1.09,1.17,1.25,1.34,1.42,1.51,1.66,1.85,2.03,2020
2020-05-19,0.89,0.92,0.98,1.06,1.14,1.22,1.31,1.39,1.47,1.62,1.81,2.02,2020
2020-05-20,0.86,0.89,0.94,1.01,1.09,1.19,1.27,1.36,1.44,1.6,1.81,2.0,2020
2020-05-21,0.85,0.88,0.94,1.0,1.09,1.18,1.27,1.35,1.44,1.58,1.77,1.99,2020
2020-05-22,0.83,0.87,0.92,1.0,1.08,1.17,1.26,1.35,1.44,1.58,1.77,1.98,2020
2020-05-25,0.82,0.85,0.91,0.99,1.08,1.18,1.27,1.36,1.44,1.6,1.79,2.0,2020
2020-05-26,0.82,0.85,0.91,0.99,1.08,1.17,1.27,1.36,1.44,1.6,1.81,1.99,2020
2020-05-27,0.92,0.98,1.06,1.16,1.26,1.36,1.46,1.55,1.64,1.76,1.99,2.17,2020
2020-05-28,0.92,0.98,1.06,1.16,1.25,1.35,1.44,1.54,1.64,1.78,1.98,2.19,2020
2020-05-29,0.82,0.87,0.94,1.03,1.13,1.22,1.32,1.41,1.5,1.64,1.85,2.03,2020
2020-06-02,0.76,0.81,0.87,0.95,1.05,1.14,1.23,1.33,1.41,1.57,1.77,2.0,2020
2020-06-03,0.74,0.78,0.85,0.93,1.03,1.12,1.21,1.3,1.39,1.55,1.76,1.97,2020
2020-06-04,0.74,0.77,0.84,0.93,1.02,1.12,1.21,1.31,1.4,1.55,1.75,1.97,2020
2020-06-05,0.76,0.8,0.87,0.97,1.07,1.17,1.27,1.37,1.46,1.61,1.82,1.98,2020
2020-06-08,0.79,0.82,0.91,1.0,1.1,1.19,1.3,1.4,1.5,1.67,1.91,2.04,2020
2020-06-09,0.8,0.84,0.91,1.01,1.12,1.22,1.32,1.42,1.53,1.69,1.89,2.06,2020
2020-06-10,0.77,0.81,0.89,0.99,1.1,1.2,1.3,1.4,1.5,1.67,1.86,2.04,2020
2020-06-11,0.74,0.77,0.85,0.94,1.05,1.16,1.25,1.35,1.45,1.62,1.83,2.01,2020
2020-06-12,0.74,0.77,0.84,0.94,1.04,1.15,1.24,1.34,1.45,1.61,1.81,2.01,2020
2020-06-15,0.74,0.77,0.84,0.94,1.05,1.15,1.25,1.35,1.45,1.61,1.81,2.01,2020
2020-06-16,0.75,0.78,0.85,0.95,1.05,1.15,1.25,1.35,1.45,1.62,1.82,2.03,2020
2020-06-17,0.76,0.79,0.86,0.96,1.07,1.19,1.29,1.4,1.5,1.65,1.87,2.01,2020
2020-06-18,0.76,0.8,0.87,0.97,1.08,1.19,1.3,1.41,1.52,1.69,1.92,2.06,2020
2020-06-19,0.76,0.8,0.88,0.97,1.08,1.19,1.31,1.41,1.52,1.69,1.88,2.08,2020
2020-06-22,0.74,0.77,0.84,0.93,1.05,1.16,1.27,1.38,1.48,1.65,1.85,2.03,2020
2020-06-23,0.74,0.77,0.84,0.93,1.05,1.16,1.27,1.38,1.48,1.65,1.85,2.03,2020
2020-06-24,0.57,0.58,0.63,0.72,0.83,0.95,1.06,1.16,1.27,1.43,1.64,1.84,2020
2020-06-25,0.58,0.6,0.65,0.75,0.85,0.95,1.06,1.17,1.28,1.45,1.68,1.81,2020
2020-06-26,0.56,0.58,0.63,0.71,0.82,0.93,1.04,1.15,1.26,1.43,1.65,1.79,2020
2020-06-29,0.57,0.59,0.64,0.73,0.84,0.95,1.06,1.17,1.28,1.46,1.65,1.82,2020
2020-06-30,0.58,0.61,0.67,0.76,0.87,0.98,1.09,1.2,1.31,1.48,1.68,1.85,2020
2020-07-01,0.61,0.64,0.7,0.8,0.91,1.02,1.12,1.24,1.35,1.51,1.75,1.89,2020
2020-07-02,0.63,0.67,0.74,0.84,0.94,1.05,1.16,1.27,1.38,1.55,1.79,1.94,2020
2020-07-03,0.65,0.68,0.75,0.85,0.95,1.06,1.17,1.27,1.39,1.55,1.8,1.98,2020
2020-07-06,0.65,0.68,0.75,0.85,0.96,1.06,1.17,1.27,1.39,1.55,1.8,1.91,2020
2020-07-07,0.64,0.68,0.76,0.86,0.96,1.07,1.18,1.29,1.4,1.55,1.74,1.94,2020
2020-07-08,0.65,0.71,0.8,0.9,1.01,1.12,1.23,1.35,1.46,1.64,1.87,2.0,2020
2020-07-09,0.67,0.73,0.82,0.93,1.04,1.15,1.26,1.38,1.49,1.67,1.86,1.99,2020
2020-07-10,0.68,0.73,0.82,0.94,1.05,1.16,1.27,1.38,1.49,1.67,1.86,1.99,2020
2020-07-13,0.68,0.73,0.82,0.93,1.04,1.16,1.26,1.37,1.47,1.65,1.88,2.02,2020
2020-07-14,0.69,0.75,0.85,0.96,1.07,1.18,1.28,1.38,1.49,1.67,1.92,2.1,2020
2020-07-15,0.7,0.76,0.85,0.96,1.07,1.18,1.28,1.38,1.48,1.65,1.86,2.04,2020
2020-07-16,0.71,0.79,0.89,1.0,1.11,1.21,1.32,1.42,1.52,1.69,1.91,2.07,2020
2020-07-17,0.71,0.78,0.89,0.99,1.1,1.21,1.31,1.41,1.51,1.69,1.95,2.03,2020
2020-07-20,0.65,0.71,0.79,0.9,1.01,1.12,1.22,1.32,1.42,1.6,1.8,1.93,2020
2020-07-21,0.64,0.69,0.77,0.87,0.98,1.09,1.19,1.3,1.4,1.58,1.77,1.93,2020
2020-07-22,0.63,0.67,0.74,0.84,0.94,1.06,1.16,1.27,1.37,1.53,1.74,1.9,2020
2020-07-23,0.62,0.66,0.73,0.82,0.92,1.03,1.13,1.24,1.34,1.52,1.71,1.87,2020
2020-07-24,0.62,0.66,0.73,0.83,0.93,1.04,1.15,1.25,1.35,1.52,1.72,1.88,2020
2020-07-27,0.62,0.66,0.73,0.83,0.93,1.04,1.15,1.25,1.35,1.52,1.72,1.9,2020
2020-07-28,0.61,0.66,0.73,0.83,0.93,1.03,1.14,1.24,1.34,1.49,1.7,1.87,2020
2020-07-29,0.61,0.65,0.72,0.81,0.91,1.0,1.1,1.2,1.3,1.47,1.66,1.85,2020
2020-07-30,0.61,0.64,0.7,0.78,0.87,0.96,1.05,1.15,1.25,1.4,1.59,1.79,2020
2020-07-31,0.61,0.64,0.7,0.78,0.87,0.97,1.06,1.16,1.25,1.38,1.58,1.77,2020
2020-08-03,0.61,0.65,0.7,0.79,0.88,0.97,1.07,1.16,1.25,1.39,1.57,1.75,2020
2020-08-04,0.62,0.67,0.73,0.82,0.91,1.01,1.1,1.19,1.27,1.42,1.62,1.79,2020
2020-08-05,0.62,0.66,0.72,0.81,0.9,0.98,1.07,1.16,1.24,1.38,1.57,1.77,2020
2020-08-06,0.62,0.66,0.73,0.82,0.91,1.0,1.08,1.16,1.24,1.39,1.58,1.78,2020
2020-08-07,0.62,0.66,0.73,0.82,0.91,1.0,1.08,1.16,1.24,1.38,1.57,1.74,2020
2020-08-10,0.62,0.67,0.74,0.84,0.92,1.01,1.1,1.18,1.27,1.42,1.61,1.81,2020
2020-08-11,0.65,0.72,0.8,0.9,1.01,1.11,1.2,1.3,1.39,1.55,1.75,1.94,2020
2020-08-12,0.73,0.84,0.95,1.05,1.15,1.26,1.36,1.46,1.56,1.73,1.95,2.06,2020
2020-08-13,0.73,0.83,0.92,1.04,1.15,1.26,1.36,1.45,1.55,1.7,1.89,2.09,2020
2020-08-14,0.82,0.91,1.02,1.12,1.23,1.33,1.43,1.53,1.61,1.78,1.97,2.16,2020
2020-08-17,0.82,0.91,1.02,1.12,1.23,1.33,1.43,1.52,1.61,1.77,1.96,2.13,2020
2020-08-18,0.83,0.92,1.02,1.13,1.23,1.33,1.43,1.52,1.61,1.77,1.97,2.15,2020
2020-08-19,0.84,0.93,1.03,1.14,1.25,1.35,1.45,1.54,1.62,1.78,1.97,2.14,2020
2020-08-24,0.85,0.94,1.04,1.15,1.25,1.35,1.45,1.54,1.62,1.78,1.97,2.16,2020
2020-08-25,0.89,0.99,1.1,1.2,1.31,1.41,1.51,1.6,1.68,1.83,2.02,2.21,2020
2020-08-26,0.88,0.99,1.1,1.21,1.32,1.41,1.51,1.6,1.69,1.83,2.02,2.22,2020
2020-08-27,0.88,0.99,1.1,1.21,1.32,1.41,1.5,1.57,1.65,1.79,1.97,2.15,2020
2020-08-28,0.9,1.02,1.13,1.24,1.34,1.44,1.53,1.62,1.7,1.84,2.03,2.2,2020
2020-08-29,0.91,1.03,1.14,1.25,1.35,1.45,1.55,1.63,1.71,1.84,2.04,2.24,2020
2020-08-31,0.94,1.05,1.16,1.28,1.38,1.48,1.58,1.66,1.75,1.9,2.09,2.25,2020
2020-09-01,0.91,1.03,1.13,1.25,1.36,1.46,1.55,1.64,1.71,1.86,2.04,2.21,2020
2020-09-02,0.91,1.04,1.16,1.29,1.4,1.49,1.58,1.67,1.75,1.9,2.08,2.27,2020
2020-09-03,0.94,1.07,1.21,1.33,1.45,1.55,1.64,1.72,1.79,1.93,2.11,2.31,2020
2020-09-04,0.88,1.01,1.13,1.25,1.36,1.45,1.54,1.62,1.7,1.83,2.02,2.22,2020
2020-09-07,0.88,1.0,1.12,1.25,1.35,1.45,1.53,1.62,1.7,1.83,2.02,2.22,2020
2020-09-08,0.86,0.99,1.11,1.23,1.33,1.43,1.52,1.61,1.69,1.81,2.0,2.21,2020
2020-09-09,0.95,1.08,1.21,1.34,1.44,1.54,1.62,1.71,1.78,1.91,2.1,2.3,2020
2020-09-10,0.9,1.03,1.15,1.28,1.38,1.47,1.55,1.63,1.71,1.85,2.02,2.23,2020
2020-09-11,0.91,1.03,1.16,1.28,1.38,1.47,1.56,1.64,1.72,1.85,2.02,2.23,2020
2020-09-14,0.9,1.03,1.15,1.27,1.38,1.47,1.56,1.64,1.72,1.85,2.01,2.22,2020
2020-09-15,0.89,1.02,1.14,1.26,1.36,1.45,1.54,1.62,1.69,1.82,1.99,2.17,2020
2020-09-16,0.84,0.94,1.06,1.17,1.28,1.37,1.47,1.55,1.63,1.76,1.9,2.11,2020
2020-09-17,0.84,0.95,1.06,1.17,1.29,1.38,1.48,1.56,1.64,1.77,1.93,2.1,2020
2020-09-18,0.85,0.95,1.07,1.18,1.29,1.38,1.48,1.56,1.64,1.78,1.94,2.11,2020
2020-09-21,0.85,0.96,1.07,1.19,1.29,1.39,1.48,1.57,1.65,1.78,1.94,2.1,2020
2020-09-22,0.92,1.03,1.14,1.25,1.35,1.45,1.54,1.63,1.71,1.85,2.03,2.17,2020
2020-09-23,0.95,1.06,1.17,1.28,1.39,1.49,1.58,1.67,1.75,1.88,2.06,2.19,2020
2020-09-24,1.03,1.15,1.27,1.37,1.48,1.58,1.68,1.77,1.85,1.99,2.18,2.31,2020
2020-09-25,1.09,1.17,1.26,1.35,1.44,1.53,1.61,1.7,1.76,1.89,2.08,2.24,2020
2020-09-28,1.1,1.18,1.27,1.36,1.44,1.53,1.61,1.69,1.76,1.88,2.06,2.24,2020
2020-09-29,1.17,1.25,1.33,1.42,1.5,1.57,1.64,1.71,1.78,1.91,2.1,2.26,2020
2020-09-30,1.21,1.29,1.37,1.44,1.51,1.58,1.65,1.71,1.78,1.89,2.08,2.26,2020
2020-10-01,1.11,1.19,1.27,1.34,1.42,1.5,1.57,1.64,1.71,1.82,1.97,2.17,2020
2020-10-02,1.08,1.16,1.24,1.31,1.39,1.46,1.53,1.6,1.67,1.79,1.93,2.09,2020
2020-10-05,1.09,1.16,1.24,1.31,1.39,1.46,1.54,1.61,1.69,1.79,1.93,2.11,2020
2020-10-06,1.1,1.2,1.29,1.37,1.45,1.53,1.61,1.69,1.76,1.9,2.07,2.23,2020
2020-10-07,1.11,1.2,1.29,1.38,1.46,1.55,1.63,1.7,1.78,1.9,2.08,2.26,2020
2020-10-08,1.04,1.13,1.22,1.31,1.4,1.49,1.57,1.66,1.74,1.88,2.06,2.22,2020
2020-10-09,0.95,1.03,1.13,1.22,1.31,1.4,1.48,1.56,1.64,1.78,1.96,2.13,2020
2020-10-12,0.96,1.05,1.14,1.24,1.32,1.41,1.5,1.58,1.66,1.79,1.96,2.14,2020
2020-10-13,0.94,1.03,1.11,1.21,1.29,1.38,1.47,1.55,1.64,1.78,1.96,2.12,2020
2020-10-14,0.98,1.06,1.15,1.24,1.33,1.42,1.51,1.59,1.68,1.81,2.01,2.17,2020
2020-10-15,1.0,1.07,1.15,1.24,1.34,1.43,1.52,1.6,1.68,1.82,2.0,2.17,2020
2020-10-16,1.0,1.07,1.15,1.23,1.32,1.41,1.5,1.59,1.66,1.8,1.98,2.15,2020
2020-10-19,1.0,1.07,1.15,1.23,1.32,1.41,1.5,1.58,1.66,1.8,1.98,2.15,2020
2020-10-20,1.0,1.07,1.15,1.23,1.32,1.41,1.5,1.58,1.66,1.8,1.98,2.15,2020
2020-10-21,1.0,1.07,1.15,1.24,1.34,1.43,1.51,1.6,1.67,1.82,2.0,2.17,2020
2020-10-22,1.0,1.08,1.16,1.25,1.34,1.43,1.52,1.6,1.69,1.82,2.01,2.17,2020
2020-10-26,1.01,1.1,1.18,1.27,1.36,1.45,1.54,1.62,1.71,1.85,2.03,2.2,2020
2020-10-27,1.0,1.08,1.17,1.26,1.35,1.44,1.53,1.61,1.7,1.84,2.03,2.19,2020
2020-10-28,0.99,1.06,1.14,1.24,1.33,1.42,1.51,1.6,1.68,1.8,1.99,2.15,2020
2020-10-29,1.0,1.08,1.17,1.26,1.35,1.44,1.53,1.61,1.69,1.82,2.02,2.18,2020
2020-10-30,1.0,1.08,1.16,1.25,1.34,1.43,1.52,1.6,1.68,1.82,2.0,2.16,2020
2020-11-02,1.0,1.08,1.16,1.24,1.33,1.42,1.51,1.6,1.68,1.82,2.0,2.16,2020
2020-11-03,0.99,1.06,1.13,1.21,1.3,1.39,1.48,1.56,1.64,1.78,1.97,2.12,2020
2020-11-04,0.92,0.99,1.07,1.14,1.23,1.32,1.4,1.49,1.57,1.71,1.89,2.06,2020
2020-11-05,0.85,0.91,0.98,1.06,1.14,1.22,1.31,1.39,1.47,1.62,1.8,1.98,2020
2020-11-06,0.82,0.88,0.95,1.02,1.1,1.18,1.27,1.35,1.44,1.58,1.75,1.92,2020
2020-11-09,0.8,0.85,0.93,1.0,1.09,1.17,1.25,1.34,1.42,1.56,1.73,1.89,2020
2020-11-10,0.84,0.91,1.0,1.09,1.18,1.28,1.37,1.46,1.55,1.7,1.89,2.05,2020
2020-11-11,0.85,0.95,1.05,1.16,1.25,1.35,1.45,1.55,1.64,1.79,1.97,2.13,2020
2020-11-12,0.85,0.94,1.04,1.15,1.24,1.34,1.43,1.53,1.62,1.78,1.96,2.12,2020
2020-11-13,0.81,0.89,0.98,1.09,1.19,1.29,1.38,1.48,1.56,1.72,1.93,2.07,2020
2020-11-16,0.8,0.88,0.97,1.07,1.17,1.27,1.36,1.45,1.54,1.68,1.88,2.03,2020
2020-11-17,0.79,0.87,0.96,1.06,1.16,1.25,1.35,1.44,1.53,1.68,1.87,2.04,2020
2020-11-18,0.78,0.87,0.96,1.06,1.15,1.25,1.35,1.44,1.53,1.69,1.87,2.04,2020
2020-11-19,0.78,0.86,0.95,1.06,1.15,1.25,1.35,1.44,1.53,1.69,1.87,2.04,2020
2020-11-20,0.78,0.86,0.95,1.06,1.16,1.25,1.35,1.44,1.54,1.69,1.87,2.04,2020
2020-11-23,0.78,0.86,0.96,1.06,1.16,1.25,1.35,1.44,1.54,1.7,1.88,2.06,2020
2020-11-24,0.79,0.87,0.97,1.07,1.17,1.27,1.36,1.46,1.56,1.71,1.89,2.06,2020
2020-11-25,0.79,0.87,0.97,1.07,1.17,1.28,1.38,1.47,1.56,1.71,1.91,2.07,2020
2020-11-26,0.79,0.87,0.97,1.08,1.19,1.29,1.39,1.48,1.57,1.72,1.9,2.08,2020
2020-11-27,0.79,0.87,0.97,1.08,1.18,1.28,1.38,1.47,1.55,1.7,1.88,2.07,2020
2020-11-30,0.8,0.89,0.99,1.12,1.22,1.32,1.41,1.5,1.59,1.74,1.94,2.09,2020
2020-12-01,0.79,0.87,0.97,1.08,1.18,1.28,1.37,1.46,1.55,1.71,1.91,2.08,2020
2020-12-02,0.79,0.88,0.98,1.09,1.19,1.29,1.39,1.47,1.57,1.71,1.91,2.07,2020
2020-12-03,0.81,0.91,1.01,1.13,1.24,1.35,1.45,1.55,1.63,1.79,1.99,2.16,2020
2020-12-04,0.81,0.9,1.01,1.13,1.24,1.34,1.44,1.54,1.63,1.78,1.99,2.14,2020
2020-12-07,0.82,0.91,1.02,1.14,1.25,1.35,1.44,1.54,1.64,1.8,2.01,2.17,2020
2020-12-08,0.82,0.92,1.03,1.14,1.25,1.35,1.45,1.55,1.64,1.81,2.02,2.17,2020
2020-12-09,0.83,0.94,1.05,1.17,1.27,1.37,1.47,1.56,1.66,1.82,2.05,2.24,2020
2020-12-10,0.82,0.93,1.04,1.15,1.25,1.35,1.45,1.54,1.63,1.79,1.99,2.2,2020
2020-12-11,0.83,0.93,1.05,1.16,1.26,1.36,1.46,1.55,1.64,1.8,1.99,2.23,2020
2020-12-12,0.82,0.93,1.04,1.15,1.26,1.36,1.45,1.55,1.64,1.8,1.99,2.22,2020
2020-12-14,0.82,0.92,1.03,1.14,1.25,1.35,1.44,1.54,1.63,1.78,1.97,2.2,2020
2020-12-15,0.8,0.9,1.01,1.12,1.23,1.33,1.43,1.52,1.61,1.77,1.97,2.19,2020
2020-12-16,0.77,0.87,0.97,1.07,1.18,1.28,1.38,1.47,1.57,1.73,1.92,2.15,2020
2020-12-17,0.77,0.87,0.97,1.07,1.18,1.28,1.38,1.48,1.57,1.73,1.93,2.16,2020
2020-12-18,0.76,0.85,0.96,1.06,1.16,1.26,1.36,1.46,1.55,1.7,1.9,2.14,2020
2020-12-21,0.76,0.86,0.96,1.06,1.17,1.26,1.36,1.45,1.55,1.7,1.89,2.13,2020
2020-12-22,0.76,0.86,0.96,1.06,1.16,1.26,1.36,1.45,1.54,1.7,1.9,2.13,2020
2020-12-23,0.76,0.86,0.96,1.06,1.16,1.26,1.36,1.45,1.55,1.71,1.9,2.14,2020
2020-12-28,0.77,0.86,0.96,1.06,1.17,1.27,1.37,1.46,1.55,1.71,1.91,2.13,2020
2020-12-29,0.77,0.86,0.96,1.06,1.17,1.27,1.37,1.46,1.55,1.71,1.91,2.13,2020
2020-12-30,0.77,0.86,0.96,1.06,1.17,1.27,1.36,1.45,1.55,1.71,1.9,2.14,2020
2020-12-31,0.77,0.86,0.96,1.06,1.17,1.27,1.36,1.45,1.55,1.71,1.9,2.14,2020
2021-01-04,0.77,0.86,0.96,1.06,1.16,1.26,1.36,1.45,1.55,1.71,1.91,2.14,2021
2021-01-05,0.76,0.85,0.95,1.06,1.16,1.26,1.35,1.45,1.54,1.7,1.89,2.13,2021
2021-01-06,0.78,0.87,0.97,1.08,1.18,1.28,1.38,1.47,1.56,1.73,1.91,2.14,2021
2021-01-07,0.83,0.94,1.05,1.17,1.27,1.38,1.48,1.57,1.66,1.81,2.01,2.21,2021
2021-01-08,0.83,0.94,1.04,1.16,1.27,1.37,1.46,1.56,1.65,1.8,2.0,2.22,2021
2021-01-11,0.85,0.96,1.08,1.21,1.33,1.42,1.52,1.62,1.71,1.86,2.06,2.26,2021
2021-01-12,0.91,1.05,1.19,1.33,1.44,1.54,1.64,1.73,1.83,1.98,2.17,2.4,2021
2021-01-13,0.87,1.0,1.12,1.25,1.36,1.46,1.56,1.65,1.75,1.9,2.07,2.29,2021
2021-01-14,0.86,0.98,1.1,1.22,1.34,1.44,1.53,1.63,1.72,1.87,2.03,2.25,2021
2021-01-15,0.89,1.02,1.16,1.3,1.41,1.51,1.61,1.71,1.8,1.95,2.1,2.31,2021
2021-01-18,0.9,1.03,1.16,1.29,1.4,1.51,1.61,1.71,1.8,1.95,2.1,2.31,2021
2021-01-19,0.91,1.04,1.17,1.3,1.42,1.53,1.62,1.72,1.81,1.95,2.11,2.31,2021
2021-01-20,0.9,1.03,1.17,1.31,1.43,1.54,1.63,1.73,1.82,1.97,2.13,2.35,2021
2021-01-21,0.91,1.04,1.18,1.32,1.44,1.54,1.64,1.73,1.83,1.97,2.13,2.33,2021
2021-01-22,0.9,1.03,1.17,1.3,1.41,1.52,1.61,1.71,1.8,1.95,2.11,2.32,2021
2021-01-25,0.9,1.03,1.16,1.28,1.4,1.5,1.59,1.68,1.77,1.91,2.09,2.31,2021
2021-01-26,0.89,1.01,1.13,1.25,1.36,1.45,1.55,1.64,1.73,1.87,2.04,2.26,2021
2021-01-27,0.9,1.03,1.16,1.28,1.4,1.49,1.59,1.69,1.78,1.92,2.08,2.28,2021
2021-01-28,0.9,1.03,1.15,1.27,1.38,1.48,1.58,1.67,1.76,1.9,2.08,2.3,2021
2021-01-29,0.92,1.04,1.17,1.29,1.41,1.51,1.6,1.69,1.79,1.94,2.11,2.31,2021
2021-02-01,0.92,1.05,1.18,1.31,1.43,1.53,1.63,1.73,1.81,1.96,2.14,2.31,2021
2021-02-02,0.92,1.05,1.18,1.31,1.43,1.54,1.64,1.74,1.82,1.97,2.15,2.34,2021
2021-02-03,0.92,1.05,1.19,1.32,1.44,1.55,1.66,1.75,1.84,1.99,2.16,2.4,2021
2021-02-04,0.93,1.07,1.21,1.35,1.47,1.58,1.68,1.77,1.87,2.02,2.2,2.38,2021
2021-02-05,0.91,1.04,1.18,1.32,1.44,1.55,1.65,1.75,1.84,1.99,2.17,2.39,2021
2021-02-08,0.94,1.1,1.26,1.4,1.52,1.64,1.74,1.84,1.93,2.08,2.25,2.44,2021
2021-02-09,0.95,1.11,1.26,1.41,1.53,1.64,1.74,1.84,1.93,2.08,2.26,2.45,2021
2021-02-10,0.96,1.11,1.26,1.41,1.53,1.64,1.74,1.83,1.93,2.08,2.26,2.46,2021
2021-02-11,0.96,1.11,1.26,1.4,1.51,1.62,1.72,1.82,1.91,2.07,2.25,2.48,2021
2021-02-12,0.98,1.13,1.29,1.43,1.54,1.65,1.75,1.84,1.94,2.09,2.27,2.48,2021
2021-02-15,1.11,1.29,1.45,1.6,1.72,1.83,1.92,2.02,2.1,2.26,2.43,2.64,2021
2021-02-16,1.17,1.33,1.48,1.61,1.72,1.83,1.92,2.01,2.1,2.24,2.42,2.64,2021
2021-02-17,1.25,1.42,1.57,1.7,1.81,1.91,2.0,2.09,2.18,2.33,2.52,2.74,2021
2021-02-18,1.23,1.41,1.56,1.7,1.8,1.9,2.0,2.09,2.19,2.34,2.52,2.72,2021
2021-02-19,1.22,1.4,1.55,1.69,1.81,1.9,2.0,2.11,2.2,2.35,2.52,2.71,2021
2021-02-22,1.26,1.45,1.62,1.75,1.87,1.97,2.07,2.17,2.27,2.41,2.6,2.77,2021
2021-02-23,1.3,1.51,1.67,1.8,1.92,2.02,2.13,2.22,2.32,2.47,2.65,2.86,2021
2021-02-24,1.23,1.4,1.56,1.69,1.81,1.91,2.02,2.12,2.21,2.37,2.55,2.75,2021
2021-02-25,1.3,1.51,1.69,1.84,1.96,2.07,2.18,2.28,2.37,2.52,2.7,2.94,2021
2021-02-26,1.31,1.54,1.71,1.86,1.99,2.1,2.21,2.31,2.41,2.56,2.74,2.94,2021
2021-03-01,1.3,1.52,1.7,1.86,1.99,2.1,2.21,2.31,2.41,2.56,2.74,2.97,2021
2021-03-02,1.27,1.48,1.68,1.84,1.97,2.09,2.19,2.29,2.39,2.54,2.72,2.92,2021
2021-03-03,1.26,1.48,1.67,1.84,1.98,2.1,2.2,2.31,2.4,2.55,2.73,2.96,2021
2021-03-04,1.25,1.48,1.68,1.86,2.0,2.11,2.21,2.32,2.42,2.57,2.75,2.96,2021
2021-03-05,1.32,1.55,1.75,1.93,2.07,2.19,2.29,2.4,2.49,2.64,2.83,3.05,2021
2021-03-08,1.38,1.61,1.82,2.0,2.14,2.26,2.37,2.46,2.56,2.7,2.9,3.13,2021
2021-03-09,1.37,1.6,1.8,1.98,2.12,2.23,2.33,2.42,2.51,2.67,2.86,3.08,2021
2021-03-10,1.34,1.58,1.78,1.95,2.09,2.2,2.29,2.39,2.48,2.63,2.83,3.02,2021
2021-03-11,1.29,1.5,1.68,1.84,1.97,2.08,2.18,2.27,2.37,2.52,2.72,2.97,2021
2021-03-12,1.32,1.55,1.75,1.92,2.05,2.16,2.27,2.37,2.46,2.62,2.81,3.04,2021
2021-03-16,1.35,1.58,1.79,1.97,2.1,2.22,2.32,2.42,2.51,2.67,2.86,3.09,2021
2021-03-17,1.34,1.58,1.78,1.95,2.08,2.19,2.29,2.39,2.48,2.64,2.83,3.08,2021
2021-03-18,1.35,1.58,1.78,1.95,2.09,2.2,2.29,2.39,2.48,2.63,2.83,3.08,2021
2021-03-19,1.35,1.59,1.79,1.96,2.09,2.2,2.3,2.39,2.48,2.64,2.83,3.06,2021
2021-03-22,1.34,1.58,1.78,1.95,2.08,2.18,2.28,2.38,2.48,2.63,2.83,3.09,2021
2021-03-23,1.32,1.56,1.76,1.92,2.05,2.16,2.26,2.36,2.46,2.61,2.8,3.04,2021
2021-03-24,1.34,1.57,1.76,1.93,2.06,2.18,2.27,2.37,2.46,2.61,2.81,3.07,2021
2021-03-25,1.33,1.57,1.76,1.93,2.05,2.17,2.27,2.36,2.46,2.61,2.8,3.06,2021
2021-03-26,1.33,1.57,1.76,1.92,2.05,2.15,2.25,2.35,2.44,2.59,2.78,3.05,2021
2021-03-29,1.34,1.58,1.77,1.95,2.07,2.18,2.28,2.38,2.47,2.62,2.81,3.08,2021
2021-03-30,1.39,1.65,1.86,2.04,2.18,2.3,2.41,2.5,2.59,2.73,2.91,3.13,2021
2021-03-31,1.43,1.69,1.92,2.11,2.24,2.36,2.47,2.57,2.66,2.82,3.01,3.25,2021
2021-04-01,1.48,1.76,1.99,2.17,2.31,2.43,2.53,2.63,2.72,2.88,3.05,3.27,2021
2021-04-06,1.46,1.73,1.95,2.14,2.27,2.39,2.49,2.58,2.67,2.82,3.01,3.28,2021
2021-04-07,1.44,1.71,1.93,2.11,2.25,2.36,2.46,2.55,2.64,2.79,2.98,3.24,2021
2021-04-08,1.44,1.7,1.92,2.1,2.25,2.35,2.44,2.53,2.62,2.77,2.95,3.16,2021
2021-04-09,1.44,1.69,1.91,2.08,2.22,2.32,2.42,2.5,2.58,2.72,2.89,3.13,2021
2021-04-12,1.4,1.65,1.87,2.04,2.18,2.29,2.38,2.46,2.54,2.69,2.84,3.1,2021
2021-04-13,1.4,1.66,1.87,2.04,2.18,2.28,2.38,2.46,2.54,2.68,2.84,3.07,2021
2021-04-14,1.35,1.6,1.8,1.97,2.1,2.21,2.31,2.39,2.47,2.61,2.77,3.02,2021
2021-04-15,1.33,1.55,1.76,1.91,2.05,2.16,2.26,2.35,2.43,2.57,2.74,2.97,2021
2021-04-16,1.32,1.55,1.75,1.91,2.05,2.16,2.25,2.34,2.43,2.57,2.75,3.01,2021
2021-04-19,1.31,1.53,1.73,1.89,2.03,2.13,2.23,2.32,2.4,2.54,2.7,2.96,2021
2021-04-20,1.29,1.5,1.68,1.84,1.98,2.09,2.19,2.28,2.36,2.5,2.67,2.91,2021
2021-04-21,1.27,1.47,1.65,1.81,1.95,2.06,2.16,2.25,2.33,2.47,2.64,2.88,2021
2021-04-22,1.31,1.54,1.73,1.9,2.03,2.15,2.25,2.34,2.42,2.56,2.72,2.96,2021
2021-04-23,1.31,1.55,1.74,1.91,2.05,2.16,2.26,2.35,2.43,2.58,2.75,2.98,2021
2021-04-26,1.32,1.56,1.76,1.93,2.06,2.18,2.28,2.37,2.46,2.6,2.77,3.01,2021
2021-04-27,1.32,1.56,1.76,1.93,2.06,2.18,2.28,2.37,2.45,2.59,2.76,3.01,2021
2021-04-28,1.33,1.58,1.78,1.95,2.09,2.2,2.3,2.4,2.48,2.62,2.78,3.03,2021
2021-04-29,1.34,1.59,1.8,1.97,2.11,2.22,2.33,2.42,2.51,2.66,2.82,3.09,2021
2021-04-30,1.35,1.6,1.82,2.0,2.14,2.25,2.35,2.45,2.53,2.68,2.84,3.1,2021
2021-05-03,1.36,1.61,1.83,2.0,2.15,2.26,2.36,2.46,2.55,2.7,2.86,3.1,2021
2021-05-04,1.36,1.62,1.84,2.02,2.15,2.27,2.37,2.46,2.55,2.7,2.86,3.11,2021
2021-05-05,1.36,1.62,1.84,2.02,2.16,2.27,2.37,2.47,2.56,2.71,2.88,3.12,2021
2021-05-06,1.36,1.63,1.84,2.02,2.16,2.28,2.38,2.47,2.56,2.71,2.87,3.12,2021
2021-05-07,1.36,1.62,1.84,2.01,2.15,2.27,2.37,2.47,2.56,2.71,2.87,3.12,2021
2021-05-10,1.34,1.6,1.81,1.99,2.13,2.24,2.34,2.44,2.53,2.68,2.84,3.09,2021
2021-05-11,1.35,1.62,1.84,2.02,2.15,2.27,2.38,2.47,2.57,2.72,2.89,3.16,2021
2021-05-12,1.37,1.64,1.86,2.04,2.19,2.3,2.4,2.5,2.59,2.75,2.91,3.16,2021
2021-05-13,1.44,1.73,1.95,2.12,2.26,2.37,2.47,2.57,2.66,2.82,2.98,3.22,2021
2021-05-14,1.48,1.75,1.96,2.13,2.26,2.38,2.47,2.56,2.65,2.8,2.97,3.23,2021
2021-05-17,1.64,1.9,2.1,2.25,2.37,2.46,2.54,2.61,2.69,2.84,2.99,3.23,2021
2021-05-18,1.62,1.89,2.07,2.22,2.34,2.43,2.52,2.59,2.67,2.8,2.95,3.19,2021
2021-05-19,1.63,1.89,2.09,2.24,2.35,2.44,2.52,2.59,2.66,2.8,2.95,3.19,2021
2021-05-20,1.65,1.92,2.12,2.28,2.4,2.49,2.57,2.64,2.71,2.84,2.99,3.23,2021
2021-05-21,1.65,1.93,2.14,2.3,2.41,2.5,2.58,2.65,2.72,2.85,3.01,3.23,2021
2021-05-25,1.65,1.93,2.14,2.29,2.41,2.5,2.57,2.65,2.72,2.85,3.0,3.25,2021
2021-05-26,1.58,1.84,2.03,2.18,2.3,2.39,2.46,2.54,2.61,2.74,2.89,3.12,2021
2021-05-27,1.63,1.9,2.1,2.24,2.35,2.45,2.52,2.6,2.67,2.8,2.96,3.18,2021
2021-05-28,1.68,1.95,2.15,2.3,2.41,2.51,2.59,2.66,2.73,2.86,3.02,3.23,2021
2021-05-31,1.68,1.95,2.14,2.29,2.4,2.49,2.57,2.64,2.7,2.84,3.0,3.2,2021
2021-06-01,1.68,1.95,2.15,2.29,2.4,2.49,2.57,2.65,2.71,2.84,3.0,3.21,2021
2021-06-02,1.69,1.97,2.15,2.29,2.41,2.5,2.57,2.65,2.71,2.84,2.99,3.21,2021
2021-06-03,1.7,1.97,2.16,2.3,2.41,2.49,2.57,2.64,2.7,2.82,2.98,3.2,2021
2021-06-04,1.69,1.96,2.15,2.28,2.38,2.46,2.53,2.6,2.66,2.77,2.9,3.15,2021
2021-06-07,1.7,1.97,2.16,2.29,2.39,2.48,2.55,2.61,2.67,2.79,2.92,3.16,2021
2021-06-08,1.69,1.97,2.15,2.28,2.39,2.47,2.54,2.6,2.66,2.77,2.91,3.13,2021
2021-06-09,1.69,1.96,2.14,2.27,2.37,2.45,2.52,2.58,2.63,2.74,2.87,3.08,2021
2021-06-10,1.73,1.97,2.14,2.26,2.35,2.43,2.49,2.55,2.6,2.7,2.83,3.05,2021
2021-06-11,1.73,1.95,2.09,2.19,2.27,2.34,2.4,2.45,2.5,2.59,2.72,2.9,2021
2021-06-14,1.74,1.94,2.07,2.17,2.25,2.31,2.37,2.43,2.48,2.57,2.71,2.9,2021
2021-06-15,1.76,1.96,2.08,2.18,2.26,2.32,2.38,2.44,2.5,2.6,2.72,2.9,2021
2021-06-16,1.82,2.02,2.18,2.29,2.38,2.46,2.52,2.58,2.64,2.74,2.86,3.06,2021
2021-06-17,1.82,2.02,2.17,2.29,2.38,2.45,2.51,2.56,2.61,2.71,2.83,3.02,2021
2021-06-18,1.84,2.05,2.2,2.32,2.41,2.47,2.53,2.58,2.63,2.72,2.85,3.03,2021
2021-06-21,1.9,2.12,2.28,2.39,2.48,2.55,2.6,2.65,2.7,2.79,2.91,3.11,2021
2021-06-22,1.93,2.16,2.32,2.43,2.51,2.57,2.62,2.67,2.72,2.81,2.93,3.13,2021
2021-06-23,1.92,2.15,2.31,2.42,2.49,2.55,2.6,2.64,2.68,2.77,2.88,3.07,2021
2021-06-24,1.96,2.18,2.33,2.43,2.51,2.56,2.61,2.65,2.7,2.78,2.9,3.08,2021
2021-06-25,1.97,2.18,2.32,2.42,2.49,2.54,2.58,2.62,2.66,2.74,2.86,3.04,2021
2021-06-28,2.0,2.21,2.35,2.44,2.51,2.56,2.61,2.64,2.68,2.75,2.87,3.04,2021
2021-06-29,2.02,2.23,2.37,2.48,2.55,2.59,2.63,2.66,2.7,2.77,2.88,3.06,2021
2021-06-30,2.02,2.24,2.37,2.48,2.55,2.6,2.64,2.67,2.7,2.77,2.88,3.06,2021
2021-07-01,1.99,2.21,2.36,2.47,2.54,2.6,2.64,2.68,2.72,2.8,2.91,3.09,2021
2021-07-02,2.02,2.25,2.4,2.52,2.6,2.65,2.7,2.74,2.79,2.87,2.98,3.16,2021
2021-07-05,2.05,2.29,2.44,2.55,2.63,2.69,2.74,2.78,2.82,2.9,3.01,3.18,2021
2021-07-06,2.09,2.33,2.48,2.6,2.68,2.73,2.78,2.82,2.85,2.93,3.04,3.21,2021
2021-07-07,2.09,2.31,2.45,2.56,2.63,2.69,2.73,2.77,2.8,2.87,2.99,3.17,2021
2021-07-08,2.12,2.33,2.45,2.55,2.61,2.66,2.7,2.74,2.78,2.84,2.95,3.14,2021
2021-07-09,2.11,2.32,2.44,2.53,2.59,2.64,2.68,2.71,2.75,2.81,2.92,3.09,2021
2021-07-12,2.08,2.28,2.4,2.48,2.54,2.59,2.64,2.67,2.7,2.77,2.88,3.05,2021
2021-07-13,2.08,2.27,2.38,2.48,2.53,2.58,2.62,2.66,2.69,2.76,2.86,3.05,2021
2021-07-14,2.12,2.32,2.44,2.53,2.59,2.64,2.68,2.71,2.75,2.82,2.92,3.1,2021
2021-07-15,2.12,2.32,2.43,2.52,2.58,2.63,2.67,2.7,2.73,2.79,2.89,3.07,2021
2021-07-16,2.12,2.32,2.43,2.52,2.59,2.63,2.67,2.7,2.73,2.79,2.89,3.07,2021
2021-07-19,2.12,2.33,2.44,2.53,2.59,2.64,2.68,2.71,2.74,2.8,2.9,3.08,2021
2021-07-20,2.09,2.28,2.39,2.46,2.51,2.56,2.6,2.63,2.66,2.72,2.83,3.0,2021
2021-07-21,1.97,2.15,2.26,2.33,2.39,2.44,2.49,2.53,2.56,2.61,2.73,2.89,2021
2021-07-22,1.94,2.13,2.24,2.31,2.37,2.43,2.48,2.52,2.56,2.62,2.74,2.9,2021
2021-07-23,1.94,2.13,2.24,2.31,2.37,2.42,2.47,2.51,2.56,2.62,2.73,2.89,2021
2021-07-26,1.94,2.13,2.24,2.32,2.38,2.44,2.49,2.53,2.56,2.62,2.73,2.9,2021
2021-07-27,1.93,2.11,2.22,2.3,2.36,2.41,2.46,2.5,2.55,2.62,2.72,2.9,2021
2021-07-28,1.99,2.16,2.27,2.34,2.39,2.44,2.5,2.54,2.58,2.65,2.75,2.91,2021
2021-07-29,2.05,2.2,2.3,2.36,2.41,2.46,2.51,2.54,2.58,2.65,2.74,2.9,2021
2021-07-30,2.14,2.29,2.38,2.45,2.5,2.54,2.57,2.62,2.65,2.7,2.8,2.95,2021
2021-08-02,2.18,2.34,2.43,2.5,2.54,2.57,2.61,2.65,2.68,2.73,2.83,2.98,2021
2021-08-03,2.21,2.37,2.47,2.54,2.58,2.62,2.65,2.69,2.72,2.77,2.88,3.02,2021
2021-08-04,2.22,2.39,2.49,2.55,2.6,2.63,2.66,2.69,2.72,2.77,2.87,3.02,2021
2021-08-05,2.25,2.4,2.49,2.55,2.6,2.63,2.66,2.69,2.71,2.77,2.86,3.01,2021
2021-08-06,2.27,2.42,2.51,2.58,2.62,2.66,2.69,2.71,2.74,2.79,2.88,3.03,2021
2021-08-09,2.3,2.46,2.55,2.61,2.66,2.7,2.72,2.75,2.77,2.82,2.92,3.06,2021
2021-08-10,2.26,2.42,2.52,2.59,2.64,2.68,2.72,2.75,2.78,2.84,2.92,3.07,2021
2021-08-11,2.27,2.46,2.57,2.65,2.71,2.76,2.8,2.84,2.87,2.94,3.03,3.17,2021
2021-08-12,2.26,2.43,2.53,2.6,2.66,2.71,2.75,2.78,2.82,2.88,2.97,3.1,2021
2021-08-13,2.25,2.42,2.52,2.59,2.64,2.69,2.73,2.77,2.81,2.88,2.97,3.09,2021
2021-08-16,2.25,2.42,2.52,2.59,2.64,2.69,2.73,2.77,2.81,2.88,2.98,3.1,2021
2021-08-17,2.24,2.41,2.5,2.56,2.61,2.65,2.7,2.74,2.78,2.84,2.95,3.07,2021
2021-08-18,2.27,2.43,2.53,2.59,2.64,2.68,2.72,2.76,2.79,2.85,2.95,3.07,2021
2021-08-19,2.27,2.43,2.52,2.57,2.61,2.65,2.69,2.72,2.74,2.81,2.9,3.03,2021
2021-08-23,2.28,2.44,2.52,2.57,2.62,2.66,2.69,2.72,2.75,2.81,2.89,3.02,2021
2021-08-24,2.3,2.46,2.53,2.59,2.63,2.66,2.69,2.72,2.75,2.81,2.9,3.02,2021
2021-08-25,2.32,2.46,2.53,2.58,2.61,2.64,2.67,2.7,2.73,2.8,2.89,3.01,2021
2021-08-26,2.33,2.47,2.54,2.59,2.64,2.67,2.71,2.74,2.77,2.83,2.92,3.04,2021
2021-08-27,2.31,2.47,2.55,2.61,2.65,2.7,2.74,2.78,2.81,2.87,2.96,3.07,2021
2021-08-30,2.3,2.46,2.54,2.6,2.65,2.7,2.73,2.77,2.81,2.87,2.96,3.07,2021
2021-08-31,2.3,2.45,2.54,2.6,2.65,2.69,2.73,2.77,2.8,2.87,2.96,3.07,2021
2021-09-01,2.29,2.46,2.57,2.65,2.71,2.76,2.82,2.86,2.9,2.97,3.08,3.19,2021
2021-09-02,2.31,2.49,2.6,2.68,2.75,2.8,2.85,2.9,2.95,3.03,3.13,3.24,2021
2021-09-03,2.3,2.48,2.59,2.66,2.72,2.77,2.82,2.87,2.92,3.0,3.1,3.24,2021
2021-09-06,2.3,2.48,2.59,2.66,2.72,2.78,2.83,2.87,2.92,3.0,3.1,3.24,2021
2021-09-07,2.3,2.48,2.59,2.67,2.73,2.78,2.83,2.87,2.92,3.01,3.11,3.22,2021
2021-09-08,2.32,2.49,2.6,2.68,2.75,2.8,2.85,2.89,2.94,3.01,3.13,3.25,2021
2021-09-09,2.33,2.51,2.62,2.7,2.76,2.82,2.86,2.91,2.95,3.03,3.13,3.26,2021
2021-09-10,2.33,2.51,2.62,2.7,2.76,2.82,2.87,2.91,2.95,3.04,3.14,3.27,2021
2021-09-13,2.33,2.51,2.62,2.7,2.76,2.82,2.87,2.91,2.95,3.04,3.15,3.26,2021
2021-09-14,2.38,2.55,2.66,2.73,2.79,2.85,2.9,2.94,2.98,3.06,3.16,3.27,2021
2021-09-15,2.43,2.6,2.71,2.78,2.84,2.89,2.93,2.97,3.01,3.08,3.19,3.3,2021
2021-09-16,2.52,2.69,2.79,2.85,2.9,2.95,2.99,3.04,3.07,3.14,3.24,3.36,2021
2021-09-17,2.56,2.73,2.83,2.89,2.95,2.99,3.04,3.08,3.12,3.18,3.28,3.4,2021
2021-09-20,2.57,2.75,2.85,2.92,2.98,3.02,3.07,3.11,3.15,3.22,3.32,3.46,2021
2021-09-21,2.59,2.77,2.88,2.95,3.01,3.06,3.11,3.15,3.18,3.24,3.34,3.48,2021
2021-09-22,2.37,2.57,2.7,2.8,2.86,2.93,2.98,3.04,3.09,3.17,3.25,3.39,2021
2021-09-23,2.43,2.6,2.73,2.83,2.89,2.96,3.01,3.07,3.13,3.21,3.31,3.45,2021
2021-09-24,2.52,2.7,2.83,2.93,2.99,3.06,3.11,3.17,3.22,3.3,3.4,3.54,2021
2021-09-27,2.52,2.72,2.84,2.93,3.0,3.06,3.11,3.17,3.22,3.31,3.41,3.55,2021
2021-09-28,2.58,2.78,2.91,3.01,3.08,3.14,3.2,3.26,3.31,3.4,3.5,3.64,2021
2021-09-29,2.6,2.8,2.93,3.03,3.11,3.17,3.23,3.29,3.35,3.44,3.54,3.68,2021
2021-09-30,2.58,2.78,2.91,3.0,3.08,3.14,3.2,3.25,3.3,3.39,3.49,3.64,2021
2021-10-01,2.64,2.83,2.96,3.05,3.12,3.19,3.25,3.3,3.35,3.44,3.55,3.69,2021
2021-10-04,2.9,3.11,3.22,3.29,3.35,3.4,3.44,3.49,3.53,3.61,3.69,3.82,2021
2021-10-05,2.89,3.1,3.22,3.3,3.37,3.42,3.46,3.51,3.54,3.62,3.72,3.85,2021
2021-10-06,2.86,3.08,3.19,3.28,3.35,3.4,3.45,3.5,3.55,3.63,3.72,3.85,2021
2021-10-07,2.87,3.09,3.21,3.28,3.35,3.41,3.46,3.51,3.55,3.63,3.72,3.85,2021
2021-10-08,2.87,3.08,3.2,3.28,3.34,3.4,3.45,3.49,3.54,3.61,3.7,3.83,2021
2021-10-11,2.9,3.11,3.22,3.3,3.35,3.4,3.45,3.5,3.54,3.62,3.71,3.84,2021
2021-10-12,2.95,3.17,3.28,3.36,3.42,3.47,3.53,3.58,3.62,3.69,3.78,3.93,2021
2021-10-13,2.98,3.2,3.32,3.4,3.46,3.52,3.57,3.62,3.66,3.74,3.83,3.98,2021
2021-10-14,2.98,3.19,3.31,3.39,3.45,3.5,3.55,3.59,3.65,3.72,3.8,3.95,2021
2021-10-15,2.98,3.2,3.31,3.39,3.44,3.49,3.54,3.58,3.63,3.71,3.79,3.93,2021
2021-10-18,3.13,3.34,3.45,3.53,3.59,3.65,3.69,3.74,3.78,3.86,3.94,4.09,2021
2021-10-19,3.18,3.4,3.51,3.58,3.63,3.68,3.73,3.78,3.82,3.9,3.98,4.1,2021
2021-10-20,3.12,3.33,3.44,3.52,3.57,3.63,3.67,3.72,3.76,3.85,3.93,4.08,2021
2021-10-21,3.13,3.34,3.46,3.53,3.59,3.64,3.69,3.74,3.77,3.84,3.93,4.08,2021
2021-10-22,3.22,3.42,3.52,3.58,3.63,3.68,3.72,3.76,3.79,3.87,3.95,4.11,2021
2021-10-25,3.31,3.51,3.61,3.67,3.7,3.75,3.79,3.85,3.85,3.92,4.0,4.13,2021
2021-10-26,3.37,3.56,3.65,3.7,3.73,3.76,3.79,3.82,3.85,3.9,3.97,4.12,2021
2021-10-27,3.33,3.53,3.61,3.66,3.69,3.72,3.74,3.78,3.8,3.86,3.94,4.08,2021
2021-10-28,3.29,3.49,3.57,3.61,3.65,3.68,3.7,3.74,3.77,3.83,3.91,4.03,2021
2021-10-29,3.34,3.54,3.63,3.66,3.69,3.72,3.75,3.77,3.8,3.85,3.93,4.07,2021
2021-11-02,3.36,3.56,3.65,3.68,3.71,3.73,3.75,3.77,3.79,3.84,3.92,4.07,2021
2021-11-03,3.36,3.56,3.64,3.68,3.7,3.72,3.74,3.76,3.78,3.83,3.9,4.04,2021
2021-11-04,3.37,3.56,3.64,3.67,3.69,3.7,3.72,3.74,3.76,3.8,3.86,4.01,2021
2021-11-05,3.47,3.64,3.7,3.72,3.74,3.74,3.76,3.76,3.78,3.81,3.87,3.99,2021
2021-11-08,3.47,3.63,3.67,3.69,3.7,3.7,3.72,3.73,3.74,3.77,3.82,3.91,2021
2021-11-09,3.54,3.68,3.71,3.72,3.72,3.72,3.73,3.74,3.74,3.76,3.81,3.88,2021
2021-11-10,3.59,3.72,3.74,3.73,3.72,3.71,3.71,3.71,3.7,3.71,3.74,3.83,2021
2021-11-11,3.84,3.93,3.92,3.9,3.88,3.86,3.85,3.85,3.85,3.84,3.88,3.96,2021
2021-11-12,3.86,3.93,3.93,3.9,3.88,3.86,3.85,3.84,3.84,3.85,3.87,3.96,2021
2021-11-15,3.86,3.94,3.92,3.89,3.86,3.84,3.82,3.81,3.81,3.81,3.84,3.93,2021
2021-11-16,3.84,3.92,3.91,3.89,3.86,3.83,3.81,3.8,3.8,3.81,3.83,3.92,2021
2021-11-17,3.82,3.9,3.9,3.9,3.88,3.86,3.85,3.85,3.85,3.86,3.9,3.99,2021
2021-11-18,3.98,4.06,4.05,4.04,4.02,4.01,3.99,3.99,3.99,4.0,4.02,4.12,2021
2021-11-19,4.19,4.27,4.25,4.22,4.18,4.15,4.14,4.13,4.13,4.13,4.15,4.26,2021
2021-11-22,4.25,4.31,4.28,4.25,4.2,4.17,4.14,4.13,4.13,4.12,4.14,4.25,2021
2021-11-23,4.52,4.58,4.56,4.51,4.45,4.42,4.39,4.35,4.33,4.32,4.35,4.44,2021
2021-11-24,4.7,4.73,4.65,4.58,4.48,4.39,4.33,4.29,4.27,4.24,4.25,4.31,2021
2021-11-25,4.75,4.74,4.67,4.59,4.49,4.42,4.36,4.32,4.3,4.28,4.3,4.33,2021
2021-11-26,4.36,4.31,4.25,4.17,4.08,4.01,3.94,3.91,3.89,3.9,3.9,4.02,2021
2021-11-29,4.34,4.33,4.29,4.22,4.16,4.11,4.06,4.03,4.02,4.02,4.07,4.14,2021
2021-11-30,4.34,4.33,4.3,4.26,4.21,4.17,4.14,4.12,4.1,4.1,4.13,4.23,2021
2021-12-01,4.39,4.37,4.34,4.31,4.27,4.22,4.19,4.17,4.18,4.18,4.23,4.31,2021
2021-12-02,4.51,4.51,4.5,4.48,4.44,4.41,4.38,4.36,4.36,4.36,4.41,4.47,2021
2021-12-03,4.46,4.45,4.41,4.36,4.32,4.27,4.23,4.21,4.2,4.21,4.25,4.32,2021
2021-12-06,4.47,4.45,4.41,4.36,4.31,4.26,4.22,4.2,4.18,4.18,4.22,4.28,2021
2021-12-07,4.39,4.38,4.34,4.29,4.24,4.2,4.16,4.14,4.13,4.13,4.16,4.24,2021
2021-12-08,4.45,4.43,4.39,4.33,4.28,4.24,4.19,4.16,4.16,4.16,4.2,4.27,2021
2021-12-09,4.6,4.57,4.48,4.38,4.31,4.26,4.2,4.17,4.16,4.15,4.2,4.28,2021
2021-12-10,4.68,4.62,4.5,4.4,4.31,4.24,4.19,4.17,4.15,4.14,4.18,4.26,2021
2021-12-11,4.71,4.64,4.52,4.42,4.32,4.25,4.2,4.17,4.15,4.15,4.19,4.27,2021
2021-12-13,4.77,4.7,4.58,4.46,4.35,4.27,4.22,4.19,4.17,4.17,4.22,4.29,2021
2021-12-14,4.83,4.75,4.62,4.5,4.39,4.31,4.25,4.22,4.21,4.2,4.25,4.31,2021
2021-12-15,4.96,4.9,4.79,4.68,4.57,4.48,4.42,4.39,4.37,4.36,4.41,4.49,2021
2021-12-16,5.11,5.05,4.94,4.81,4.7,4.59,4.52,4.48,4.47,4.45,4.51,4.57,2021
2021-12-17,5.04,4.95,4.82,4.68,4.56,4.45,4.38,4.32,4.29,4.27,4.31,4.38,2021
2021-12-20,5.03,4.94,4.82,4.68,4.55,4.44,4.36,4.31,4.28,4.27,4.3,4.39,2021
2021-12-21,5.02,4.94,4.81,4.67,4.55,4.44,4.36,4.31,4.28,4.26,4.3,4.37,2021
2021-12-22,5.02,4.93,4.81,4.67,4.54,4.44,4.36,4.3,4.28,4.26,4.3,4.38,2021
2021-12-23,5.03,4.98,4.85,4.73,4.61,4.52,4.45,4.41,4.37,4.34,4.39,4.47,2021
2021-12-27,5.09,5.02,4.9,4.77,4.65,4.56,4.5,4.45,4.42,4.4,4.45,4.51,2021
2021-12-28,5.08,5.02,4.9,4.77,4.65,4.56,4.49,4.45,4.42,4.4,4.44,4.51,2021
2021-12-29,5.08,5.02,4.91,4.78,4.66,4.57,4.5,4.45,4.42,4.4,4.45,4.51,2021
2021-12-30,5.22,5.13,4.98,4.84,4.72,4.62,4.55,4.5,4.47,4.44,4.49,4.57,2021
2021-12-31,5.25,5.14,5.0,4.86,4.75,4.66,4.59,4.53,4.5,4.47,4.51,4.59,2021
2022-01-03,5.25,5.15,5.01,4.87,4.76,4.66,4.59,4.53,4.5,4.47,4.51,4.59,2022
2022-01-04,5.38,5.27,5.16,5.01,4.92,4.81,4.74,4.7,4.68,4.66,4.69,4.77,2022
2022-01-05,5.5,5.39,5.24,5.11,4.99,4.89,4.83,4.78,4.74,4.71,4.76,4.81,2022
2022-01-06,5.47,5.37,5.24,5.11,4.99,4.9,4.81,4.75,4.72,4.69,4.75,4.8,2022
2022-01-07,5.42,5.35,5.24,5.13,5.02,4.95,4.88,4.84,4.8,4.78,4.83,4.9,2022
2022-01-10,5.27,5.24,5.15,5.08,4.99,4.91,4.86,4.81,4.76,4.75,4.8,4.87,2022
2022-01-11,5.16,5.15,5.11,5.06,4.98,4.92,4.86,4.82,4.8,4.79,4.83,4.9,2022
2022-01-12,5.12,5.1,5.05,4.99,4.92,4.85,4.79,4.75,4.72,4.72,4.75,4.82,2022
2022-01-13,5.0,4.97,4.93,4.88,4.82,4.75,4.7,4.67,4.65,4.65,4.68,4.75,2022
2022-01-14,4.95,4.91,4.85,4.8,4.73,4.66,4.62,4.59,4.58,4.56,4.6,4.66,2022
2022-01-17,5.0,4.97,4.92,4.85,4.78,4.72,4.68,4.66,4.64,4.63,4.66,4.74,2022
2022-01-18,5.09,5.06,5.02,4.96,4.9,4.84,4.8,4.77,4.76,4.76,4.8,4.87,2022
2022-01-19,5.27,5.25,5.21,5.16,5.1,5.03,4.98,4.95,4.93,4.92,4.96,5.02,2022
2022-01-20,5.11,5.07,5.01,4.95,4.88,4.83,4.78,4.75,4.74,4.73,4.77,4.85,2022
2022-01-21,5.1,5.06,5.01,4.94,4.86,4.8,4.77,4.73,4.71,4.7,4.74,4.81,2022
2022-01-24,5.22,5.18,5.12,5.05,4.98,4.91,4.86,4.83,4.8,4.79,4.84,4.92,2022
2022-01-25,5.2,5.14,5.06,4.98,4.9,4.83,4.78,4.74,4.71,4.7,4.74,4.82,2022
2022-01-26,5.26,5.16,5.05,4.95,4.86,4.79,4.74,4.71,4.7,4.68,4.72,4.78,2022
2022-01-27,5.35,5.23,5.11,5.0,4.9,4.83,4.77,4.74,4.72,4.7,4.75,4.82,2022
2022-01-28,5.4,5.29,5.18,5.06,4.95,4.87,4.8,4.76,4.73,4.72,4.77,4.84,2022
2022-01-31,5.41,5.3,5.19,5.08,4.98,4.91,4.85,4.82,4.79,4.77,4.82,4.88,2022
2022-02-01,5.47,5.37,5.28,5.19,5.09,5.02,4.95,4.92,4.9,4.89,4.92,4.99,2022
2022-02-02,5.46,5.38,5.27,5.18,5.1,5.01,4.94,4.9,4.88,4.86,4.91,4.97,2022
2022-02-03,5.49,5.39,5.3,5.21,5.12,5.04,4.97,4.93,4.9,4.89,4.93,5.0,2022
2022-02-04,5.38,5.29,5.2,5.11,5.05,4.99,4.93,4.89,4.88,4.86,4.89,4.96,2022
2022-02-07,5.26,5.18,5.09,5.0,4.95,4.89,4.86,4.82,4.81,4.79,4.82,4.88,2022
2022-02-08,5.21,5.1,5.0,4.9,4.83,4.78,4.74,4.71,4.71,4.7,4.72,4.79,2022
2022-02-09,5.08,4.93,4.83,4.75,4.71,4.66,4.63,4.61,4.6,4.59,4.62,4.68,2022
2022-02-10,5.1,4.95,4.84,4.77,4.72,4.68,4.64,4.63,4.62,4.61,4.64,4.7,2022
2022-02-11,5.35,5.21,5.1,5.02,4.94,4.87,4.82,4.79,4.77,4.75,4.79,4.86,2022
2022-02-14,5.57,5.38,5.23,5.11,5.0,4.91,4.85,4.8,4.77,4.76,4.79,4.87,2022
2022-02-15,5.66,5.44,5.28,5.15,5.05,4.96,4.89,4.84,4.81,4.79,4.83,4.89,2022
2022-02-16,5.71,5.48,5.29,5.14,5.03,4.94,4.88,4.83,4.8,4.78,4.82,4.89,2022
2022-02-17,5.67,5.41,5.23,5.07,4.96,4.88,4.83,4.79,4.76,4.75,4.78,4.84,2022
2022-02-18,5.63,5.38,5.17,5.02,4.92,4.85,4.78,4.74,4.71,4.69,4.73,4.79,2022
2022-02-21,5.6,5.35,5.14,4.99,4.88,4.8,4.74,4.7,4.67,4.67,4.71,4.78,2022
2022-02-22,5.64,5.38,5.18,5.04,4.95,4.88,4.82,4.79,4.76,4.74,4.78,4.86,2022
2022-02-23,5.64,5.4,5.2,5.08,4.99,4.92,4.87,4.83,4.8,4.8,4.84,4.92,2022
2022-02-24,5.78,5.52,5.33,5.2,5.09,5.01,4.94,4.89,4.88,4.87,4.9,4.95,2022
2022-02-25,5.91,5.63,5.43,5.3,5.21,5.13,5.07,5.01,4.97,4.96,5.01,5.07,2022
2022-02-28,5.95,5.65,5.45,5.33,5.23,5.16,5.1,5.05,5.02,5.02,5.05,5.11,2022
2022-03-01,6.01,5.72,5.53,5.39,5.3,5.22,5.17,5.12,5.09,5.08,5.12,5.2,2022
2022-03-02,6.2,5.88,5.65,5.5,5.4,5.33,5.26,5.21,5.17,5.15,5.19,5.26,2022
2022-03-03,6.26,5.91,5.64,5.45,5.32,5.24,5.16,5.11,5.08,5.06,5.1,5.18,2022
2022-03-04,6.42,6.03,5.74,5.54,5.41,5.32,5.25,5.19,5.14,5.12,5.17,5.23,2022
2022-03-07,7.13,6.69,6.3,6.02,5.85,5.71,5.61,5.53,5.47,5.45,5.52,5.6,2022
2022-03-08,7.21,6.74,6.37,6.12,5.96,5.85,5.76,5.68,5.63,5.59,5.64,5.67,2022
2022-03-09,7.2,6.75,6.36,6.1,5.94,5.82,5.73,5.66,5.6,5.57,5.6,5.67,2022
2022-03-10,7.06,6.63,6.27,6.01,5.86,5.73,5.65,5.58,5.52,5.49,5.54,5.62,2022
2022-03-11,7.25,6.81,6.45,6.2,6.01,5.87,5.78,5.72,5.68,5.65,5.71,5.77,2022
2022-03-16,7.34,6.93,6.58,6.34,6.16,6.04,5.95,5.87,5.82,5.79,5.85,5.91,2022
2022-03-17,7.11,6.71,6.38,6.15,5.99,5.87,5.78,5.71,5.67,5.65,5.7,5.77,2022
2022-03-18,7.17,6.8,6.49,6.27,6.11,5.99,5.9,5.82,5.76,5.73,5.76,5.83,2022
2022-03-21,7.22,6.84,6.54,6.31,6.15,6.03,5.92,5.84,5.79,5.76,5.82,5.87,2022
2022-03-22,7.37,7.01,6.71,6.5,6.3,6.15,6.03,5.96,5.89,5.87,5.94,5.98,2022
2022-03-23,7.5,7.18,6.92,6.7,6.53,6.39,6.28,6.2,6.14,6.1,6.16,6.21,2022
2022-03-24,7.66,7.34,7.1,6.86,6.69,6.55,6.45,6.36,6.3,6.27,6.33,6.38,2022
2022-03-25,7.79,7.46,7.2,6.97,6.8,6.66,6.55,6.47,6.4,6.37,6.43,6.49,2022
2022-03-26,7.8,7.47,7.21,6.99,6.82,6.67,6.54,6.45,6.39,6.34,6.39,6.43,2022
2022-03-28,7.85,7.55,7.31,7.1,6.92,6.77,6.64,6.53,6.44,6.39,6.44,6.47,2022
2022-03-29,7.84,7.5,7.24,7.02,6.83,6.68,6.55,6.44,6.34,6.28,6.33,6.37,2022
2022-03-30,7.7,7.34,7.05,6.81,6.63,6.49,6.37,6.26,6.17,6.13,6.17,6.22,2022
2022-03-31,7.54,7.15,6.85,6.61,6.43,6.3,6.18,6.09,6.0,5.92,5.95,5.99,2022
2022-04-01,7.56,7.17,6.85,6.6,6.42,6.28,6.16,6.06,5.96,5.86,5.82,5.88,2022
2022-04-04,7.56,7.19,6.87,6.61,6.43,6.29,6.17,6.07,5.97,5.85,5.73,5.83,2022
2022-04-05,7.63,7.25,6.93,6.69,6.5,6.36,6.25,6.15,6.05,5.92,5.79,5.86,2022
2022-04-06,8.1,7.78,7.48,7.25,7.04,6.89,6.77,6.66,6.55,6.42,6.3,6.33,2022
2022-04-07,8.15,7.8,7.5,7.25,7.06,6.91,6.79,6.68,6.58,6.46,6.33,6.37,2022
2022-04-08,8.3,7.98,7.64,7.4,7.21,7.06,6.94,6.83,6.74,6.61,6.47,6.53,2022
2022-04-11,8.41,8.09,7.74,7.49,7.3,7.14,7.01,6.9,6.8,6.67,6.54,6.65,2022
2022-04-12,8.32,7.97,7.59,7.33,7.14,6.99,6.86,6.75,6.66,6.54,6.41,6.52,2022
2022-04-13,8.02,7.69,7.32,7.06,6.87,6.71,6.58,6.46,6.37,6.27,6.16,6.2,2022
2022-04-14,7.66,7.32,6.95,6.71,6.52,6.39,6.28,6.18,6.11,6.01,5.89,5.96,2022
2022-04-19,7.81,7.47,7.09,6.85,6.67,6.55,6.44,6.34,6.26,6.14,6.03,6.09,2022
2022-04-20,7.97,7.65,7.29,7.05,6.89,6.77,6.66,6.57,6.51,6.42,6.34,6.37,2022
2022-04-21,7.98,7.68,7.34,7.11,6.93,6.8,6.7,6.61,6.55,6.47,6.39,6.39,2022
2022-04-22,8.07,7.77,7.42,7.18,7.01,6.89,6.78,6.7,6.63,6.55,6.46,6.48,2022
2022-04-25,8.0,7.67,7.31,7.06,6.89,6.76,6.66,6.58,6.51,6.43,6.41,6.42,2022
2022-04-26,8.1,7.77,7.43,7.19,7.03,6.91,6.82,6.74,6.67,6.6,6.52,6.57,2022
2022-04-27,8.13,7.8,7.46,7.23,7.07,6.95,6.86,6.79,6.73,6.65,6.56,6.6,2022
2022-04-28,8.08,7.77,7.43,7.2,7.05,6.92,6.83,6.76,6.7,6.61,6.48,6.56,2022
2022-04-29,8.11,7.8,7.46,7.23,7.07,6.95,6.86,6.78,6.72,6.64,6.55,6.59,2022
2022-05-02,8.15,7.85,7.52,7.29,7.13,7.01,6.92,6.84,6.78,6.69,6.65,6.66,2022
2022-05-03,8.21,7.89,7.58,7.36,7.19,7.07,6.98,6.9,6.82,6.74,6.69,6.71,2022
2022-05-04,8.38,8.08,7.77,7.55,7.39,7.27,7.18,7.1,7.04,6.95,6.9,6.9,2022
2022-05-05,8.3,8.0,7.67,7.46,7.3,7.18,7.09,7.01,6.96,6.88,6.83,6.85,2022
2022-05-06,8.37,8.07,7.76,7.54,7.38,7.27,7.18,7.11,7.05,6.97,6.91,6.93,2022
2022-05-09,8.44,8.14,7.82,7.6,7.45,7.34,7.25,7.17,7.12,7.04,6.98,6.99,2022
2022-05-10,8.47,8.18,7.87,7.65,7.51,7.41,7.32,7.27,7.22,7.16,7.09,7.09,2022
2022-05-11,8.44,8.14,7.84,7.63,7.5,7.4,7.32,7.27,7.24,7.19,7.12,7.14,2022
2022-05-12,8.32,8.05,7.75,7.55,7.42,7.33,7.26,7.2,7.16,7.12,7.05,7.06,2022
2022-05-13,8.26,8.0,7.7,7.5,7.39,7.31,7.25,7.19,7.17,7.12,7.06,7.07,2022
2022-05-16,8.22,7.95,7.66,7.46,7.35,7.26,7.2,7.15,7.12,7.06,7.01,7.0,2022
2022-05-17,8.2,7.94,7.66,7.45,7.32,7.22,7.16,7.11,7.07,7.01,6.97,6.97,2022
2022-05-18,8.18,7.91,7.63,7.41,7.28,7.18,7.12,7.07,7.04,6.99,6.95,6.93,2022
2022-05-19,8.18,7.87,7.57,7.35,7.21,7.11,7.04,6.98,6.94,6.88,6.86,6.86,2022
2022-05-20,8.09,7.77,7.44,7.19,7.05,6.95,6.88,6.82,6.78,6.73,6.72,6.71,2022
2022-05-23,7.94,7.59,7.23,6.99,6.86,6.75,6.67,6.6,6.57,6.52,6.52,6.55,2022
2022-05-24,8.02,7.68,7.34,7.1,6.96,6.86,6.79,6.72,6.68,6.61,6.54,6.6,2022
2022-05-25,7.96,7.63,7.3,7.05,6.92,6.82,6.74,6.68,6.63,6.57,6.51,6.53,2022
2022-05-26,8.21,7.89,7.55,7.31,7.16,7.07,6.99,6.92,6.86,6.77,6.72,6.73,2022
2022-05-27,8.2,7.87,7.54,7.29,7.15,7.05,6.97,6.91,6.86,6.79,6.75,6.73,2022
2022-05-30,8.23,7.9,7.56,7.31,7.17,7.08,7.0,6.94,6.9,6.84,6.78,6.77,2022
2022-05-31,8.3,7.98,7.64,7.4,7.26,7.17,7.09,7.03,6.99,6.92,6.86,6.91,2022
2022-06-01,8.39,8.07,7.72,7.49,7.35,7.24,7.16,7.1,7.05,7.0,6.94,6.96,2022
2022-06-02,8.38,8.05,7.7,7.47,7.32,7.22,7.14,7.08,7.04,6.99,6.95,6.95,2022
2022-06-03,8.38,8.06,7.71,7.47,7.33,7.23,7.15,7.09,7.04,6.99,6.94,6.96,2022
2022-06-07,8.4,8.08,7.73,7.49,7.34,7.25,7.17,7.12,7.07,7.02,6.97,6.99,2022
2022-06-08,8.5,8.2,7.86,7.62,7.46,7.36,7.29,7.23,7.18,7.13,7.08,7.08,2022
2022-06-09,8.66,8.36,8.03,7.79,7.63,7.53,7.46,7.4,7.36,7.3,7.25,7.26,2022
2022-06-10,8.83,8.55,8.21,7.95,7.79,7.68,7.6,7.53,7.47,7.42,7.36,7.36,2022
2022-06-13,9.19,8.91,8.57,8.32,8.15,8.04,7.96,7.89,7.83,7.77,7.71,7.71,2022
2022-06-14,9.52,9.28,8.95,8.68,8.51,8.39,8.31,8.24,8.19,8.14,8.1,8.14,2022
2022-06-15,9.57,9.34,8.99,8.7,8.53,8.4,8.31,8.24,8.19,8.13,8.08,8.08,2022
2022-06-16,9.52,9.27,8.89,8.59,8.41,8.28,8.19,8.11,8.05,8.0,7.99,7.98,2022
2022-06-17,9.88,9.59,9.18,8.86,8.67,8.53,8.42,8.35,8.3,8.24,8.21,8.21,2022
2022-06-20,9.86,9.57,9.16,8.85,8.65,8.52,8.41,8.34,8.29,8.24,8.21,8.21,2022
2022-06-21,9.94,9.67,9.26,8.94,8.73,8.59,8.49,8.42,8.37,8.32,8.28,8.3,2022
2022-06-22,9.76,9.46,9.05,8.73,8.54,8.4,8.31,8.23,8.17,8.12,8.09,8.09,2022
2022-06-23,9.47,9.16,8.73,8.43,8.23,8.1,8.01,7.95,7.92,7.88,7.86,7.83,2022
2022-06-24,9.24,8.85,8.44,8.12,7.93,7.8,7.71,7.65,7.61,7.55,7.53,7.52,2022
2022-06-27,9.51,9.1,8.79,8.5,8.3,8.18,8.08,7.99,7.96,7.91,7.88,7.88,2022
2022-06-28,9.8,9.44,9.03,8.75,8.56,8.44,8.34,8.28,8.23,8.19,8.16,8.16,2022
2022-06-29,9.93,9.48,9.05,8.71,8.47,8.29,8.17,8.13,8.06,7.99,7.98,8.0,2022
2022-06-30,10.1,9.56,9.06,8.67,8.43,8.27,8.15,8.07,7.99,7.93,7.9,7.89,2022
2022-07-01,10.09,9.5,8.98,8.56,8.32,8.15,8.03,7.94,7.87,7.81,7.79,7.79,2022
2022-07-04,10.19,9.57,9.0,8.56,8.31,8.15,8.01,7.92,7.85,7.79,7.76,7.74,2022
2022-07-05,10.36,9.73,9.17,8.74,8.49,8.3,8.16,8.06,7.98,7.91,7.87,7.87,2022
2022-07-06,10.8,10.1,9.46,8.99,8.69,8.47,8.34,8.24,8.18,8.09,8.06,8.06,2022
2022-07-07,11.6,10.82,9.98,9.42,9.04,8.79,8.6,8.46,8.35,8.21,8.24,8.25,2022
2022-07-08,12.0,11.05,10.16,9.48,9.11,8.82,8.62,8.46,8.34,8.25,8.2,8.2,2022
2022-07-11,12.02,11.06,10.11,9.48,9.11,8.81,8.6,8.44,8.34,8.26,8.22,8.21,2022
2022-07-12,12.11,11.17,10.23,9.59,9.23,8.93,8.71,8.54,8.44,8.35,8.32,8.31,2022
2022-07-13,12.52,11.46,10.47,9.75,9.36,9.07,8.86,8.69,8.59,8.49,8.44,8.44,2022
2022-07-14,13.2,12.05,10.96,10.21,9.8,9.47,9.25,9.1,8.97,8.87,8.84,8.84,2022
2022-07-15,13.2,12.02,10.91,10.11,9.68,9.36,9.12,8.94,8.8,8.7,8.66,8.66,2022
2022-07-18,13.17,12.01,10.9,10.1,9.69,9.37,9.13,8.95,8.83,8.72,8.68,8.68,2022
2022-07-19,13.05,11.92,10.84,10.05,9.65,9.33,9.1,8.93,8.8,8.7,8.66,8.64,2022
2022-07-20,12.86,11.76,10.72,9.96,9.54,9.22,8.99,8.82,8.7,8.59,8.55,8.54,2022
2022-07-21,12.73,11.65,10.65,9.96,9.54,9.24,9.0,8.82,8.68,8.57,8.53,8.52,2022
2022-07-22,12.74,11.65,10.59,9.87,9.45,9.14,8.89,8.72,8.58,8.47,8.44,8.44,2022
2022-07-25,12.67,11.58,10.54,9.82,9.39,9.07,8.81,8.62,8.47,8.36,8.33,8.33,2022
2022-07-26,12.35,11.29,10.29,9.6,9.17,8.86,8.61,8.43,8.28,8.17,8.13,8.13,2022
2022-07-27,12.61,11.47,10.43,9.72,9.28,8.95,8.69,8.49,8.34,8.24,8.2,8.18,2022
2022-07-28,12.9,11.77,10.66,9.94,9.44,9.07,8.83,8.64,8.5,8.38,8.35,8.34,2022
2022-07-29,13.25,12.08,10.91,10.07,9.53,9.15,8.86,8.63,8.47,8.34,8.3,8.31,2022
2022-08-01,13.25,12.08,10.89,10.01,9.46,9.06,8.77,8.54,8.36,8.24,8.2,8.19,2022
2022-08-02,13.31,12.11,10.91,10.0,9.46,9.03,8.7,8.47,8.3,8.17,8.13,8.13,2022
2022-08-03,13.11,11.94,10.76,9.87,9.34,8.93,8.61,8.4,8.26,8.14,8.1,8.1,2022
2022-08-04,12.93,11.78,10.69,9.9,9.37,8.97,8.65,8.45,8.32,8.2,8.15,8.15,2022
2022-08-05,12.65,11.56,10.54,9.75,9.26,8.88,8.59,8.39,8.26,8.14,8.11,8.08,2022
2022-08-08,12.55,11.45,10.41,9.65,9.18,8.81,8.53,8.32,8.2,8.08,8.03,8.02,2022
2022-08-09,12.86,11.67,10.56,9.71,9.24,8.87,8.57,8.36,8.22,8.1,8.05,8.04,2022
2022-08-10,12.95,11.75,10.61,9.75,9.27,8.91,8.61,8.4,8.24,8.12,8.07,8.07,2022
2022-08-11,12.9,11.73,10.57,9.72,9.24,8.85,8.56,8.35,8.2,8.09,8.04,8.03,2022
2022-08-12,12.8,11.61,10.43,9.56,9.07,8.69,8.44,8.24,8.09,7.98,7.94,7.91,2022
2022-08-15,12.81,11.6,10.39,9.52,9.04,8.66,8.44,8.23,8.08,7.97,7.91,7.91,2022
2022-08-16,12.89,11.67,10.45,9.59,9.1,8.74,8.5,8.3,8.14,8.02,7.98,7.98,2022
2022-08-17,13.34,12.09,10.81,9.93,9.38,9.0,8.72,8.5,8.33,8.21,8.16,8.17,2022
2022-08-18,13.4,12.23,10.99,10.12,9.58,9.18,8.92,8.7,8.52,8.39,8.35,8.34,2022
2022-08-19,13.82,12.73,11.55,10.71,10.17,9.78,9.5,9.3,9.12,8.99,8.94,8.94,2022
2022-08-22,13.73,12.61,11.47,10.59,10.05,9.65,9.37,9.17,8.99,8.86,8.8,8.81,2022
2022-08-23,14.1,13.03,11.89,11.04,10.5,10.1,9.82,9.61,9.46,9.32,9.28,9.28,2022
2022-08-24,14.2,13.12,11.98,11.15,10.59,10.19,9.9,9.69,9.52,9.4,9.35,9.35,2022
2022-08-25,14.1,12.98,11.79,10.92,10.35,9.92,9.61,9.39,9.23,9.09,9.05,9.06,2022
2022-08-26,14.14,13.02,11.83,10.97,10.39,9.97,9.65,9.41,9.24,9.1,9.06,9.06,2022
2022-08-29,14.26,13.15,11.96,11.09,10.51,10.06,9.73,9.49,9.32,9.17,9.12,9.13,2022
2022-08-30,14.3,13.2,12.03,11.13,10.53,10.09,9.76,9.52,9.33,9.21,9.16,9.16,2022
2022-08-31,14.46,13.32,12.1,11.2,10.59,10.13,9.77,9.52,9.35,9.22,9.17,9.14,2022
2022-09-01,14.52,13.35,12.14,11.23,10.6,10.14,9.78,9.52,9.35,9.24,9.19,9.18,2022
2022-09-02,14.52,13.41,12.23,11.32,10.71,10.26,9.9,9.66,9.46,9.36,9.31,9.29,2022
2022-09-05,14.49,13.39,12.21,11.31,10.71,10.27,9.93,9.69,9.51,9.37,9.33,9.33,2022
2022-09-06,14.66,13.55,12.37,11.46,10.86,10.41,10.06,9.8,9.62,9.49,9.45,9.44,2022
2022-09-07,14.63,13.53,12.34,11.43,10.82,10.38,10.02,9.77,9.59,9.45,9.41,9.4,2022
2022-09-08,14.42,13.39,12.31,11.46,10.89,10.46,10.16,9.94,9.78,9.65,9.61,9.6,2022
2022-09-09,14.25,13.24,12.22,11.42,10.89,10.5,10.23,10.06,9.92,9.82,9.77,9.75,2022
2022-09-12,14.19,13.16,12.16,11.35,10.82,10.43,10.17,9.99,9.85,9.71,9.67,9.68,2022
2022-09-13,13.75,12.74,11.73,10.94,10.4,10.05,9.78,9.6,9.47,9.34,9.29,9.3,2022
2022-09-14,13.95,12.9,11.86,11.03,10.48,10.11,9.83,9.64,9.51,9.39,9.34,9.32,2022
2022-09-15,14.02,12.95,11.86,11.04,10.49,10.14,9.87,9.68,9.56,9.44,9.39,9.39,2022
2022-09-16,13.96,12.88,11.79,10.97,10.42,10.06,9.8,9.61,9.48,9.35,9.3,9.31,2022
2022-09-19,13.83,12.78,11.74,10.92,10.37,10.03,9.77,9.58,9.45,9.32,9.27,9.25,2022
2022-09-20,13.77,12.71,11.7,10.85,10.32,9.98,9.73,9.55,9.42,9.29,9.24,9.23,2022
2022-09-21,13.75,12.73,11.72,10.92,10.4,10.07,9.83,9.66,9.52,9.38,9.33,9.34,2022
2022-09-22,13.82,12.8,11.79,11.0,10.46,10.12,9.88,9.7,9.57,9.44,9.39,9.39,2022
2022-09-23,13.27,12.22,11.24,10.46,9.96,9.62,9.41,9.27,9.17,9.06,9.01,9.0,2022
2022-09-26,13.42,12.42,11.47,10.72,10.24,9.94,9.74,9.58,9.49,9.38,9.34,9.32,2022
2022-09-27,13.5,12.51,11.61,10.89,10.41,10.12,9.93,9.79,9.71,9.62,9.57,9.55,2022
2022-09-28,13.04,12.12,11.39,10.78,10.35,10.09,9.94,9.82,9.76,9.68,9.64,9.61,2022
2022-09-29,13.06,12.16,11.46,10.87,10.44,10.2,10.04,9.93,9.88,9.8,9.74,9.72,2022
2022-09-30,13.19,12.29,11.57,10.95,10.53,10.27,10.11,10.01,9.96,9.86,9.81,9.81,2022
2022-10-03,13.29,12.37,11.62,10.98,10.54,10.27,10.1,9.97,9.91,9.83,9.78,9.74,2022
2022-10-04,13.25,12.25,11.5,10.85,10.41,10.14,9.96,9.83,9.75,9.65,9.61,9.61,2022
2022-10-05,13.34,12.33,11.59,10.95,10.5,10.23,10.04,9.91,9.83,9.74,9.7,9.67,2022
2022-10-06,13.46,12.45,11.71,11.06,10.61,10.31,10.12,9.98,9.92,9.82,9.77,9.75,2022
2022-10-07,13.6,12.55,11.79,11.15,10.68,10.38,10.17,10.03,9.95,9.86,9.81,9.78,2022
2022-10-10,13.7,12.67,11.9,11.25,10.79,10.48,10.26,10.12,10.01,9.92,9.86,9.86,2022
2022-10-11,14.11,13.01,12.18,11.48,11.01,10.67,10.44,10.26,10.15,10.06,10.01,10.0,2022
2022-10-12,14.48,13.42,12.54,11.78,11.31,10.95,10.71,10.53,10.43,10.33,10.27,10.25,2022
2022-10-13,14.78,13.75,12.82,12.03,11.54,11.18,10.92,10.72,10.61,10.52,10.45,10.46,2022
2022-10-14,15.16,14.08,12.94,12.07,11.56,11.21,10.96,10.74,10.63,10.51,10.46,10.45,2022
2022-10-15,15.58,14.24,13.05,12.09,11.46,10.93,10.66,10.44,10.26,10.13,10.06,10.05,2022
2022-10-17,15.78,14.42,13.16,12.14,11.48,10.92,10.64,10.42,10.25,10.1,10.02,10.01,2022
2022-10-18,16.35,14.94,13.71,12.64,11.94,11.42,11.11,10.89,10.72,10.57,10.5,10.48,2022
2022-10-19,16.25,14.91,13.75,12.73,12.05,11.5,11.23,11.01,10.84,10.68,10.61,10.59,2022
2022-10-20,16.4,15.1,13.92,12.95,12.21,11.74,11.44,11.28,11.09,10.91,10.82,10.83,2022
2022-10-21,16.24,14.93,13.79,12.84,12.18,11.67,11.4,11.2,11.05,10.9,10.82,10.79,2022
2022-10-24,16.29,15.03,13.91,12.97,12.36,11.86,11.57,11.35,11.17,11.02,10.97,10.99,2022
2022-10-25,16.28,15.04,13.91,12.98,12.36,11.87,11.57,11.35,11.18,11.02,10.96,10.95,2022
2022-10-26,15.83,14.58,13.45,12.55,11.9,11.39,11.11,10.93,10.75,10.58,10.51,10.49,2022
2022-10-27,15.75,14.51,13.36,12.46,11.82,11.35,11.04,10.82,10.67,10.51,10.45,10.43,2022
2022-10-28,15.52,14.3,13.18,12.3,11.68,11.21,10.92,10.7,10.55,10.36,10.31,10.28,2022
2022-11-02,15.55,14.32,13.22,12.36,11.72,11.24,10.95,10.75,10.64,10.45,10.4,10.38,2022
2022-11-03,15.66,14.54,13.51,12.74,12.14,11.71,11.42,11.23,11.07,10.92,10.83,10.81,2022
2022-11-04,15.46,14.45,13.51,12.77,12.19,11.77,11.5,11.32,11.18,11.0,10.93,10.91,2022
2022-11-07,14.99,14.03,13.22,12.54,11.97,11.55,11.29,11.08,10.95,10.78,10.72,10.71,2022
2022-11-08,14.52,13.63,12.87,12.21,11.66,11.26,11.0,10.83,10.69,10.56,10.5,10.46,2022
2022-11-09,14.35,13.26,12.51,11.85,11.3,10.89,10.65,10.48,10.36,10.21,10.15,10.13,2022
2022-11-10,13.95,12.85,12.11,11.46,10.93,10.54,10.29,10.12,10.0,9.85,9.79,9.77,2022
2022-11-11,12.85,11.62,10.83,10.12,9.63,9.27,9.01,8.83,8.67,8.53,8.47,8.45,2022
2022-11-14,12.8,11.56,10.75,10.05,9.58,9.25,9.03,8.88,8.79,8.64,8.58,8.58,2022
2022-11-15,12.6,11.36,10.53,9.85,9.38,9.03,8.81,8.69,8.6,8.47,8.4,8.36,2022
2022-11-16,12.5,11.26,10.44,9.75,9.28,8.94,8.73,8.59,8.5,8.37,8.31,8.29,2022
2022-11-17,12.8,11.54,10.65,9.96,9.49,9.16,8.94,8.8,8.73,8.6,8.54,8.52,2022
2022-11-18,13.26,11.93,10.95,10.21,9.72,9.37,9.15,9.02,8.94,8.77,8.71,8.69,2022
2022-11-21,12.65,11.35,10.45,9.74,9.3,8.99,8.8,8.68,8.59,8.47,8.41,8.39,2022
2022-11-22,11.9,10.67,9.83,9.2,8.8,8.5,8.33,8.22,8.15,8.05,7.99,7.97,2022
2022-11-23,11.7,10.41,9.53,8.84,8.46,8.19,8.04,7.95,7.9,7.82,7.76,7.73,2022
2022-11-24,12.05,10.7,9.8,9.17,8.75,8.49,8.34,8.26,8.21,8.11,8.06,8.02,2022
2022-11-25,11.83,10.48,9.55,8.86,8.5,8.25,8.12,8.04,8.0,7.89,7.83,7.81,2022
2022-11-28,11.8,10.47,9.55,8.86,8.47,8.22,8.08,7.99,7.95,7.86,7.8,7.76,2022
2022-11-29,11.85,10.52,9.62,8.92,8.53,8.29,8.15,8.06,8.02,7.93,7.88,7.85,2022
2022-11-30,11.86,10.55,9.63,8.94,8.55,8.31,8.18,8.09,8.04,7.97,7.91,7.87,2022
2022-12-01,12.0,10.67,9.76,9.05,8.66,8.42,8.29,8.2,8.15,8.07,8.03,8.01,2022
2022-12-02,12.24,10.88,9.91,9.16,8.74,8.46,8.34,8.22,8.19,8.11,8.06,8.03,2022
2022-12-05,12.25,10.85,9.84,9.05,8.61,8.35,8.21,8.1,8.05,7.98,7.92,7.9,2022
2022-12-06,12.45,11.02,9.99,9.2,8.77,8.5,8.36,8.26,8.2,8.12,8.06,8.06,2022
2022-12-07,12.75,11.32,10.24,9.43,8.96,8.64,8.48,8.35,8.28,8.2,8.15,8.13,2022
2022-12-08,12.99,11.58,10.45,9.62,9.06,8.74,8.54,8.41,8.33,8.26,8.22,8.19,2022
2022-12-09,13.5,12.05,10.91,10.06,9.48,9.13,8.95,8.8,8.71,8.63,8.59,8.56,2022
2022-12-12,13.95,12.57,11.48,10.66,10.05,9.71,9.47,9.32,9.22,9.13,9.08,9.08,2022
2022-12-13,13.81,12.48,11.41,10.65,10.04,9.7,9.47,9.31,9.19,9.11,9.06,9.03,2022
2022-12-14,13.11,11.77,10.71,9.96,9.35,9.0,8.76,8.6,8.47,8.39,8.34,8.34,2022
2022-12-15,13.25,11.94,10.89,10.13,9.52,9.18,8.95,8.77,8.65,8.55,8.5,8.51,2022
2022-12-16,13.45,12.13,11.09,10.35,9.74,9.39,9.15,8.97,8.84,8.73,8.7,8.68,2022
2022-12-19,13.5,12.2,11.13,10.4,9.79,9.45,9.21,9.03,8.89,8.81,8.76,8.73,2022
2022-12-20,13.53,12.24,11.22,10.5,9.87,9.52,9.29,9.11,8.98,8.89,8.84,8.82,2022
2022-12-21,13.73,12.58,11.59,10.89,10.22,9.96,9.71,9.46,9.35,9.25,9.24,9.22,2022
2022-12-22,13.76,12.52,11.54,10.84,10.24,9.89,9.66,9.48,9.34,9.25,9.19,9.17,2022
2022-12-23,13.75,12.5,11.54,10.84,10.24,9.88,9.65,9.47,9.33,9.24,9.19,9.16,2022
2022-12-27,13.75,12.5,11.53,10.83,10.24,9.88,9.65,9.47,9.33,9.24,9.19,9.17,2022
2022-12-28,13.77,12.51,11.54,10.85,10.25,9.9,9.65,9.47,9.33,9.24,9.2,9.18,2022
2022-12-29,13.86,12.66,11.73,11.04,10.44,10.03,9.8,9.65,9.53,9.44,9.39,9.36,2022
2022-12-30,13.9,12.69,11.78,11.1,10.51,10.15,9.9,9.73,9.6,9.5,9.43,9.44,2022
2023-01-02,13.9,12.69,11.77,11.09,10.51,10.14,9.89,9.73,9.6,9.5,9.45,9.43,2023
2023-01-03,13.78,12.58,11.65,10.96,10.4,10.02,9.78,9.63,9.49,9.39,9.35,9.33,2023
2023-01-04,13.4,12.19,11.27,10.6,10.11,9.74,9.51,9.34,9.23,9.12,9.07,9.08,2023
2023-01-05,12.66,11.41,10.52,9.85,9.37,9.05,8.82,8.68,8.62,8.53,8.5,8.47,2023
2023-01-06,12.25,10.99,10.04,9.41,8.97,8.7,8.51,8.39,8.34,8.28,8.24,8.23,2023
2023-01-09,11.75,10.45,9.48,8.85,8.41,8.13,7.95,7.86,7.8,7.75,7.7,7.65,2023
2023-01-10,12.1,10.72,9.8,9.12,8.69,8.41,8.23,8.11,8.04,7.97,7.91,7.91,2023
2023-01-11,12.05,10.62,9.69,9.0,8.55,8.26,8.08,7.96,7.89,7.84,7.81,7.79,2023
2023-01-12,11.93,10.52,9.58,8.89,8.42,8.15,7.98,7.86,7.77,7.72,7.66,7.64,2023
2023-01-13,11.65,10.22,9.32,8.65,8.23,7.96,7.8,7.7,7.64,7.59,7.52,7.5,2023
2023-01-16,11.48,10.01,9.13,8.5,8.08,7.82,7.67,7.6,7.55,7.51,7.45,7.44,2023
2023-01-17,11.64,10.19,9.33,8.71,8.29,8.03,7.9,7.8,7.75,7.71,7.65,7.63,2023
2023-01-18,11.32,9.87,9.01,8.41,8.0,7.75,7.62,7.55,7.5,7.46,7.4,7.38,2023
2023-01-19,11.21,9.72,8.83,8.2,7.78,7.55,7.44,7.37,7.34,7.29,7.24,7.2,2023
2023-01-20,11.27,9.77,8.88,8.26,7.84,7.62,7.5,7.43,7.4,7.36,7.31,7.29,2023
2023-01-23,11.6,10.01,9.2,8.6,8.19,7.96,7.84,7.78,7.74,7.7,7.65,7.62,2023
2023-01-24,11.41,9.83,9.03,8.5,8.1,7.91,7.81,7.77,7.74,7.7,7.65,7.62,2023
2023-01-25,11.65,9.97,9.07,8.45,7.99,7.78,7.68,7.62,7.6,7.56,7.5,7.48,2023
2023-01-26,11.6,9.9,9.1,8.55,8.11,7.91,7.8,7.74,7.71,7.67,7.62,7.59,2023
2023-01-27,11.67,9.98,9.19,8.65,8.2,8.0,7.89,7.83,7.8,7.75,7.71,7.7,2023
2023-01-30,11.89,10.22,9.45,8.91,8.47,8.27,8.16,8.11,8.08,8.03,7.99,7.95,2023
2023-01-31,11.85,10.19,9.39,8.89,8.47,8.26,8.15,8.08,8.05,8.01,7.96,7.94,2023
2023-02-01,11.85,10.19,9.37,8.87,8.46,8.21,8.09,8.03,7.98,7.94,7.89,7.88,2023
2023-02-02,11.74,10.07,9.24,8.73,8.34,8.08,7.95,7.87,7.83,7.79,7.73,7.71,2023
2023-02-03,11.65,10.0,9.16,8.66,8.29,8.04,7.9,7.83,7.79,7.75,7.7,7.67,2023
2023-02-06,11.75,10.11,9.28,8.8,8.42,8.17,8.05,7.98,7.94,7.9,7.82,7.79,2023
2023-02-07,11.8,10.18,9.36,8.9,8.55,8.3,8.19,8.13,8.1,8.07,8.0,7.97,2023
2023-02-08,11.73,10.11,9.29,8.83,8.47,8.21,8.09,8.02,7.97,7.94,7.88,7.86,2023
2023-02-09,11.65,10.0,9.1,8.6,8.19,7.95,7.82,7.74,7.7,7.66,7.61,7.62,2023
2023-02-10,12.15,10.48,9.52,8.93,8.51,8.24,8.09,7.99,7.94,7.88,7.84,7.83,2023
2023-02-13,12.44,10.78,9.8,9.18,8.73,8.45,8.27,8.15,8.09,8.04,7.99,7.99,2023
2023-02-14,12.33,10.63,9.64,9.0,8.56,8.28,8.09,7.97,7.9,7.84,7.79,7.78,2023
2023-02-15,12.43,10.81,9.87,9.27,8.8,8.54,8.36,8.24,8.16,8.1,8.03,8.02,2023
2023-02-16,12.55,10.92,9.99,9.4,8.93,8.66,8.48,8.37,8.3,8.23,8.17,8.16,2023
2023-02-17,13.11,11.57,10.65,9.93,9.45,9.14,8.94,8.82,8.75,8.68,8.62,8.64,2023
2023-02-20,13.15,11.61,10.65,9.98,9.47,9.17,8.96,8.82,8.74,8.65,8.61,8.59,2023
2023-02-21,13.22,11.68,10.72,10.08,9.58,9.28,9.08,8.94,8.87,8.78,8.74,8.73,2023
2023-02-22,13.01,11.44,10.49,9.86,9.38,9.09,8.9,8.77,8.7,8.64,8.59,8.57,2023
2023-02-23,12.69,11.06,10.1,9.45,9.0,8.73,8.59,8.48,8.42,8.35,8.32,8.3,2023
2023-02-24,12.65,10.99,10.02,9.35,8.93,8.64,8.48,8.38,8.32,8.26,8.22,8.21,2023
2023-02-27,12.45,10.79,9.87,9.21,8.78,8.49,8.33,8.23,8.17,8.1,8.07,8.06,2023
2023-02-28,12.35,10.72,9.84,9.21,8.76,8.5,8.35,8.26,8.19,8.12,8.08,8.07,2023
2023-03-01,12.4,10.79,9.91,9.31,8.87,8.61,8.45,8.36,8.29,8.23,8.18,8.18,2023
2023-03-02,12.25,10.76,10.0,9.48,9.09,8.85,8.7,8.6,8.54,8.48,8.42,8.41,2023
2023-03-03,12.16,10.69,9.9,9.36,8.99,8.73,8.58,8.5,8.44,8.37,8.33,8.33,2023
2023-03-06,12.12,10.6,9.81,9.25,8.86,8.61,8.43,8.35,8.28,8.22,8.17,8.16,2023
2023-03-07,12.15,10.59,9.78,9.23,8.83,8.56,8.4,8.29,8.23,8.16,8.13,8.11,2023
2023-03-08,12.34,10.74,9.9,9.34,8.94,8.66,8.48,8.37,8.29,8.21,8.18,8.18,2023
2023-03-09,12.5,10.88,10.0,9.4,9.0,8.71,8.53,8.4,8.32,8.25,8.22,8.2,2023
2023-03-10,12.64,10.98,10.06,9.44,9.01,8.7,8.49,8.34,8.28,8.2,8.17,8.12,2023
2023-03-13,12.45,10.86,9.95,9.35,8.93,8.63,8.43,8.29,8.2,8.11,8.07,8.05,2023
2023-03-14,12.5,10.9,10.0,9.4,8.98,8.68,8.48,8.34,8.24,8.16,8.12,8.11,2023
2023-03-16,12.55,10.97,10.07,9.47,9.06,8.76,8.55,8.41,8.33,8.24,8.22,8.2,2023
2023-03-17,12.55,10.97,10.07,9.47,9.06,8.76,8.55,8.41,8.32,8.24,8.2,8.19,2023
2023-03-20,12.59,11.01,10.13,9.52,9.12,8.82,8.62,8.48,8.38,8.3,8.26,8.24,2023
2023-03-21,12.48,10.91,10.07,9.52,9.14,8.87,8.7,8.58,8.48,8.41,8.37,8.35,2023
2023-03-22,12.28,10.74,9.92,9.37,8.99,8.73,8.56,8.43,8.37,8.29,8.24,8.24,2023
2023-03-23,12.01,10.48,9.63,9.09,8.71,8.44,8.26,8.13,8.05,7.97,7.93,7.91,2023
2023-03-24,12.05,10.52,9.66,9.1,8.71,8.44,8.27,8.14,8.07,7.99,7.93,7.92,2023
2023-03-27,12.05,10.5,9.64,9.06,8.66,8.39,8.21,8.07,7.99,7.91,7.87,7.85,2023
2023-03-28,12.05,10.51,9.64,9.06,8.66,8.39,8.21,8.08,7.99,7.91,7.87,7.86,2023
2023-03-29,12.3,10.73,9.79,9.2,8.77,8.5,8.3,8.15,8.05,7.98,7.95,7.93,2023
2023-03-30,12.35,10.76,9.85,9.25,8.84,8.57,8.38,8.24,8.14,8.05,8.01,8.0,2023
2023-03-31,12.5,10.88,9.96,9.34,8.93,8.66,8.46,8.32,8.21,8.13,8.09,8.08,2023
2023-04-03,12.75,11.11,10.17,9.56,9.15,8.88,8.69,8.55,8.44,8.33,8.28,8.28,2023
2023-04-04,12.77,11.14,10.24,9.65,9.24,8.96,8.77,8.62,8.51,8.41,8.36,8.36,2023
2023-04-05,12.51,10.86,9.97,9.4,9.01,8.7,8.49,8.37,8.25,8.14,8.11,8.12,2023
2023-04-06,12.5,10.86,10.0,9.44,9.02,8.74,8.53,8.37,8.26,8.16,8.12,8.11,2023
2023-04-11,12.51,10.91,10.05,9.51,9.09,8.79,8.57,8.4,8.29,8.17,8.12,8.14,2023
2023-04-12,12.72,11.12,10.25,9.7,9.29,8.99,8.77,8.6,8.47,8.35,8.3,8.31,2023
2023-04-13,12.99,11.4,10.51,9.95,9.5,9.16,8.91,8.71,8.57,8.43,8.38,8.36,2023
2023-04-14,12.88,11.23,10.27,9.7,9.27,8.93,8.69,8.5,8.37,8.24,8.17,8.16,2023
2023-04-17,12.92,11.27,10.32,9.75,9.32,8.98,8.74,8.55,8.42,8.29,8.23,8.22,2023
2023-04-18,13.0,11.35,10.39,9.82,9.39,9.06,8.81,8.62,8.49,8.36,8.31,8.3,2023
2023-04-19,12.65,11.05,10.13,9.61,9.21,8.88,8.65,8.47,8.36,8.23,8.17,8.18,2023
2023-04-20,12.41,10.78,9.86,9.35,8.98,8.69,8.46,8.31,8.2,8.07,8.01,8.01,2023
2023-04-21,12.11,10.46,9.55,9.02,8.67,8.39,8.18,8.03,7.93,7.8,7.75,7.74,2023
2023-04-24,12.0,10.35,9.42,8.9,8.55,8.3,8.1,7.97,7.89,7.76,7.71,7.71,2023
2023-04-25,12.0,10.32,9.38,8.83,8.51,8.26,8.09,7.95,7.88,7.8,7.76,7.73,2023
2023-04-26,11.92,10.24,9.31,8.77,8.45,8.21,8.03,7.91,7.85,7.77,7.71,7.71,2023
2023-04-27,11.91,10.24,9.3,8.77,8.47,8.23,8.06,7.95,7.89,7.82,7.76,7.74,2023
2023-04-28,11.77,10.09,9.17,8.65,8.35,8.14,7.97,7.86,7.79,7.72,7.66,7.65,2023
2023-05-02,11.75,10.1,9.18,8.64,8.33,8.11,7.95,7.85,7.77,7.7,7.63,7.62,2023
2023-05-03,11.75,10.07,9.11,8.55,8.25,8.03,7.87,7.77,7.72,7.67,7.61,7.61,2023
2023-05-04,11.86,10.16,9.19,8.62,8.29,8.06,7.91,7.81,7.76,7.71,7.65,7.65,2023
2023-05-05,11.79,10.14,9.19,8.62,8.3,8.07,7.92,7.82,7.76,7.72,7.64,7.62,2023
2023-05-08,11.91,10.26,9.32,8.75,8.42,8.2,8.05,7.95,7.9,7.85,7.78,7.77,2023
2023-05-09,11.9,10.26,9.32,8.75,8.42,8.2,8.04,7.94,7.89,7.84,7.76,7.76,2023
2023-05-10,11.91,10.31,9.34,8.75,8.43,8.2,8.05,7.95,7.9,7.84,7.78,7.75,2023
2023-05-11,11.86,10.27,9.29,8.7,8.36,8.12,7.97,7.87,7.81,7.75,7.68,7.68,2023
2023-05-12,11.87,10.27,9.3,8.72,8.38,8.14,7.99,7.89,7.83,7.77,7.7,7.71,2023
2023-05-15,11.9,10.3,9.33,8.74,8.4,8.17,8.02,7.92,7.85,7.79,7.73,7.74,2023
2023-05-16,11.78,10.18,9.22,8.64,8.3,8.06,7.91,7.8,7.75,7.68,7.61,7.61,2023
2023-05-17,11.8,10.2,9.24,8.66,8.32,8.09,7.93,7.83,7.76,7.7,7.64,7.65,2023
2023-05-18,11.84,10.23,9.26,8.69,8.35,8.11,7.96,7.85,7.78,7.72,7.65,7.65,2023
2023-05-19,11.88,10.27,9.31,8.73,8.39,8.11,7.94,7.84,7.78,7.71,7.64,7.65,2023
2023-05-22,11.95,10.33,9.35,8.75,8.4,8.15,7.98,7.87,7.79,7.73,7.66,7.65,2023
2023-05-23,12.12,10.56,9.64,9.09,8.74,8.49,8.32,8.21,8.13,8.06,7.99,7.98,2023
2023-05-24,11.95,10.45,9.59,9.09,8.74,8.49,8.32,8.21,8.14,8.07,8.01,8.0,2023
2023-05-25,11.9,10.43,9.6,9.13,8.78,8.53,8.37,8.26,8.18,8.12,8.05,8.05,2023
2023-05-26,11.93,10.42,9.57,9.08,8.74,8.5,8.35,8.24,8.17,8.1,8.04,8.02,2023
2023-05-30,11.87,10.37,9.52,9.01,8.67,8.44,8.28,8.17,8.1,8.03,7.95,7.95,2023
2023-05-31,11.81,10.29,9.41,8.89,8.56,8.33,8.17,8.06,7.99,7.92,7.85,7.85,2023
2023-06-01,11.76,10.25,9.37,8.85,8.53,8.31,8.15,8.05,7.99,7.92,7.85,7.84,2023
2023-06-02,11.64,10.1,9.2,8.67,8.35,8.14,7.99,7.9,7.85,7.78,7.71,7.71,2023
2023-06-05,11.68,10.14,9.23,8.7,8.38,8.17,8.02,7.92,7.87,7.81,7.74,7.73,2023
2023-06-06,11.56,10.0,9.1,8.55,8.22,8.0,7.86,7.76,7.72,7.66,7.59,7.6,2023
2023-06-07,11.66,10.11,9.18,8.62,8.28,8.05,7.9,7.8,7.75,7.68,7.62,7.62,2023
2023-06-08,11.41,9.89,9.01,8.48,8.16,7.93,7.79,7.69,7.64,7.58,7.51,7.51,2023
2023-06-09,11.36,9.83,8.94,8.42,8.09,7.86,7.72,7.62,7.57,7.52,7.45,7.43,2023
2023-06-12,11.16,9.64,8.77,8.27,7.95,7.73,7.6,7.51,7.46,7.41,7.34,7.31,2023
2023-06-13,11.01,9.52,8.65,8.15,7.82,7.62,7.49,7.4,7.36,7.29,7.24,7.23,2023
2023-06-14,11.04,9.54,8.67,8.16,7.85,7.64,7.52,7.44,7.4,7.35,7.29,7.28,2023
2023-06-15,11.07,9.55,8.7,8.19,7.87,7.66,7.55,7.46,7.42,7.36,7.3,7.28,2023
2023-06-16,11.08,9.6,8.76,8.26,7.97,7.78,7.67,7.59,7.54,7.49,7.41,7.39,2023
2023-06-19,11.16,9.69,8.85,8.37,8.08,7.89,7.78,7.72,7.67,7.62,7.55,7.54,2023
2023-06-20,11.15,9.69,8.85,8.37,8.08,7.89,7.78,7.72,7.68,7.62,7.56,7.55,2023
2023-06-21,10.99,9.53,8.7,8.22,7.93,7.73,7.61,7.53,7.49,7.44,7.38,7.38,2023
2023-06-22,10.95,9.51,8.7,8.21,7.9,7.7,7.57,7.49,7.44,7.38,7.31,7.3,2023
2023-06-23,10.85,9.43,8.59,8.09,7.79,7.6,7.48,7.39,7.34,7.29,7.22,7.24,2023
2023-06-26,10.76,9.32,8.47,7.97,7.67,7.48,7.35,7.29,7.24,7.18,7.12,7.15,2023
2023-06-27,10.5,9.12,8.35,7.9,7.61,7.43,7.31,7.23,7.18,7.13,7.06,7.04,2023
2023-06-28,10.39,9.02,8.25,7.8,7.52,7.34,7.22,7.14,7.09,7.04,6.98,6.91,2023
2023-06-29,10.32,8.93,8.13,7.66,7.38,7.21,7.09,7.02,6.98,6.91,6.84,6.83,2023
2023-06-30,10.39,8.99,8.17,7.68,7.4,7.24,7.13,7.06,7.02,6.97,6.9,6.88,2023
2023-07-03,10.38,8.99,8.16,7.66,7.38,7.22,7.11,7.04,7.0,6.95,6.88,6.87,2023
2023-07-04,10.35,8.94,8.12,7.62,7.34,7.18,7.07,7.0,6.96,6.9,6.84,6.83,2023
2023-07-05,10.22,8.79,7.95,7.42,7.14,6.98,6.85,6.79,6.75,6.69,6.63,6.62,2023
2023-07-06,10.49,9.02,8.14,7.6,7.3,7.11,6.99,6.91,6.87,6.82,6.75,6.75,2023
2023-07-07,10.68,9.25,8.39,7.86,7.56,7.38,7.25,7.16,7.1,7.05,6.99,6.98,2023
2023-07-10,10.67,9.25,8.41,7.91,7.61,7.43,7.3,7.21,7.17,7.11,7.05,7.05,2023
2023-07-11,10.56,9.11,8.27,7.76,7.46,7.27,7.14,7.06,7.02,6.96,6.9,6.89,2023
2023-07-12,10.56,9.16,8.31,7.81,7.51,7.33,7.2,7.11,7.06,7.0,6.94,6.93,2023
2023-07-13,10.3,8.93,8.11,7.62,7.33,7.15,7.03,6.94,6.9,6.84,6.78,6.77,2023
2023-07-14,10.3,8.9,8.06,7.56,7.26,7.08,6.96,6.87,6.82,6.76,6.71,6.7,2023
2023-07-17,10.22,8.82,7.98,7.49,7.19,7.01,6.89,6.8,6.75,6.69,6.62,6.62,2023
2023-07-18,10.07,8.65,7.8,7.3,7.0,6.82,6.7,6.61,6.56,6.5,6.43,6.43,2023
2023-07-19,10.07,8.68,7.85,7.36,7.08,6.9,6.79,6.7,6.65,6.59,6.53,6.52,2023
2023-07-20,10.21,8.84,8.02,7.56,7.28,7.1,6.99,6.9,6.85,6.79,6.73,6.71,2023
2023-07-21,10.2,8.84,8.02,7.56,7.28,7.1,6.99,6.9,6.85,6.79,6.73,6.72,2023
2023-07-24,10.22,8.86,8.05,7.59,7.31,7.13,7.02,6.93,6.88,6.82,6.76,6.76,2023
2023-07-25,10.07,8.73,7.96,7.51,7.24,7.06,6.95,6.86,6.81,6.75,6.68,6.68,2023
2023-07-26,10.09,8.79,8.06,7.64,7.37,7.2,7.09,7.0,6.93,6.88,6.82,6.81,2023
2023-07-27,10.01,8.7,7.97,7.54,7.27,7.1,6.99,6.91,6.87,6.82,6.75,6.74,2023
2023-07-28,10.0,8.7,8.0,7.6,7.33,7.15,7.04,6.96,6.91,6.86,6.8,6.78,2023
2023-07-31,9.88,8.6,7.9,7.5,7.23,7.07,6.97,6.9,6.86,6.8,6.75,6.74,2023
2023-08-01,10.0,8.75,8.05,7.65,7.39,7.23,7.14,7.07,7.03,6.98,6.92,6.92,2023
2023-08-02,10.14,8.89,8.19,7.79,7.53,7.37,7.28,7.22,7.18,7.13,7.08,7.06,2023
2023-08-03,10.07,8.85,8.17,7.79,7.53,7.37,7.28,7.22,7.17,7.12,7.06,7.04,2023
2023-08-04,10.18,8.95,8.27,7.88,7.63,7.47,7.38,7.32,7.28,7.23,7.16,7.15,2023
2023-08-07,10.11,8.89,8.22,7.82,7.57,7.41,7.32,7.26,7.22,7.18,7.11,7.09,2023
2023-08-08,10.09,8.85,8.19,7.79,7.54,7.38,7.29,7.23,7.19,7.14,7.07,7.07,2023
2023-08-09,10.08,8.85,8.19,7.79,7.54,7.38,7.29,7.23,7.19,7.14,7.07,7.06,2023
2023-08-10,10.04,8.81,8.15,7.75,7.5,7.34,7.25,7.19,7.15,7.11,7.04,7.05,2023
2023-08-11,9.89,8.66,8.0,7.59,7.34,7.18,7.09,7.03,6.99,6.95,6.88,6.88,2023
2023-08-14,9.72,8.54,7.91,7.53,7.31,7.18,7.1,7.05,7.01,6.98,6.9,6.89,2023
2023-08-15,9.8,8.68,8.09,7.75,7.55,7.43,7.37,7.32,7.27,7.23,7.17,7.15,2023
2023-08-16,9.78,8.63,8.03,7.67,7.46,7.35,7.27,7.22,7.18,7.15,7.08,7.08,2023
2023-08-17,9.95,8.86,8.28,7.95,7.75,7.65,7.58,7.53,7.51,7.48,7.42,7.41,2023
2023-08-18,9.84,8.73,8.14,7.79,7.57,7.45,7.36,7.31,7.28,7.25,7.18,7.18,2023
2023-08-21,9.92,8.84,8.26,7.92,7.71,7.59,7.51,7.45,7.42,7.38,7.31,7.31,2023
2023-08-22,10.0,8.94,8.38,8.06,7.85,7.73,7.65,7.59,7.56,7.53,7.46,7.45,2023
2023-08-23,9.8,8.75,8.19,7.85,7.64,7.52,7.44,7.38,7.35,7.32,7.24,7.25,2023
2023-08-24,9.69,8.64,8.08,7.74,7.53,7.41,7.33,7.27,7.25,7.21,7.16,7.13,2023
2023-08-25,9.52,8.47,7.91,7.57,7.37,7.25,7.17,7.11,7.08,7.04,6.98,6.99,2023
2023-08-28,9.46,8.38,7.79,7.43,7.23,7.11,7.03,6.98,6.95,6.92,6.83,6.81,2023
2023-08-29,9.46,8.38,7.79,7.43,7.23,7.11,7.04,6.99,6.96,6.92,6.85,6.86,2023
2023-08-30,9.4,8.32,7.73,7.37,7.18,7.07,7.01,6.97,6.95,6.92,6.84,6.85,2023
2023-08-31,9.13,8.07,7.49,7.16,6.98,6.89,6.84,6.81,6.79,6.77,6.69,6.69,2023
2023-09-01,9.14,8.08,7.49,7.16,6.99,6.9,6.85,6.82,6.81,6.78,6.7,6.71,2023
2023-09-04,9.12,8.06,7.47,7.13,6.96,6.87,6.81,6.78,6.77,6.75,6.68,6.68,2023
2023-09-05,9.09,8.03,7.43,7.1,6.93,6.84,6.78,6.75,6.74,6.72,6.64,6.64,2023
2023-09-06,9.35,8.3,7.71,7.39,7.23,7.15,7.1,7.08,7.07,7.04,6.98,6.96,2023
2023-09-07,9.3,8.25,7.67,7.35,7.19,7.11,7.06,7.04,7.03,7.01,6.94,6.93,2023
2023-09-08,9.26,8.22,7.67,7.36,7.2,7.12,7.07,7.04,7.03,7.01,6.94,6.93,2023
2023-09-11,9.15,8.15,7.59,7.27,7.11,7.02,6.98,6.95,6.94,6.91,6.84,6.83,2023
2023-09-12,9.1,8.09,7.53,7.21,7.05,6.97,6.92,6.9,6.89,6.87,6.8,6.79,2023
2023-09-13,9.1,8.1,7.54,7.22,7.06,6.98,6.93,6.9,6.89,6.87,6.8,6.79,2023
2023-09-14,9.02,8.02,7.46,7.14,6.99,6.92,6.87,6.85,6.85,6.82,6.75,6.74,2023
2023-09-15,8.95,7.97,7.41,7.08,6.94,6.88,6.84,6.83,6.81,6.81,6.73,6.71,2023
2023-09-18,8.84,7.87,7.31,6.99,6.85,6.8,6.77,6.77,6.77,6.76,6.71,6.69,2023
2023-09-19,8.78,7.82,7.3,7.03,6.89,6.84,6.82,6.82,6.82,6.82,6.75,6.74,2023
2023-09-20,8.74,7.82,7.31,7.06,6.92,6.86,6.84,6.84,6.84,6.84,6.77,6.76,2023
2023-09-21,8.75,7.83,7.32,7.07,6.93,6.88,6.87,6.87,6.87,6.87,6.8,6.79,2023
2023-09-22,8.63,7.74,7.27,7.05,6.93,6.89,6.89,6.89,6.89,6.89,6.82,6.81,2023
2023-09-25,8.63,7.74,7.27,7.05,6.93,6.89,6.89,6.89,6.89,6.88,6.82,6.81,2023
2023-09-26,8.82,7.93,7.46,7.24,7.12,7.06,7.06,7.06,7.05,7.04,6.97,6.97,2023
2023-09-27,8.87,8.0,7.53,7.31,7.19,7.13,7.11,7.11,7.11,7.11,7.05,7.02,2023
2023-09-28,9.14,8.3,7.81,7.55,7.43,7.35,7.33,7.33,7.32,7.31,7.26,7.25,2023
2023-09-29,9.1,8.25,7.77,7.52,7.4,7.33,7.3,7.29,7.29,7.28,7.22,7.2,2023
2023-10-02,9.05,8.26,7.81,7.57,7.45,7.38,7.35,7.34,7.34,7.33,7.27,7.26,2023
2023-10-03,8.97,8.25,7.86,7.65,7.53,7.48,7.46,7.45,7.45,7.42,7.37,7.35,2023
2023-10-04,9.11,8.38,8.0,7.78,7.67,7.61,7.6,7.6,7.59,7.59,7.51,7.51,2023
2023-10-05,9.15,8.41,8.0,7.77,7.65,7.59,7.58,7.58,7.58,7.57,7.51,7.49,2023
2023-10-06,9.15,8.42,8.03,7.82,7.7,7.64,7.62,7.62,7.62,7.61,7.54,7.53,2023
2023-10-09,9.19,8.49,8.08,7.86,7.74,7.67,7.64,7.64,7.64,7.62,7.55,7.55,2023
2023-10-10,8.95,8.24,7.85,7.65,7.52,7.45,7.42,7.42,7.42,7.4,7.36,7.33,2023
2023-10-11,8.6,7.91,7.52,7.31,7.2,7.14,7.12,7.11,7.1,7.09,7.03,7.01,2023
2023-10-12,8.6,7.9,7.51,7.3,7.2,7.14,7.12,7.12,7.12,7.11,7.04,7.03,2023
2023-10-13,8.65,7.93,7.52,7.3,7.2,7.16,7.15,7.15,7.16,7.15,7.08,7.07,2023
2023-10-16,8.84,8.09,7.65,7.4,7.3,7.25,7.22,7.22,7.21,7.21,7.12,7.14,2023
2023-10-17,8.86,8.12,7.71,7.48,7.37,7.32,7.29,7.29,7.29,7.28,7.2,7.18,2023
2023-10-18,8.85,8.14,7.73,7.5,7.39,7.34,7.31,7.31,7.31,7.3,7.25,7.23,2023
2023-10-19,8.99,8.3,7.92,7.71,7.6,7.55,7.52,7.52,7.51,7.5,7.44,7.42,2023
2023-10-20,8.98,8.3,7.94,7.75,7.63,7.57,7.54,7.55,7.54,7.51,7.45,7.4,2023
2023-10-24,8.92,8.27,7.91,7.73,7.61,7.55,7.52,7.52,7.52,7.51,7.44,7.44,2023
2023-10-25,8.89,8.26,7.91,7.75,7.65,7.61,7.6,7.6,7.6,7.59,7.52,7.5,2023
2023-10-26,8.77,8.2,7.92,7.79,7.71,7.67,7.66,7.66,7.65,7.65,7.58,7.52,2023
2023-10-27,8.78,8.21,7.93,7.8,7.73,7.71,7.71,7.71,7.72,7.72,7.65,7.59,2023
2023-10-30,8.66,8.09,7.81,7.68,7.61,7.59,7.59,7.59,7.59,7.57,7.52,7.48,2023
2023-10-31,8.58,8.03,7.75,7.62,7.55,7.53,7.53,7.53,7.53,7.51,7.46,7.41,2023
2023-11-02,8.43,7.86,7.56,7.41,7.34,7.32,7.31,7.31,7.31,7.3,7.25,7.18,2023
2023-11-03,8.32,7.74,7.46,7.32,7.25,7.23,7.22,7.22,7.23,7.21,7.16,7.11,2023
2023-11-06,8.21,7.55,7.22,7.05,6.98,6.95,6.96,6.97,6.98,6.97,6.9,6.85,2023
2023-11-07,8.34,7.7,7.42,7.29,7.22,7.2,7.2,7.21,7.21,7.2,7.15,7.09,2023
2023-11-08,8.29,7.65,7.37,7.23,7.16,7.13,7.14,7.15,7.16,7.15,7.09,7.03,2023
2023-11-09,8.41,7.77,7.47,7.31,7.24,7.21,7.22,7.22,7.22,7.21,7.15,7.09,2023
2023-11-10,8.22,7.64,7.36,7.21,7.14,7.12,7.12,7.13,7.14,7.12,7.07,7.01,2023
2023-11-13,8.27,7.67,7.39,7.24,7.17,7.14,7.14,7.15,7.15,7.13,7.09,7.05,2023
2023-11-14,8.32,7.73,7.46,7.32,7.25,7.22,7.22,7.23,7.24,7.23,7.17,7.11,2023
2023-11-15,8.13,7.52,7.24,7.09,7.01,6.99,6.99,7.0,7.0,6.99,6.95,6.87,2023
2023-11-16,8.11,7.49,7.2,7.05,6.98,6.96,6.95,6.96,6.97,6.96,6.91,6.89,2023
2023-11-17,7.82,7.2,6.93,6.78,6.71,6.69,6.69,6.7,6.7,6.7,6.64,6.61,2023
2023-11-20,7.9,7.29,7.02,6.87,6.81,6.79,6.79,6.8,6.8,6.79,6.74,6.71,2023
2023-11-21,7.67,7.02,6.72,6.57,6.5,6.49,6.49,6.5,6.5,6.5,6.44,6.37,2023
2023-11-22,7.8,7.17,6.9,6.77,6.72,6.7,6.71,6.73,6.74,6.74,6.68,6.62,2023
2023-11-23,7.84,7.24,6.95,6.82,6.77,6.75,6.76,6.78,6.8,6.79,6.73,6.69,2023
2023-11-24,8.0,7.4,7.14,7.01,6.97,6.95,6.96,6.97,6.98,6.97,6.93,6.87,2023
2023-11-27,7.96,7.37,7.1,6.99,6.94,6.92,6.93,6.94,6.95,6.96,6.9,6.84,2023
2023-11-28,7.83,7.25,6.99,6.86,6.81,6.79,6.8,6.82,6.83,6.83,6.77,6.7,2023
2023-11-29,7.66,7.06,6.79,6.66,6.61,6.59,6.6,6.62,6.63,6.63,6.57,6.51,2023
2023-11-30,7.58,6.96,6.68,6.56,6.52,6.5,6.51,6.53,6.55,6.54,6.48,6.44,2023
2023-12-01,7.65,7.06,6.81,6.7,6.66,6.65,6.67,6.69,6.71,6.7,6.64,6.58,2023
2023-12-04,7.62,7.02,6.77,6.66,6.62,6.63,6.65,6.66,6.65,6.66,6.61,6.56,2023
2023-12-05,7.3,6.68,6.4,6.28,6.26,6.26,6.27,6.29,6.3,6.29,6.26,6.2,2023
2023-12-06,7.35,6.72,6.43,6.3,6.27,6.26,6.29,6.31,6.34,6.34,6.28,6.22,2023
2023-12-07,7.26,6.62,6.34,6.23,6.2,6.2,6.22,6.25,6.28,6.28,6.21,6.16,2023
2023-12-08,7.24,6.66,6.39,6.28,6.24,6.27,6.3,6.34,6.37,6.36,6.3,6.26,2023
2023-12-11,7.16,6.58,6.31,6.19,6.16,6.18,6.21,6.26,6.32,6.32,6.26,6.2,2023
2023-12-12,6.99,6.38,6.09,5.95,5.92,5.93,5.96,6.01,6.06,6.08,6.04,6.01,2023
2023-12-13,7.04,6.45,6.18,6.07,6.03,6.05,6.09,6.14,6.19,6.22,6.16,6.11,2023
2023-12-14,6.72,6.13,5.86,5.75,5.72,5.74,5.78,5.83,5.88,5.9,5.86,5.82,2023
2023-12-15,6.53,6.0,5.76,5.68,5.68,5.71,5.76,5.82,5.85,5.89,5.84,5.79,2023
2023-12-18,6.61,6.1,5.88,5.79,5.79,5.82,5.87,5.92,5.97,5.99,5.94,5.9,2023
2023-12-19,6.65,6.14,5.91,5.82,5.82,5.85,5.9,5.95,5.99,6.03,5.97,5.94,2023
2023-12-20,6.49,5.99,5.75,5.66,5.65,5.71,5.76,5.82,5.87,5.9,5.84,5.77,2023
2023-12-21,6.37,5.86,5.63,5.53,5.53,5.56,5.61,5.66,5.72,5.76,5.71,5.68,2023
2023-12-22,6.48,5.97,5.74,5.64,5.61,5.65,5.68,5.71,5.74,5.78,5.73,5.7,2023
2023-12-27,6.52,6.02,5.78,5.68,5.66,5.7,5.73,5.76,5.79,5.82,5.77,5.73,2023
2023-12-28,6.53,6.03,5.78,5.68,5.66,5.69,5.73,5.77,5.79,5.8,5.76,5.73,2023
2023-12-29,6.52,6.01,5.78,5.68,5.65,5.67,5.72,5.75,5.79,5.79,5.76,5.71,2023
2024-01-02,6.63,6.14,5.91,5.81,5.78,5.8,5.84,5.88,5.91,5.93,5.9,5.85,2024
2024-01-03,6.63,6.13,5.9,5.8,5.78,5.81,5.86,5.9,5.94,5.96,5.92,5.88,2024
2024-01-04,6.6,6.11,5.87,5.78,5.76,5.79,5.83,5.89,5.91,5.96,5.93,5.91,2024
2024-01-05,6.58,6.13,5.91,5.83,5.82,5.85,5.9,5.95,6.0,6.04,6.02,6.0,2024
2024-01-08,6.47,6.01,5.81,5.73,5.74,5.77,5.82,5.87,5.92,5.97,5.94,5.94,2024
2024-01-09,6.39,5.97,5.79,5.73,5.74,5.78,5.83,5.87,5.92,5.95,5.92,5.96,2024
2024-01-10,6.19,5.79,5.62,5.56,5.59,5.63,5.69,5.74,5.81,5.85,5.82,6.01,2024
2024-01-11,6.14,5.76,5.58,5.52,5.53,5.58,5.64,5.7,5.76,5.81,5.78,5.75,2024
2024-01-12,5.98,5.57,5.38,5.33,5.35,5.4,5.46,5.52,5.58,5.64,5.6,5.58,2024
2024-01-15,6.03,5.61,5.4,5.34,5.35,5.41,5.47,5.53,5.57,5.63,5.59,5.61,2024
2024-01-16,6.08,5.67,5.48,5.41,5.43,5.49,5.55,5.61,5.67,5.72,5.69,5.66,2024
2024-01-17,6.03,5.64,5.45,5.41,5.45,5.53,5.6,5.68,5.76,5.81,5.78,5.76,2024
2024-01-18,6.09,5.7,5.52,5.48,5.5,5.57,5.64,5.71,5.79,5.83,5.8,5.79,2024
2024-01-19,6.06,5.69,5.5,5.45,5.48,5.54,5.61,5.68,5.75,5.78,5.76,5.75,2024
2024-01-22,6.04,5.67,5.51,5.46,5.51,5.56,5.62,5.7,5.76,5.8,5.78,5.76,2024
2024-01-23,6.05,5.72,5.58,5.55,5.59,5.65,5.73,5.81,5.88,5.92,5.89,5.86,2024
2024-01-24,6.03,5.73,5.65,5.63,5.66,5.72,5.78,5.85,5.94,5.98,5.96,5.93,2024
2024-01-25,6.16,5.92,5.84,5.85,5.89,5.94,6.0,6.07,6.14,6.18,6.14,6.11,2024
2024-01-26,6.14,5.89,5.81,5.8,5.83,5.88,5.94,6.0,6.06,6.11,6.07,6.05,2024
2024-01-29,6.23,5.98,5.89,5.89,5.92,5.97,6.03,6.1,6.16,6.21,6.17,6.13,2024
2024-01-30,6.22,5.98,5.91,5.9,5.94,5.98,6.03,6.09,6.15,6.19,6.17,6.15,2024
2024-01-31,6.2,5.94,5.85,5.82,5.86,5.88,5.92,5.96,6.0,6.03,6.01,5.98,2024
2024-02-01,6.12,5.85,5.76,5.73,5.76,5.81,5.85,5.9,5.94,5.97,5.94,5.93,2024
2024-02-02,6.0,5.71,5.6,5.56,5.59,5.62,5.67,5.72,5.77,5.79,5.77,5.75,2024
2024-02-05,6.15,5.88,5.77,5.74,5.76,5.81,5.86,5.91,5.94,5.97,5.94,5.92,2024
2024-02-06,6.23,5.98,5.86,5.84,5.87,5.92,5.97,6.01,6.05,6.08,6.06,6.05,2024
2024-02-07,6.26,6.0,5.89,5.87,5.9,5.95,5.99,6.04,6.08,6.11,6.09,6.07,2024
2024-02-08,6.31,6.06,5.95,5.93,5.95,5.99,6.04,6.08,6.13,6.16,6.15,6.12,2024
2024-02-09,6.1,5.85,5.76,5.74,5.77,5.82,5.87,5.93,5.99,6.02,6.0,5.98,2024
2024-02-12,6.09,5.85,5.75,5.73,5.76,5.81,5.87,5.92,5.98,6.0,5.99,5.97,2024
2024-02-13,6.16,5.91,5.82,5.8,5.83,5.88,5.94,5.99,6.05,6.08,6.06,6.04,2024
2024-02-14,6.21,5.98,5.9,5.89,5.92,5.97,6.03,6.08,6.14,6.17,6.15,6.13,2024
2024-02-15,6.15,5.92,5.84,5.83,5.86,5.91,5.97,6.02,6.09,6.13,6.11,6.1,2024
2024-02-16,6.13,5.91,5.82,5.81,5.84,5.89,5.95,6.0,6.06,6.1,6.08,6.06,2024
2024-02-19,6.14,5.92,5.83,5.82,5.84,5.88,5.93,5.98,6.03,6.07,6.05,6.03,2024
2024-02-20,6.11,5.88,5.8,5.79,5.81,5.85,5.9,5.95,6.01,6.04,6.03,6.0,2024
2024-02-21,6.05,5.83,5.74,5.74,5.76,5.8,5.86,5.91,5.96,6.0,5.98,5.97,2024
2024-02-22,6.0,5.77,5.71,5.71,5.75,5.8,5.86,5.91,5.97,6.0,5.98,5.96,2024
2024-02-23,5.95,5.73,5.66,5.66,5.7,5.75,5.81,5.87,5.93,5.96,5.94,5.93,2024
2024-02-26,5.9,5.68,5.6,5.6,5.63,5.68,5.73,5.79,5.85,5.89,5.87,5.85,2024
2024-02-27,5.93,5.71,5.64,5.63,5.66,5.7,5.76,5.82,5.88,5.91,5.89,5.88,2024
2024-02-28,6.12,5.9,5.83,5.84,5.87,5.92,5.97,6.03,6.08,6.12,6.1,6.09,2024
2024-02-29,6.12,5.94,5.87,5.87,5.91,5.95,5.99,6.04,6.09,6.12,6.1,6.09,2024
2024-03-01,6.18,6.01,5.93,5.93,5.97,6.01,6.06,6.1,6.15,6.19,6.17,6.15,2024
2024-03-04,6.1,5.91,5.83,5.82,5.85,5.89,5.94,5.98,6.03,6.07,6.06,6.04,2024
2024-03-05,6.13,5.94,5.84,5.83,5.86,5.9,5.94,5.99,6.03,6.07,6.04,6.03,2024
2024-03-06,6.11,5.91,5.81,5.79,5.82,5.86,5.91,5.96,6.0,6.04,6.02,6.0,2024
2024-03-07,6.12,5.91,5.81,5.79,5.81,5.86,5.91,5.96,6.0,6.04,6.01,6.0,2024
2024-03-08,6.1,5.86,5.77,5.75,5.78,5.82,5.86,5.91,5.96,6.0,5.98,5.96,2024
2024-03-11,6.05,5.81,5.73,5.71,5.75,5.79,5.84,5.89,5.93,5.97,5.96,5.93,2024
2024-03-12,6.09,5.86,5.77,5.75,5.78,5.83,5.88,5.93,5.98,6.01,5.99,5.97,2024
2024-03-13,6.17,5.92,5.83,5.81,5.85,5.89,5.94,5.99,6.04,6.06,6.05,6.04,2024
2024-03-14,6.35,6.05,5.89,5.82,5.83,5.86,5.9,5.95,5.98,6.0,5.99,5.97,2024
2024-03-18,6.53,6.24,6.08,6.01,6.0,6.02,6.07,6.11,6.15,6.17,6.15,6.13,2024
2024-03-19,6.78,6.54,6.4,6.32,6.3,6.31,6.34,6.38,6.43,6.45,6.44,6.42,2024
2024-03-20,6.47,6.25,6.14,6.09,6.08,6.09,6.13,6.15,6.19,6.21,6.18,6.16,2024
2024-03-21,6.5,6.28,6.17,6.11,6.09,6.12,6.16,6.2,6.24,6.26,6.24,6.23,2024
2024-03-22,6.59,6.37,6.26,6.21,6.21,6.24,6.28,6.32,6.36,6.38,6.37,6.36,2024
2024-03-25,6.58,6.36,6.25,6.21,6.21,6.24,6.27,6.3,6.34,6.37,6.35,6.34,2024
2024-03-26,6.63,6.42,6.33,6.28,6.28,6.31,6.34,6.38,6.42,6.44,6.42,6.41,2024
2024-03-27,6.66,6.46,6.37,6.33,6.33,6.35,6.38,6.42,6.46,6.48,6.46,6.45,2024
2024-03-28,6.73,6.53,6.44,6.41,6.4,6.43,6.46,6.49,6.52,6.55,6.54,6.52,2024
2024-04-02,6.75,6.57,6.48,6.44,6.44,6.46,6.49,6.53,6.56,6.59,6.57,6.56,2024
2024-04-03,6.75,6.6,6.53,6.5,6.5,6.52,6.55,6.58,6.62,6.65,6.62,6.61,2024
2024-04-04,6.72,6.58,6.52,6.51,6.51,6.52,6.56,6.6,6.64,6.67,6.64,6.63,2024
2024-04-05,6.64,6.5,6.45,6.44,6.44,6.46,6.49,6.53,6.55,6.58,6.56,6.54,2024
2024-04-08,6.62,6.48,6.42,6.43,6.44,6.45,6.49,6.53,6.57,6.6,6.58,6.56,2024
2024-04-09,6.6,6.48,6.46,6.47,6.49,6.53,6.56,6.61,6.65,6.69,6.67,6.65,2024
2024-04-10,6.57,6.44,6.41,6.42,6.44,6.47,6.51,6.55,6.6,6.65,6.61,6.59,2024
2024-04-11,6.78,6.66,6.65,6.66,6.68,6.71,6.75,6.8,6.83,6.87,6.84,6.83,2024
2024-04-12,6.86,6.74,6.7,6.7,6.7,6.72,6.75,6.8,6.85,6.89,6.86,6.84,2024
2024-04-15,6.87,6.78,6.74,6.71,6.72,6.74,6.76,6.79,6.83,6.87,6.84,6.82,2024
2024-04-16,7.09,7.01,6.97,6.95,6.95,6.97,7.0,7.03,7.06,7.1,7.07,7.06,2024
2024-04-17,7.18,7.1,7.06,7.04,7.04,7.05,7.07,7.1,7.15,7.19,7.17,7.16,2024
2024-04-18,7.15,7.08,7.04,7.02,7.01,7.02,7.05,7.08,7.12,7.15,7.13,7.11,2024
2024-04-19,7.11,7.04,7.0,6.98,6.97,6.99,7.01,7.04,7.08,7.13,7.09,7.08,2024
2024-04-22,7.11,7.04,7.01,6.99,6.98,6.99,7.01,7.04,7.07,7.12,7.09,7.08,2024
2024-04-23,7.07,7.0,6.96,6.95,6.94,6.94,6.96,6.99,7.02,7.07,7.04,7.03,2024
2024-04-24,6.92,6.85,6.82,6.81,6.8,6.81,6.82,6.85,6.87,6.92,6.89,6.88,2024
2024-04-25,6.95,6.88,6.86,6.86,6.86,6.87,6.88,6.91,6.94,6.97,6.95,6.93,2024
2024-04-26,7.02,6.95,6.93,6.93,6.93,6.94,6.95,6.99,7.02,7.06,7.06,7.09,2024
2024-04-29,7.03,6.97,6.95,6.95,6.95,6.96,6.97,7.0,7.03,7.06,7.06,7.09,2024
2024-04-30,6.99,6.93,6.92,6.93,6.94,6.95,6.96,6.99,7.01,7.07,7.05,7.07,2024
2024-05-02,6.96,6.9,6.9,6.9,6.91,6.92,6.95,6.97,7.0,7.05,7.03,7.05,2024
2024-05-03,6.79,6.74,6.73,6.74,6.75,6.78,6.79,6.82,6.87,6.9,6.9,6.89,2024
2024-05-06,6.66,6.58,6.57,6.57,6.58,6.6,6.63,6.66,6.69,6.75,6.73,6.73,2024
2024-05-07,6.52,6.41,6.39,6.38,6.39,6.41,6.44,6.48,6.52,6.56,6.54,6.58,2024
2024-05-08,6.43,6.28,6.25,6.24,6.26,6.29,6.33,6.36,6.4,6.44,6.42,6.43,2024
2024-05-09,6.51,6.37,6.33,6.35,6.36,6.38,6.41,6.44,6.46,6.52,6.5,6.51,2024
2024-05-10,6.57,6.45,6.43,6.43,6.44,6.47,6.5,6.53,6.58,6.63,6.6,6.63,2024
2024-05-13,6.55,6.44,6.42,6.42,6.43,6.46,6.49,6.53,6.57,6.62,6.59,6.59,2024
2024-05-14,6.56,6.44,6.42,6.42,6.43,6.45,6.48,6.52,6.56,6.6,6.59,6.59,2024
2024-05-15,6.55,6.42,6.39,6.39,6.4,6.42,6.45,6.49,6.54,6.58,6.56,6.57,2024
2024-05-16,6.44,6.3,6.26,6.25,6.26,6.28,6.31,6.35,6.4,6.42,6.42,6.43,2024
2024-05-17,6.44,6.31,6.27,6.27,6.28,6.3,6.33,6.38,6.42,6.47,6.44,6.44,2024
2024-05-21,6.5,6.37,6.33,6.34,6.36,6.4,6.44,6.48,6.51,6.53,6.52,6.53,2024
2024-05-22,6.5,6.37,6.34,6.34,6.37,6.41,6.45,6.49,6.52,6.55,6.55,6.57,2024
2024-05-23,6.59,6.48,6.43,6.43,6.46,6.5,6.54,6.58,6.63,6.66,6.63,6.64,2024
2024-05-24,6.66,6.55,6.52,6.53,6.56,6.59,6.63,6.67,6.72,6.75,6.73,6.76,2024
2024-05-27,6.74,6.65,6.64,6.66,6.69,6.72,6.76,6.8,6.85,6.89,6.86,6.87,2024
2024-05-28,6.74,6.65,6.64,6.66,6.69,6.72,6.76,6.8,6.85,6.89,6.86,6.87,2024
2024-05-29,6.69,6.6,6.59,6.61,6.64,6.67,6.71,6.75,6.8,6.84,6.81,6.82,2024
2024-05-30,6.66,6.6,6.6,6.62,6.64,6.68,6.72,6.76,6.81,6.85,6.82,6.82,2024
2024-05-31,6.62,6.56,6.55,6.57,6.59,6.63,6.66,6.7,6.75,6.79,6.76,6.77,2024
2024-06-03,6.56,6.49,6.48,6.49,6.51,6.54,6.58,6.62,6.67,6.72,6.68,6.7,2024
2024-06-04,6.53,6.45,6.43,6.43,6.45,6.48,6.52,6.56,6.6,6.64,6.61,6.64,2024
2024-06-05,6.51,6.43,6.41,6.41,6.43,6.46,6.5,6.54,6.58,6.63,6.6,6.61,2024
2024-06-06,6.44,6.36,6.34,6.34,6.37,6.4,6.44,6.48,6.52,6.57,6.53,6.55,2024
2024-06-07,6.35,6.25,6.23,6.24,6.27,6.3,6.34,6.38,6.42,6.47,6.43,6.4,2024
2024-06-10,6.35,6.25,6.25,6.27,6.3,6.34,6.38,6.42,6.46,6.49,6.48,6.49,2024
2024-06-11,6.43,6.34,6.35,6.37,6.4,6.44,6.48,6.53,6.58,6.6,6.58,6.62,2024
2024-06-12,6.43,6.34,6.34,6.37,6.4,6.44,6.49,6.54,6.59,6.65,6.63,6.69,2024
2024-06-13,6.34,6.25,6.24,6.27,6.31,6.35,6.39,6.44,6.49,6.55,6.53,6.55,2024
2024-06-14,6.42,6.33,6.31,6.35,6.38,6.42,6.47,6.52,6.56,6.63,6.6,6.67,2024
2024-06-17,6.47,6.37,6.35,6.37,6.41,6.45,6.49,6.53,6.58,6.63,6.62,6.71,2024
2024-06-18,6.47,6.37,6.35,6.37,6.41,6.45,6.49,6.53,6.57,6.63,6.62,6.73,2024
2024-06-19,6.45,6.34,6.31,6.32,6.35,6.4,6.44,6.49,6.51,6.58,6.64,6.57,2024
2024-06-20,6.45,6.34,6.31,6.32,6.33,6.37,6.42,6.46,6.5,6.55,6.55,6.55,2024
2024-06-21,6.5,6.39,6.35,6.35,6.38,6.42,6.44,6.48,6.54,6.59,6.57,6.62,2024
2024-06-24,6.53,6.42,6.38,6.37,6.39,6.42,6.45,6.49,6.53,6.59,6.57,6.61,2024
2024-06-25,6.51,6.41,6.38,6.37,6.39,6.42,6.46,6.5,6.54,6.6,6.57,6.6,2024
2024-06-26,6.48,6.38,6.35,6.34,6.36,6.39,6.43,6.47,6.51,6.57,6.55,6.65,2024
2024-06-27,6.45,6.36,6.33,6.33,6.35,6.38,6.42,6.47,6.51,6.56,6.55,6.65,2024
2024-06-28,6.4,6.32,6.3,6.31,6.33,6.37,6.42,6.46,6.51,6.57,6.54,6.59,2024
2024-07-01,6.37,6.29,6.27,6.29,6.33,6.38,6.42,6.47,6.52,6.59,6.57,6.58,2024
2024-07-02,6.41,6.33,6.33,6.36,6.4,6.45,6.5,6.55,6.6,6.66,6.63,6.64,2024
2024-07-03,6.41,6.34,6.35,6.38,6.42,6.47,6.52,6.58,6.63,6.69,6.66,6.69,2024
2024-07-04,6.4,6.32,6.33,6.36,6.4,6.45,6.51,6.56,6.61,6.67,6.65,6.66,2024
2024-07-05,6.43,6.35,6.36,6.39,6.43,6.48,6.53,6.59,6.64,6.71,6.67,6.76,2024
2024-07-08,6.4,6.32,6.33,6.36,6.4,6.45,6.5,6.56,6.61,6.66,6.66,6.75,2024
2024-07-09,6.28,6.2,6.21,6.24,6.28,6.34,6.39,6.45,6.49,6.56,6.57,6.61,2024
2024-07-10,6.22,6.12,6.12,6.17,6.22,6.27,6.33,6.39,6.45,6.51,6.5,6.53,2024
2024-07-11,6.18,6.08,6.09,6.13,6.18,6.24,6.3,6.35,6.4,6.46,6.45,6.46,2024
2024-07-12,6.1,5.98,5.95,5.97,6.02,6.06,6.12,6.17,6.23,6.3,6.28,6.3,2024
2024-07-15,6.1,5.96,5.93,5.94,5.98,6.03,6.09,6.14,6.19,6.25,6.24,6.25,2024
2024-07-16,5.98,5.8,5.76,5.75,5.79,5.84,5.89,5.94,5.99,6.04,6.04,6.04,2024
2024-07-17,5.98,5.81,5.79,5.78,5.82,5.87,5.92,5.97,6.02,6.08,6.06,6.07,2024
2024-07-18,6.02,5.87,5.84,5.85,5.89,5.94,5.99,6.05,6.1,6.16,6.13,6.14,2024
2024-07-19,6.0,5.85,5.83,5.84,5.88,5.93,5.99,6.04,6.1,6.16,6.14,6.15,2024
2024-07-22,6.0,5.84,5.84,5.85,5.89,5.94,5.99,6.05,6.1,6.16,6.14,6.15,2024
2024-07-23,5.93,5.76,5.75,5.77,5.82,5.87,5.93,5.99,6.05,6.12,6.11,6.13,2024
2024-07-24,5.98,5.81,5.8,5.81,5.86,5.91,5.97,6.03,6.09,6.16,6.14,6.15,2024
2024-07-25,5.94,5.79,5.77,5.78,5.82,5.87,5.93,5.99,6.05,6.12,6.1,6.11,2024
2024-07-26,5.95,5.81,5.79,5.81,5.85,5.9,5.96,6.02,6.08,6.15,6.13,6.14,2024
2024-07-29,5.95,5.81,5.79,5.81,5.85,5.9,5.96,6.02,6.08,6.14,6.13,6.16,2024
2024-07-30,5.74,5.62,5.6,5.62,5.66,5.72,5.78,5.84,5.89,5.96,5.96,6.04,2024
2024-07-31,5.67,5.54,5.53,5.55,5.6,5.65,5.71,5.78,5.83,5.89,5.87,5.89,2024
2024-08-01,5.65,5.53,5.53,5.55,5.6,5.66,5.72,5.78,5.84,5.9,5.88,5.9,2024
2024-08-02,5.54,5.4,5.41,5.44,5.5,5.55,5.62,5.67,5.73,5.79,5.78,5.87,2024
2024-08-03,5.53,5.38,5.39,5.43,5.48,5.55,5.6,5.67,5.73,5.81,5.78,5.94,2024
2024-08-05,5.48,5.34,5.35,5.38,5.43,5.49,5.56,5.62,5.68,5.76,5.72,5.75,2024
2024-08-06,5.5,5.36,5.36,5.41,5.46,5.53,5.59,5.66,5.72,5.79,5.77,6.0,2024
2024-08-07,5.54,5.4,5.41,5.44,5.5,5.56,5.63,5.69,5.76,5.82,5.81,6.02,2024
2024-08-08,5.58,5.43,5.43,5.47,5.53,5.6,5.67,5.74,5.82,5.88,5.85,5.88,2024
2024-08-09,5.65,5.52,5.51,5.54,5.61,5.67,5.74,5.82,5.89,5.95,5.93,5.94,2024
2024-08-12,5.81,5.67,5.64,5.68,5.73,5.8,5.87,5.94,6.01,6.07,6.06,6.3,2024
2024-08-13,5.78,5.63,5.6,5.64,5.7,5.76,5.83,5.9,5.97,6.04,6.02,6.29,2024
2024-08-14,5.68,5.52,5.51,5.54,5.6,5.66,5.73,5.81,5.87,5.93,5.93,6.09,2024
2024-08-15,5.65,5.51,5.5,5.53,5.59,5.65,5.72,5.79,5.85,5.93,5.91,5.93,2024
2024-08-16,5.71,5.58,5.57,5.6,5.65,5.71,5.77,5.83,5.89,5.95,5.95,6.0,2024
2024-08-21,5.79,5.66,5.65,5.68,5.72,5.77,5.83,5.88,5.95,6.01,5.99,6.02,2024
2024-08-22,5.77,5.64,5.64,5.67,5.71,5.76,5.81,5.87,5.93,6.0,5.99,6.01,2024
2024-08-23,5.75,5.62,5.62,5.65,5.7,5.75,5.81,5.87,5.92,5.98,5.96,6.0,2024
2024-08-26,5.74,5.61,5.6,5.63,5.68,5.73,5.79,5.84,5.9,5.97,5.95,5.99,2024
2024-08-27,5.71,5.58,5.58,5.61,5.66,5.71,5.77,5.83,5.89,5.95,5.94,5.97,2024
2024-08-28,5.75,5.62,5.62,5.65,5.71,5.76,5.83,5.89,5.95,6.0,6.0,6.18,2024
2024-08-29,5.76,5.65,5.65,5.68,5.73,5.79,5.86,5.92,5.99,6.04,6.03,6.06,2024
2024-08-30,5.73,5.62,5.62,5.65,5.71,5.77,5.83,5.9,5.96,6.01,6.02,6.17,2024
2024-09-02,5.73,5.62,5.62,5.65,5.71,5.77,5.83,5.89,5.96,6.01,6.02,6.06,2024
2024-09-03,5.75,5.64,5.64,5.67,5.73,5.8,5.86,5.93,6.0,6.05,6.03,6.07,2024
2024-09-04,5.68,5.58,5.58,5.62,5.68,5.75,5.82,5.91,5.96,6.02,6.0,6.04,2024
2024-09-05,5.62,5.51,5.53,5.57,5.62,5.69,5.76,5.83,5.9,5.96,5.98,6.03,2024
2024-09-06,5.56,5.42,5.43,5.47,5.52,5.59,5.66,5.72,5.79,5.86,5.85,5.89,2024
2024-09-09,5.55,5.45,5.45,5.5,5.56,5.62,5.69,5.76,5.83,5.9,5.89,6.04,2024
2024-09-10,5.47,5.35,5.39,5.45,5.52,5.59,5.66,5.73,5.81,5.9,5.94,5.98,2024
2024-09-11,5.47,5.35,5.39,5.45,5.52,5.59,5.66,5.73,5.81,5.91,5.94,5.97,2024
2024-09-12,5.5,5.38,5.4,5.45,5.52,5.59,5.67,5.75,5.82,5.92,5.95,5.96,2024
2024-09-13,5.52,5.39,5.4,5.45,5.52,5.6,5.67,5.75,5.82,5.92,5.94,5.94,2024
2024-09-16,5.52,5.39,5.4,5.44,5.51,5.58,5.65,5.73,5.8,5.91,5.93,5.93,2024
2024-09-17,5.51,5.38,5.38,5.42,5.48,5.55,5.63,5.7,5.77,5.88,5.91,5.94,2024
2024-09-18,5.54,5.41,5.41,5.45,5.52,5.59,5.66,5.73,5.8,5.9,5.93,5.96,2024
2024-09-19,5.56,5.43,5.43,5.47,5.54,5.61,5.68,5.75,5.82,5.93,5.96,5.98,2024
2024-09-20,5.61,5.51,5.53,5.59,5.66,5.73,5.8,5.87,5.94,6.05,6.06,6.17,2024
2024-09-23,5.62,5.52,5.55,5.6,5.67,5.74,5.82,5.89,5.96,6.06,6.08,6.13,2024
2024-09-24,5.57,5.46,5.49,5.55,5.63,5.71,5.79,5.87,5.94,6.04,6.07,6.14,2024
2024-09-25,5.49,5.39,5.43,5.5,5.57,5.66,5.74,5.82,5.9,6.0,6.04,6.13,2024
2024-09-26,5.43,5.34,5.38,5.45,5.53,5.62,5.71,5.79,5.86,5.97,6.01,6.13,2024
2024-09-27,5.36,5.24,5.28,5.35,5.43,5.51,5.6,5.68,5.75,5.87,5.92,6.08,2024
2024-09-30,5.36,5.24,5.28,5.35,5.43,5.51,5.61,5.68,5.75,5.85,5.89,5.99,2024
2024-10-01,5.39,5.27,5.3,5.37,5.45,5.54,5.63,5.71,5.78,5.89,5.92,5.99,2024
2024-10-02,5.46,5.35,5.37,5.44,5.52,5.61,5.7,5.78,5.85,5.94,5.99,6.15,2024
2024-10-03,5.68,5.58,5.6,5.66,5.74,5.83,5.91,5.98,6.05,6.15,6.18,6.34,2024
2024-10-04,5.76,5.65,5.66,5.72,5.8,5.88,5.96,6.03,6.1,6.2,6.22,6.48,2024
2024-10-07,5.9,5.82,5.85,5.92,5.99,6.07,6.14,6.21,6.28,6.37,6.42,6.52,2024
2024-10-08,5.88,5.83,5.87,5.93,6.01,6.07,6.14,6.2,6.27,6.35,6.42,6.46,2024
2024-10-09,5.92,5.84,5.87,5.93,5.98,6.05,6.11,6.17,6.23,6.32,6.38,6.43,2024
2024-10-10,5.8,5.76,5.79,5.85,5.91,5.98,6.05,6.12,6.18,6.26,6.31,6.38,2024
2024-10-11,5.82,5.77,5.8,5.85,5.91,5.98,6.05,6.11,6.16,6.26,6.29,6.35,2024
2024-10-14,5.91,5.87,5.91,5.97,6.03,6.11,6.17,6.24,6.3,6.38,6.41,6.53,2024
2024-10-15,5.98,5.95,5.99,6.05,6.11,6.17,6.23,6.29,6.35,6.43,6.48,6.54,2024
2024-10-16,5.85,5.81,5.84,5.89,5.95,6.02,6.09,6.15,6.22,6.3,6.35,6.38,2024
2024-10-17,6.01,5.96,6.0,6.07,6.15,6.22,6.28,6.36,6.43,6.52,6.56,6.73,2024
2024-10-18,6.08,6.04,6.06,6.11,6.18,6.25,6.32,6.38,6.43,6.52,6.57,6.78,2024
2024-10-21,6.11,6.07,6.1,6.16,6.22,6.28,6.35,6.41,6.47,6.54,6.59,6.75,2024
2024-10-22,6.42,6.42,6.47,6.54,6.6,6.66,6.72,6.78,6.84,6.95,6.97,7.09,2024
2024-10-24,6.3,6.29,6.32,6.36,6.42,6.48,6.53,6.59,6.63,6.72,6.77,6.94,2024
2024-10-25,6.29,6.3,6.35,6.4,6.45,6.51,6.57,6.62,6.67,6.75,6.79,6.98,2024
2024-10-28,6.44,6.47,6.52,6.57,6.62,6.68,6.73,6.79,6.84,6.92,6.97,7.1,2024
2024-10-29,6.59,6.63,6.67,6.73,6.78,6.84,6.89,6.95,6.99,7.07,7.13,7.22,2024
2024-10-30,6.4,6.41,6.43,6.46,6.5,6.55,6.59,6.65,6.69,6.78,6.83,6.97,2024
2024-10-31,6.65,6.65,6.67,6.7,6.73,6.77,6.81,6.85,6.89,6.96,7.01,7.07,2024
2024-11-04,6.69,6.72,6.73,6.74,6.77,6.8,6.83,6.86,6.89,6.98,7.03,7.11,2024
2024-11-05,6.64,6.66,6.67,6.68,6.71,6.74,6.78,6.82,6.84,6.93,6.98,7.09,2024
2024-11-06,6.69,6.71,6.71,6.72,6.75,6.78,6.82,6.85,6.88,6.96,7.01,7.1,2024
2024-11-07,6.66,6.68,6.71,6.74,6.78,6.82,6.86,6.89,6.93,7.01,7.04,7.12,2024
2024-11-08,6.25,6.22,6.25,6.28,6.33,6.38,6.43,6.48,6.53,6.63,6.7,6.77,2024
2024-11-11,6.38,6.37,6.39,6.43,6.48,6.53,6.58,6.63,6.66,6.72,6.79,6.84,2024
2024-11-12,6.44,6.44,6.46,6.49,6.54,6.58,6.62,6.67,6.7,6.79,6.82,6.85,2024
2024-11-13,6.41,6.41,6.44,6.48,6.53,6.58,6.63,6.67,6.71,6.79,6.85,6.89,2024
2024-11-14,6.36,6.37,6.41,6.45,6.5,6.55,6.59,6.64,6.68,6.76,6.81,6.85,2024
2024-11-15,6.22,6.2,6.21,6.24,6.29,6.35,6.41,6.46,6.5,6.59,6.63,6.7,2024
2024-11-18,6.21,6.18,6.22,6.25,6.3,6.36,6.41,6.47,6.51,6.58,6.64,6.67,2024
2024-11-19,6.15,6.13,6.16,6.19,6.25,6.31,6.37,6.43,6.47,6.57,6.61,6.69,2024
2024-11-20,6.18,6.15,6.19,6.23,6.29,6.36,6.42,6.47,6.51,6.59,6.64,6.72,2024
2024-11-21,6.23,6.2,6.24,6.28,6.33,6.39,6.44,6.49,6.53,6.61,6.66,6.72,2024
2024-11-22,6.24,6.2,6.23,6.26,6.31,6.34,6.41,6.46,6.5,6.58,6.65,6.68,2024
2024-11-25,6.11,6.06,6.07,6.09,6.14,6.19,6.24,6.29,6.34,6.42,6.47,6.58,2024
2024-11-26,6.07,6.0,6.01,6.03,6.08,6.13,6.19,6.24,6.27,6.37,6.42,6.54,2024
2024-11-27,6.08,6.0,6.01,6.04,6.1,6.15,6.21,6.26,6.3,6.38,6.42,6.49,2024
2024-11-28,6.27,6.19,6.21,6.2,6.27,6.32,6.37,6.41,6.43,6.51,6.54,6.61,2024
2024-11-29,6.27,6.19,6.19,6.22,6.26,6.3,6.35,6.39,6.43,6.5,6.54,6.61,2024
2024-12-02,6.26,6.2,6.2,6.22,6.26,6.31,6.35,6.4,6.43,6.51,6.55,6.6,2024
2024-12-03,6.26,6.2,6.2,6.22,6.26,6.31,6.35,6.39,6.43,6.51,6.56,6.6,2024
2024-12-04,6.27,6.2,6.21,6.23,6.26,6.31,6.36,6.4,6.43,6.51,6.56,6.6,2024
2024-12-05,6.35,6.29,6.29,6.31,6.35,6.39,6.44,6.49,6.53,6.61,6.65,6.7,2024
2024-12-06,6.33,6.26,6.27,6.29,6.33,6.38,6.43,6.47,6.51,6.59,6.64,6.68,2024
2024-12-07,6.33,6.26,6.27,6.29,6.33,6.38,6.43,6.47,6.51,6.59,6.65,6.69,2024
2024-12-09,6.3,6.23,6.24,6.26,6.3,6.34,6.39,6.44,6.47,6.56,6.61,6.65,2024
2024-12-10,6.28,6.21,6.22,6.24,6.28,6.33,6.38,6.42,6.45,6.53,6.58,6.64,2024
2024-12-11,6.24,6.17,6.17,6.19,6.23,6.28,6.33,6.37,6.41,6.48,6.54,6.59,2024
2024-12-12,6.2,6.13,6.13,6.15,6.19,6.24,6.29,6.34,6.37,6.46,6.51,6.55,2024
2024-12-13,6.14,6.07,6.08,6.1,6.14,6.18,6.23,6.28,6.32,6.4,6.45,6.49,2024
2024-12-14,6.22,6.15,6.15,6.18,6.22,6.27,6.32,6.37,6.4,6.47,6.55,6.58,2024
2024-12-16,6.23,6.16,6.17,6.2,6.24,6.29,6.34,6.39,6.42,6.5,6.55,6.58,2024
2024-12-17,6.38,6.36,6.38,6.42,6.46,6.52,6.57,6.62,6.65,6.73,6.79,6.82,2024
2024-12-18,6.39,6.37,6.4,6.44,6.49,6.55,6.6,6.65,6.67,6.76,6.81,6.84,2024
2024-12-19,6.36,6.34,6.36,6.4,6.45,6.5,6.54,6.59,6.62,6.7,6.75,6.79,2024
2024-12-20,6.48,6.47,6.5,6.55,6.6,6.64,6.7,6.75,6.78,6.87,6.9,6.93,2024
2024-12-23,6.49,6.48,6.51,6.55,6.61,6.66,6.71,6.75,6.79,6.87,6.9,6.96,2024
2024-12-30,6.52,6.53,6.57,6.61,6.66,6.7,6.75,6.8,6.84,6.93,6.96,7.0,2024
2024-12-31,6.53,6.53,6.57,6.61,6.67,6.71,6.76,6.8,6.84,6.93,6.96,7.0,2024
2025-01-02,6.53,6.53,6.57,6.61,6.67,6.71,6.76,6.8,6.84,6.93,6.96,7.0,2025
2025-01-03,6.51,6.52,6.55,6.59,6.64,6.69,6.74,6.78,6.82,6.91,6.95,7.0,2025
2025-01-06,6.56,6.57,6.6,6.64,6.7,6.75,6.79,6.84,6.87,6.96,6.99,7.04,2025
2025-01-07,6.54,6.56,6.59,6.63,6.69,6.74,6.78,6.82,6.85,6.94,6.98,7.03,2025
2025-01-08,6.61,6.65,6.71,6.76,6.82,6.87,6.92,6.96,6.99,7.08,7.11,7.15,2025
2025-01-09,6.62,6.67,6.72,6.78,6.83,6.89,6.94,6.98,7.01,7.1,7.13,7.17,2025
2025-01-10,6.56,6.6,6.65,6.71,6.78,6.84,6.9,6.95,6.98,7.06,7.09,7.13,2025
2025-01-13,6.61,6.68,6.76,6.83,6.9,6.96,7.02,7.07,7.1,7.18,7.24,7.27,2025
2025-01-14,6.67,6.74,6.81,6.88,6.95,7.01,7.07,7.11,7.14,7.24,7.28,7.31,2025
2025-01-15,6.61,6.66,6.73,6.8,6.88,6.94,7.0,7.05,7.08,7.17,7.21,7.25,2025
2025-01-16,6.51,6.54,6.59,6.65,6.73,6.79,6.85,6.9,6.94,7.04,7.08,7.12,2025
2025-01-17,6.49,6.52,6.58,6.64,6.71,6.78,6.84,6.89,6.93,7.03,7.07,7.11,2025
2025-01-20,6.5,6.52,6.58,6.63,6.69,6.75,6.81,6.87,6.91,7.0,7.05,7.1,2025
2025-01-21,6.48,6.48,6.53,6.57,6.64,6.7,6.76,6.81,6.85,6.95,6.99,7.05,2025
2025-01-22,6.44,6.45,6.49,6.56,6.6,6.66,6.71,6.76,6.82,6.91,6.94,7.02,2025
2025-01-23,6.44,6.44,6.49,6.55,6.59,6.65,6.7,6.75,6.79,6.87,6.9,6.98,2025
2025-01-24,6.41,6.4,6.44,6.5,6.56,6.61,6.66,6.71,6.75,6.85,6.88,6.95,2025
2025-01-27,6.37,6.37,6.42,6.48,6.54,6.6,6.66,6.71,6.76,6.88,6.87,7.07,2025
2025-01-28,6.38,6.37,6.42,6.49,6.56,6.62,6.68,6.74,6.79,6.88,6.9,7.06,2025
2025-01-29,6.33,6.31,6.35,6.4,6.46,6.52,6.57,6.62,6.68,6.75,6.8,6.97,2025
2025-01-30,6.34,6.32,6.35,6.4,6.46,6.51,6.57,6.63,6.68,6.77,6.79,6.96,2025
2025-01-31,6.36,6.34,6.38,6.43,6.49,6.55,6.61,6.66,6.71,6.8,6.82,6.95,2025
2025-02-03,6.45,6.45,6.51,6.57,6.63,6.7,6.76,6.82,6.85,6.95,6.98,7.06,2025
2025-02-04,6.36,6.35,6.39,6.45,6.51,6.57,6.63,6.69,6.74,6.82,6.87,6.96,2025
2025-02-05,6.3,6.28,6.31,6.36,6.42,6.48,6.53,6.59,6.64,6.73,6.77,6.89,2025
2025-02-06,6.3,6.28,6.32,6.37,6.43,6.49,6.55,6.6,6.64,6.73,6.77,6.88,2025
2025-02-07,6.25,6.21,6.24,6.29,6.34,6.4,6.46,6.52,6.57,6.66,6.7,6.81,2025
2025-02-10,6.32,6.28,6.31,6.36,6.42,6.48,6.54,6.59,6.63,6.72,6.75,6.87,2025
2025-02-11,6.45,6.42,6.44,6.47,6.52,6.58,6.64,6.69,6.73,6.82,6.85,6.95,2025
2025-02-12,6.55,6.54,6.58,6.62,6.66,6.71,6.77,6.82,6.87,6.95,6.98,7.07,2025
2025-02-13,6.48,6.49,6.51,6.55,6.6,6.65,6.7,6.75,6.79,6.87,6.9,7.12,2025
2025-02-14,6.51,6.5,6.52,6.56,6.61,6.66,6.7,6.75,6.8,6.89,6.92,7.13,2025
2025-02-17,6.49,6.49,6.51,6.55,6.6,6.65,6.7,6.75,6.79,6.88,6.92,7.08,2025
2025-02-18,6.45,6.44,6.45,6.48,6.53,6.58,6.63,6.68,6.72,6.81,6.85,7.01,2025
2025-02-19,6.45,6.45,6.48,6.52,6.57,6.62,6.67,6.72,6.77,6.86,6.9,7.0,2025
2025-02-20,6.46,6.47,6.51,6.55,6.6,6.65,6.7,6.75,6.79,6.87,6.92,7.03,2025
2025-02-21,6.43,6.43,6.47,6.52,6.56,6.61,6.67,6.72,6.75,6.84,6.89,6.98,2025
2025-02-24,6.42,6.42,6.46,6.51,6.55,6.6,6.65,6.7,6.75,6.83,6.88,6.97,2025
2025-02-25,6.35,6.35,6.39,6.44,6.49,6.54,6.59,6.64,6.68,6.77,6.82,6.9,2025
2025-02-26,6.33,6.33,6.36,6.41,6.47,6.52,6.58,6.63,6.68,6.76,6.8,6.88,2025
2025-02-27,6.31,6.29,6.34,6.39,6.44,6.5,6.55,6.61,6.65,6.74,6.78,6.86,2025
2025-02-28,6.26,6.22,6.26,6.3,6.36,6.41,6.47,6.52,6.58,6.66,6.71,6.8,2025
2025-03-03,6.31,6.26,6.28,6.31,6.37,6.42,6.48,6.53,6.58,6.66,6.71,6.79,2025
2025-03-04,6.25,6.19,6.21,6.24,6.29,6.35,6.4,6.45,6.5,6.59,6.63,6.73,2025
2025-03-05,6.33,6.29,6.3,6.34,6.4,6.46,6.51,6.56,6.62,6.69,6.73,6.81,2025
2025-03-06,6.36,6.32,6.35,6.4,6.45,6.51,6.57,6.63,6.68,6.77,6.81,6.87,2025
2025-03-07,6.37,6.34,6.38,6.44,6.5,6.56,6.62,6.68,6.74,6.81,6.85,6.92,2025
2025-03-10,6.36,6.33,6.36,6.41,6.47,6.53,6.59,6.65,6.7,6.78,6.83,6.9,2025
2025-03-11,6.41,6.4,6.44,6.49,6.54,6.6,6.66,6.72,6.77,6.86,6.89,6.96,2025
2025-03-12,6.5,6.51,6.55,6.61,6.67,6.73,6.79,6.84,6.89,6.97,7.0,7.08,2025
2025-03-13,6.57,6.59,6.65,6.71,6.76,6.82,6.88,6.93,6.98,7.05,7.1,7.17,2025
2025-03-14,6.53,6.54,6.58,6.62,6.67,6.73,6.78,6.83,6.88,6.96,7.01,7.08,2025
2025-03-17,6.51,6.52,6.55,6.59,6.64,6.7,6.76,6.8,6.85,6.93,6.98,7.05,2025
2025-03-18,6.49,6.49,6.53,6.57,6.63,6.69,6.74,6.8,6.84,6.92,6.97,7.05,2025
2025-03-19,6.48,6.49,6.53,6.59,6.65,6.71,6.77,6.82,6.87,6.95,7.0,7.06,2025
2025-03-20,6.48,6.49,6.53,6.59,6.64,6.71,6.76,6.81,6.87,6.96,7.0,7.07,2025
2025-03-21,6.49,6.51,6.57,6.64,6.69,6.76,6.81,6.87,6.91,7.0,7.04,7.11,2025
2025-03-24,6.56,6.59,6.65,6.72,6.78,6.84,6.9,6.95,7.0,7.08,7.12,7.19,2025
2025-03-25,6.61,6.63,6.69,6.75,6.82,6.88,6.94,7.0,7.04,7.12,7.15,7.23,2025
2025-03-26,6.45,6.44,6.48,6.53,6.59,6.65,6.7,6.75,6.8,6.89,6.93,7.0,2025
2025-03-27,6.53,6.54,6.59,6.65,6.71,6.77,6.83,6.88,6.93,7.01,7.05,7.12,2025
2025-03-28,6.54,6.54,6.6,6.66,6.72,6.78,6.84,6.89,6.94,7.02,7.05,7.13,2025
2025-03-31,6.59,6.61,6.66,6.72,6.79,6.84,6.9,6.95,7.0,7.08,7.12,7.19,2025
2025-04-01,6.59,6.61,6.67,6.73,6.79,6.84,6.9,6.95,7.0,7.07,7.12,7.19,2025
2025-04-02,6.5,6.5,6.54,6.6,6.66,6.72,6.77,6.82,6.87,6.94,6.99,7.06,2025
2025-04-03,6.42,6.42,6.47,6.52,6.58,6.64,6.7,6.76,6.81,6.89,6.93,7.0,2025
2025-04-04,6.25,6.22,6.26,6.31,6.38,6.44,6.49,6.55,6.59,6.68,6.72,6.79,2025
2025-04-07,6.17,6.15,6.2,6.25,6.32,6.38,6.45,6.51,6.56,6.64,6.68,6.76,2025
2025-04-08,6.16,6.15,6.22,6.3,6.38,6.46,6.53,6.6,6.68,6.76,6.81,6.88,2025
2025-04-09,6.26,6.24,6.34,6.45,6.54,6.62,6.71,6.79,6.86,6.94,6.98,7.05,2025
2025-04-10,6.2,6.17,6.24,6.32,6.4,6.46,6.54,6.61,6.67,6.75,6.8,6.89,2025
2025-04-11,6.23,6.22,6.29,6.37,6.45,6.53,6.61,6.69,6.76,6.85,6.89,6.97,2025
2025-04-14,6.19,6.17,6.26,6.35,6.43,6.51,6.6,6.67,6.75,6.82,6.86,6.94,2025
2025-04-15,6.24,6.22,6.29,6.38,6.46,6.55,6.63,6.71,6.79,6.88,6.92,6.98,2025
2025-04-16,6.18,6.15,6.23,6.32,6.41,6.49,6.58,6.65,6.72,6.82,6.85,6.92,2025
2025-04-17,6.13,6.1,6.19,6.29,6.38,6.47,6.55,6.64,6.71,6.79,6.83,6.93,2025
2025-04-22,6.01,5.94,6.02,6.11,6.21,6.31,6.4,6.49,6.57,6.65,6.7,6.77,2025
2025-04-23,5.92,5.85,5.91,5.99,6.09,6.19,6.3,6.39,6.47,6.55,6.6,6.66,2025
2025-04-24,6.0,5.94,6.0,6.08,6.18,6.28,6.38,6.46,6.54,6.63,6.67,6.74,2025
2025-04-25,6.0,5.95,6.01,6.09,6.19,6.29,6.39,6.47,6.55,6.62,6.67,6.73,2025
2025-04-28,5.96,5.9,5.96,6.04,6.15,6.25,6.35,6.43,6.51,6.6,6.65,6.71,2025
2025-04-29,5.9,5.81,5.86,5.93,6.03,6.14,6.24,6.33,6.41,6.49,6.54,6.6,2025
2025-04-30,5.89,5.79,5.83,5.91,6.01,6.11,6.21,6.29,6.37,6.45,6.49,6.55,2025
2025-05-05,5.89,5.79,5.83,5.89,5.99,6.09,6.19,6.28,6.35,6.43,6.46,6.59,2025
2025-05-06,5.93,5.84,5.88,5.95,6.05,6.15,6.25,6.33,6.4,6.48,6.51,6.63,2025
2025-05-07,5.97,5.89,5.93,6.0,6.1,6.2,6.3,6.38,6.45,6.53,6.57,6.65,2025
2025-05-08,5.88,5.79,5.83,5.89,5.98,6.09,6.19,6.27,6.34,6.43,6.47,6.55,2025
2025-05-09,5.88,5.81,5.88,5.96,6.05,6.15,6.25,6.34,6.42,6.51,6.54,6.61,2025
2025-05-12,5.92,5.85,5.92,6.01,6.11,6.21,6.31,6.4,6.48,6.57,6.6,6.66,2025
2025-05-13,5.94,5.86,5.94,6.04,6.14,6.23,6.32,6.41,6.5,6.58,6.61,6.68,2025
2025-05-14,6.03,5.95,6.03,6.13,6.23,6.33,6.42,6.51,6.59,6.66,6.71,6.77,2025
2025-05-15,6.06,6.0,6.06,6.16,6.25,6.34,6.43,6.52,6.6,6.68,6.73,6.79,2025
2025-05-16,6.01,5.92,5.98,6.08,6.16,6.24,6.33,6.4,6.49,6.58,6.61,6.72,2025
2025-05-17,6.13,6.06,6.12,6.22,6.3,6.39,6.47,6.55,6.63,6.71,6.75,6.8,2025
2025-05-19,6.17,6.1,6.17,6.27,6.36,6.45,6.54,6.62,6.71,6.79,6.84,6.89,2025
2025-05-20,6.05,5.99,6.05,6.14,6.23,6.32,6.41,6.49,6.57,6.66,6.69,6.74,2025
2025-05-21,6.13,6.08,6.16,6.25,6.34,6.43,6.52,6.6,6.68,6.75,6.8,6.86,2025
2025-05-22,6.11,6.06,6.13,6.22,6.31,6.4,6.5,6.59,6.68,6.76,6.8,6.86,2025
2025-05-23,6.08,6.0,6.07,6.16,6.26,6.36,6.45,6.55,6.63,6.72,6.75,6.81,2025
2025-05-26,6.04,5.97,6.04,6.14,6.24,6.34,6.43,6.53,6.62,6.71,6.74,6.8,2025
2025-05-27,6.0,5.93,5.99,6.08,6.18,6.28,6.38,6.48,6.57,6.68,6.7,6.77,2025
2025-05-28,6.09,6.02,6.08,6.18,6.28,6.38,6.48,6.57,6.66,6.76,6.78,6.85,2025
2025-05-29,6.06,6.0,6.06,6.15,6.25,6.34,6.44,6.53,6.62,6.71,6.75,6.85,2025
2025-05-30,5.99,5.92,5.98,6.06,6.16,6.26,6.35,6.45,6.53,6.61,6.67,6.78,2025
2025-06-02,6.04,5.99,6.05,6.14,6.24,6.33,6.43,6.52,6.61,6.7,6.74,6.81,2025
2025-06-03,5.97,5.91,5.96,6.05,6.14,6.24,6.33,6.42,6.51,6.62,6.65,6.72,2025
2025-06-04,6.0,5.94,6.0,6.09,6.19,6.28,6.38,6.47,6.56,6.65,6.69,6.76,2025
2025-06-05,5.99,5.93,5.99,6.07,6.17,6.26,6.36,6.45,6.54,6.63,6.67,6.74,2025
2025-06-06,6.05,6.0,6.07,6.16,6.25,6.35,6.45,6.54,6.63,6.73,6.76,6.82,2025
2025-06-10,6.08,6.04,6.11,6.2,6.29,6.39,6.49,6.58,6.67,6.76,6.79,6.85,2025
2025-06-11,6.2,6.15,6.21,6.3,6.4,6.49,6.59,6.68,6.76,6.84,6.88,6.95,2025
2025-06-12,6.18,6.16,6.23,6.32,6.42,6.51,6.61,6.7,6.78,6.86,6.9,6.97,2025
2025-06-13,6.19,6.17,6.23,6.33,6.42,6.52,6.61,6.7,6.79,6.88,6.92,6.99,2025
2025-06-16,6.23,6.21,6.27,6.37,6.46,6.56,6.65,6.74,6.83,6.91,6.94,7.02,2025
2025-06-17,6.11,6.07,6.14,6.23,6.33,6.42,6.51,6.6,6.68,6.78,6.8,7.0,2025
2025-06-18,6.1,6.06,6.12,6.21,6.31,6.4,6.49,6.58,6.67,6.76,6.8,6.92,2025
2025-06-19,6.18,6.14,6.19,6.28,6.38,6.47,6.57,6.66,6.74,6.82,6.86,6.94,2025
2025-06-20,6.22,6.2,6.26,6.34,6.44,6.53,6.62,6.7,6.79,6.86,6.9,6.97,2025
2025-06-23,6.21,6.19,6.23,6.31,6.4,6.49,6.58,6.67,6.75,6.85,6.9,6.97,2025
2025-06-24,6.1,6.06,6.1,6.17,6.27,6.36,6.45,6.53,6.62,6.73,6.77,6.86,2025
2025-06-25,6.13,6.08,6.1,6.17,6.26,6.35,6.44,6.53,6.62,6.7,6.75,6.83,2025
2025-06-26,6.14,6.1,6.12,6.19,6.28,6.37,6.46,6.55,6.63,6.72,6.76,6.83,2025
2025-06-27,6.11,6.07,6.1,6.16,6.25,6.34,6.43,6.52,6.6,6.69,6.74,6.82,2025
2025-06-30,6.11,6.07,6.1,6.17,6.26,6.34,6.44,6.53,6.61,6.69,6.74,6.82,2025
2025-07-01,6.03,5.98,6.01,6.07,6.15,6.24,6.33,6.43,6.52,6.6,6.66,6.74,2025
2025-07-02,6.05,6.0,6.03,6.1,6.18,6.27,6.36,6.45,6.53,6.64,6.67,6.89,2025
2025-07-03,6.07,6.02,6.05,6.13,6.21,6.3,6.39,6.48,6.56,6.65,6.68,6.87,2025
2025-07-04,6.03,5.98,6.02,6.09,6.17,6.26,6.35,6.43,6.52,6.61,6.65,6.92,2025
2025-07-07,6.02,5.97,6.01,6.07,6.15,6.24,6.33,6.41,6.49,6.6,6.62,6.93,2025
2025-07-08,6.03,5.97,6.01,6.08,6.16,6.25,6.34,6.42,6.5,6.59,6.62,6.94,2025
2025-07-09,6.07,6.0,6.04,6.12,6.21,6.3,6.38,6.47,6.55,6.66,6.67,6.97,2025
2025-07-10,6.07,6.0,6.04,6.11,6.2,6.28,6.37,6.45,6.53,6.65,6.66,6.9,2025
2025-07-11,6.16,6.1,6.15,6.23,6.31,6.4,6.48,6.57,6.65,6.73,6.76,7.02,2025
2025-07-14,6.16,6.1,6.14,6.22,6.31,6.39,6.48,6.56,6.64,6.73,6.76,7.07,2025
2025-07-15,6.16,6.1,6.13,6.2,6.29,6.37,6.46,6.54,6.62,6.7,6.73,7.03,2025
2025-07-16,6.19,6.13,6.17,6.24,6.33,6.42,6.5,6.58,6.66,6.74,6.77,7.09,2025
2025-07-17,6.18,6.13,6.18,6.26,6.35,6.44,6.52,6.61,6.69,6.77,6.81,7.16,2025
2025-07-18,6.14,6.1,6.16,6.23,6.32,6.42,6.5,6.58,6.66,6.76,6.79,7.16,2025
2025-07-21,6.08,6.04,6.09,6.17,6.26,6.35,6.44,6.52,6.6,6.7,6.73,7.14,2025
2025-07-22,6.06,6.02,6.06,6.14,6.23,6.32,6.41,6.49,6.57,6.68,6.7,7.14,2025
2025-07-23,6.09,6.05,6.09,6.16,6.25,6.34,6.42,6.51,6.59,6.67,6.71,7.15,2025
2025-07-24,6.15,6.11,6.15,6.22,6.31,6.4,6.48,6.57,6.65,6.74,6.77,7.12,2025
2025-07-25,6.19,6.15,6.2,6.27,6.36,6.44,6.52,6.6,6.68,6.77,6.8,7.19,2025
2025-07-28,6.18,6.14,6.18,6.25,6.34,6.42,6.51,6.59,6.66,6.74,6.78,7.06,2025
2025-07-29,6.19,6.15,6.19,6.26,6.34,6.42,6.5,6.58,6.67,6.75,6.78,7.16,2025
2025-07-30,6.19,6.15,6.19,6.26,6.34,6.42,6.5,6.58,6.65,6.76,6.77,7.17,2025
2025-07-31,6.34,6.31,6.36,6.43,6.51,6.6,6.68,6.75,6.82,6.92,6.96,7.33,2025
2025-08-01,6.35,6.34,6.4,6.46,6.54,6.63,6.71,6.78,6.84,6.96,6.98,7.19,2025
2025-08-04,6.23,6.21,6.24,6.3,6.37,6.45,6.53,6.61,6.68,6.78,6.8,7.2,2025
2025-08-05,6.19,6.16,6.19,6.24,6.32,6.4,6.47,6.55,6.62,6.71,6.74,7.15,2025
2025-08-06,6.19,6.16,6.2,6.26,6.33,6.41,6.49,6.57,6.64,6.76,6.77,7.16,2025
2025-08-07,6.12,6.09,6.13,6.18,6.26,6.34,6.42,6.49,6.57,6.66,6.7,7.08,2025
2025-08-08,6.1,6.07,6.1,6.15,6.23,6.31,6.39,6.47,6.54,6.64,6.68,7.12,2025
2025-08-11,6.11,6.07,6.09,6.14,6.21,6.29,6.37,6.45,6.52,6.6,6.64,7.12,2025
2025-08-12,6.14,6.11,6.14,6.19,6.27,6.34,6.42,6.5,6.57,6.67,6.69,7.16,2025
2025-08-13,6.12,6.08,6.11,6.16,6.24,6.31,6.39,6.47,6.54,6.65,6.68,7.14,2025
2025-08-14,6.09,6.05,6.08,6.12,6.2,6.28,6.36,6.43,6.51,6.6,6.64,7.12,2025
2025-08-15,6.1,6.06,6.09,6.15,6.23,6.31,6.39,6.46,6.53,6.63,6.66,7.13,2025
2025-08-18,6.09,6.05,6.09,6.14,6.22,6.3,6.38,6.46,6.53,6.62,6.66,7.14,2025
2025-08-19,6.14,6.1,6.14,6.2,6.28,6.36,6.44,6.51,6.59,6.68,6.72,7.18,2025
2025-08-21,6.11,6.08,6.12,6.17,6.25,6.32,6.41,6.48,6.56,6.69,6.69,7.16,2025
2025-08-22,6.18,6.15,6.2,6.26,6.35,6.42,6.5,6.58,6.66,6.76,6.79,7.23,2025
2025-08-25,6.12,6.1,6.14,6.2,6.28,6.36,6.44,6.52,6.59,6.69,6.72,7.24,2025
2025-08-26,6.14,6.11,6.16,6.22,6.31,6.38,6.46,6.54,6.62,6.72,6.74,7.27,2025
2025-08-27,6.14,6.1,6.15,6.21,6.29,6.36,6.45,6.53,6.59,6.71,6.73,7.15,2025
2025-08-28,6.11,6.08,6.12,6.17,6.25,6.33,6.41,6.49,6.57,6.68,6.7,7.17,2025
2025-08-29,6.13,6.1,6.14,6.21,6.28,6.36,6.45,6.53,6.6,6.7,6.73,7.14,2025
2025-09-01,6.15,6.13,6.17,6.24,6.33,6.41,6.49,6.58,6.66,6.76,6.78,7.23,2025
2025-09-02,6.16,6.14,6.19,6.25,6.34,6.42,6.51,6.59,6.67,6.76,6.79,7.26,2025
2025-09-03,6.18,6.17,6.2,6.26,6.34,6.42,6.51,6.58,6.66,6.76,6.78,7.18,2025
2025-09-04,6.19,6.17,6.21,6.27,6.35,6.43,6.51,6.59,6.67,6.78,6.79,7.25,2025
2025-09-05,6.2,6.18,6.22,6.28,6.36,6.44,6.52,6.6,6.68,6.77,6.8,7.22,2025
2025-09-08,6.14,6.12,6.15,6.21,6.29,6.38,6.46,6.54,6.61,6.73,6.74,7.1,2025
2025-09-09,6.13,6.1,6.14,6.19,6.27,6.35,6.43,6.51,6.58,6.71,6.71,7.15,2025
2025-09-10,6.11,6.08,6.12,6.17,6.25,6.33,6.41,6.49,6.56,6.67,6.69,7.18,2025
2025-09-11,6.15,6.12,6.16,6.21,6.28,6.36,6.44,6.52,6.6,6.68,6.72,7.21,2025
2025-09-12,6.13,6.07,6.1,6.14,6.21,6.29,6.36,6.45,6.52,6.62,6.64,7.16,2025
2025-09-15,6.17,6.12,6.14,6.19,6.26,6.34,6.41,6.48,6.55,6.66,6.68,7.2,2025
2025-09-16,6.16,6.1,6.13,6.16,6.24,6.31,6.39,6.46,6.52,6.62,6.66,7.19,2025
2025-09-17,6.14,6.08,6.11,6.17,6.24,6.31,6.38,6.46,6.52,6.62,6.66,7.18,2025
2025-09-18,6.1,6.04,6.07,6.11,6.18,6.26,6.33,6.4,6.47,6.56,6.6,7.13,2025
2025-09-19,6.12,6.06,6.08,6.12,6.19,6.26,6.32,6.39,6.46,6.56,6.6,7.14,2025
2025-09-22,6.15,6.09,6.11,6.15,6.22,6.28,6.36,6.42,6.47,6.57,6.62,7.14,2025
2025-09-23,6.12,6.07,6.09,6.12,6.19,6.25,6.32,6.39,6.45,6.54,6.59,7.13,2025
2025-09-24,6.13,6.07,6.09,6.12,6.17,6.24,6.31,6.36,6.43,6.52,6.55,7.04,2025
2025-09-25,6.18,6.12,6.14,6.19,6.24,6.3,6.36,6.43,6.5,6.59,6.62,7.1,2025
2025-09-26,6.23,6.19,6.22,6.27,6.33,6.39,6.45,6.52,6.58,6.68,6.7,7.17,2025
2025-09-29,6.19,6.14,6.18,6.23,6.28,6.34,6.41,6.48,6.54,6.64,6.65,7.13,2025
2025-09-30,6.21,6.17,6.2,6.25,6.31,6.37,6.44,6.5,6.56,6.64,6.68,7.14,2025
2025-10-01,6.24,6.22,6.25,6.3,6.37,6.43,6.49,6.56,6.62,6.69,6.73,7.21,2025
2025-10-02,6.24,6.2,6.22,6.26,6.32,6.38,6.45,6.51,6.57,6.66,6.7,7.15,2025
2025-10-03,6.25,6.22,6.23,6.28,6.34,6.41,6.47,6.54,6.6,6.68,6.71,7.17,2025
2025-10-06,6.28,6.25,6.26,6.31,6.37,6.44,6.51,6.58,6.63,6.73,6.77,7.15,2025
2025-10-07,6.2,6.16,6.17,6.21,6.28,6.36,6.44,6.51,6.58,6.67,6.7,7.15,2025
2025-10-08,6.17,6.14,6.16,6.2,6.28,6.35,6.43,6.5,6.57,6.67,6.7,7.09,2025
2025-10-09,6.23,6.19,6.21,6.26,6.33,6.4,6.47,6.55,6.62,6.71,6.74,7.13,2025
2025-10-10,6.24,6.2,6.22,6.26,6.33,6.41,6.48,6.55,6.62,6.73,6.76,7.19,2025
2025-10-13,6.18,6.14,6.15,6.2,6.27,6.33,6.41,6.48,6.55,6.64,6.67,7.13,2025
2025-10-14,6.16,6.11,6.12,6.16,6.23,6.29,6.37,6.44,6.5,6.59,6.63,7.09,2025
2025-10-15,6.19,6.13,6.15,6.19,6.26,6.32,6.4,6.46,6.53,6.62,6.65,7.11,2025
2025-10-16,6.23,6.17,6.19,6.23,6.29,6.36,6.44,6.5,6.57,6.66,6.68,7.15,2025
2025-10-17,6.2,6.16,6.18,6.23,6.29,6.36,6.43,6.5,6.57,6.67,6.7,7.16,2025
2025-10-18,6.2,6.17,6.19,6.24,6.31,6.38,6.45,6.52,6.58,6.68,6.72,7.18,2025
2025-10-20,6.22,6.18,6.2,6.25,6.32,6.39,6.46,6.53,6.6,6.69,6.73,7.2,2025
2025-10-21,6.2,6.16,6.18,6.23,6.3,6.37,6.44,6.5,6.58,6.67,6.7,7.18,2025
2025-10-22,6.2,6.16,6.18,6.22,6.29,6.36,6.43,6.5,6.57,6.66,6.69,7.17,2025
2025-10-27,6.22,6.19,6.21,6.27,6.33,6.4,6.47,6.54,6.61,6.71,6.73,7.19,2025
2025-10-28,6.21,6.17,6.19,6.23,6.3,6.37,6.44,6.51,6.57,6.67,6.71,7.17,2025
2025-10-29,6.18,6.13,6.15,6.19,6.25,6.32,6.39,6.44,6.5,6.6,6.64,7.09,2025
2025-10-30,6.25,6.2,6.22,6.26,6.33,6.39,6.45,6.51,6.57,6.66,6.69,7.16,2025
2025-10-31,6.29,6.25,6.27,6.31,6.37,6.44,6.5,6.55,6.62,6.7,6.73,7.2,2025
2025-11-03,6.28,6.23,6.25,6.29,6.35,6.41,6.48,6.54,6.61,6.69,6.71,7.2,2025
2025-11-04,6.25,6.21,6.22,6.26,6.32,6.38,6.44,6.51,6.56,6.66,6.69,7.18,2025
2025-11-05,6.26,6.22,6.25,6.29,6.35,6.42,6.48,6.54,6.6,6.69,6.72,7.19,2025
2025-11-06,6.28,6.24,6.26,6.3,6.37,6.43,6.5,6.56,6.62,6.7,6.74,7.2,2025
2025-11-07,6.29,6.25,6.27,6.3,6.37,6.44,6.51,6.57,6.63,6.72,6.75,7.21,2025
2025-11-10,6.22,6.17,6.18,6.22,6.29,6.36,6.43,6.48,6.54,6.63,6.66,7.13,2025
2025-11-11,6.22,6.19,6.22,6.26,6.33,6.4,6.47,6.54,6.6,6.7,6.73,7.18,2025
2025-11-12,6.27,6.24,6.27,6.34,6.41,6.48,6.55,6.62,6.68,6.77,6.81,7.26,2025
2025-11-13,6.27,6.24,6.27,6.33,6.4,6.47,6.54,6.6,6.66,6.76,6.79,7.25,2025
2025-11-14,6.29,6.25,6.27,6.33,6.4,6.47,6.54,6.6,6.67,6.77,6.8,7.25,2025
2025-11-17,6.3,6.26,6.28,6.34,6.41,6.48,6.55,6.61,6.68,6.77,6.8,7.27,2025
2025-11-18,6.34,6.32,6.35,6.41,6.48,6.56,6.62,6.69,6.77,6.86,6.88,7.33,2025
2025-11-19,6.36,6.33,6.35,6.4,6.47,6.54,6.61,6.67,6.74,6.82,6.85,7.33,2025
2025-11-20,6.35,6.32,6.35,6.4,6.47,6.54,6.6,6.67,6.73,6.82,6.85,7.33,2025
2025-11-21,6.37,6.35,6.38,6.44,6.51,6.6,6.66,6.73,6.8,6.89,6.91,7.19,2025
2025-11-24,6.33,6.32,6.37,6.43,6.51,6.58,6.65,6.71,6.77,6.86,6.9,7.15,2025
2025-11-25,6.32,6.31,6.35,6.42,6.48,6.55,6.61,6.66,6.73,6.82,6.85,7.1,2025
2025-11-26,6.32,6.31,6.35,6.4,6.47,6.54,6.61,6.66,6.72,6.81,6.84,7.08,2025
2025-11-27,6.31,6.3,6.34,6.39,6.45,6.53,6.6,6.66,6.7,6.8,6.83,7.06,2025
2025-11-28,6.32,6.3,6.34,6.39,6.45,6.53,6.6,6.66,6.71,6.8,6.83,7.06,2025
2025-12-01,6.32,6.31,6.35,6.41,6.48,6.55,6.63,6.69,6.74,6.83,6.86,7.09,2025
2025-12-02,6.32,6.32,6.36,6.43,6.49,6.57,6.64,6.7,6.75,6.84,6.87,7.1,2025
2025-12-03,6.3,6.29,6.32,6.37,6.44,6.51,6.59,6.66,6.71,6.8,6.84,7.07,2025
2025-12-04,6.23,6.21,6.25,6.31,6.38,6.45,6.53,6.61,6.66,6.75,6.8,7.02,2025
2025-12-05,6.27,6.26,6.29,6.35,6.43,6.5,6.58,6.65,6.71,6.8,6.84,7.05,2025
2025-12-08,6.29,6.28,6.33,6.4,6.48,6.55,6.63,6.7,6.76,6.85,6.88,7.07,2025
2025-12-09,6.26,6.25,6.29,6.35,6.43,6.51,6.58,6.64,6.71,6.79,6.84,7.05,2025
2025-12-10,6.3,6.29,6.34,6.4,6.47,6.54,6.61,6.69,6.75,6.84,6.87,7.06,2025
2025-12-11,6.3,6.29,6.34,6.41,6.48,6.56,6.63,6.7,6.76,6.85,6.88,7.08,2025
2025-12-12,6.29,6.29,6.34,6.41,6.48,6.56,6.63,6.7,6.77,6.86,6.89,7.11,2025
2025-12-13,6.28,6.28,6.33,6.41,6.48,6.56,6.63,6.7,6.76,6.86,6.9,7.1,2025
2025-12-15,6.27,6.28,6.33,6.4,6.47,6.56,6.63,6.7,6.76,6.85,6.89,7.11,2025
2025-12-16,6.22,6.22,6.27,6.34,6.42,6.5,6.57,6.64,6.7,6.8,6.83,7.06,2025
2025-12-17,6.09,6.11,6.17,6.25,6.33,6.41,6.49,6.57,6.64,6.75,6.78,7.05,2025
2025-12-18,6.05,6.04,6.1,6.16,6.24,6.33,6.4,6.48,6.55,6.66,6.71,7.01,2025
2025-12-19,6.05,6.04,6.09,6.15,6.23,6.32,6.4,6.47,6.55,6.64,6.68,7.02,2025
2025-12-22,5.95,5.94,5.99,6.06,6.15,6.24,6.33,6.4,6.48,6.58,6.63,6.94,2025
2025-12-23,5.96,5.96,6.02,6.09,6.18,6.27,6.37,6.45,6.52,6.61,6.64,6.97,2025
2025-12-29,5.98,5.99,6.05,6.12,6.2,6.29,6.39,6.47,6.54,6.66,6.68,7.0,2025
2025-12-30,5.97,5.99,6.04,6.11,6.2,6.29,6.39,6.46,6.54,6.64,6.67,7.0,2025
2025-12-31,5.92,5.94,5.99,6.07,6.17,6.26,6.35,6.43,6.49,6.59,6.63,6.85,2025
2026-01-05,5.92,5.93,5.98,6.06,6.16,6.25,6.33,6.41,6.48,6.57,6.61,6.8,2026
2026-01-06,5.89,5.89,5.94,6.01,6.1,6.2,6.29,6.36,6.43,6.52,6.57,6.75,2026
2026-01-07,5.88,5.87,5.93,6.01,6.1,6.2,6.29,6.37,6.43,6.52,6.56,6.75,2026
2026-01-08,5.89,5.88,5.93,6.01,6.1,6.2,6.29,6.38,6.45,6.54,6.58,6.76,2026
2026-01-09,5.9,5.89,5.96,6.03,6.13,6.23,6.32,6.4,6.48,6.57,6.61,6.79,2026
2026-01-10,5.89,5.88,5.93,6.0,6.1,6.19,6.28,6.37,6.45,6.53,6.56,6.74,2026
2026-01-12,5.87,5.85,5.9,5.97,6.07,6.16,6.25,6.33,6.41,6.5,6.54,6.71,2026
2026-01-13,5.89,5.87,5.91,5.98,6.08,6.17,6.27,6.35,6.42,6.5,6.55,6.71,2026
2026-01-14,5.91,5.89,5.93,6.01,6.1,6.19,6.28,6.36,6.44,6.51,6.55,6.71,2026
2026-01-15,5.96,5.94,5.99,6.06,6.15,6.24,6.32,6.39,6.46,6.55,6.58,6.73,2026
2026-01-16,5.98,5.97,6.02,6.09,6.18,6.27,6.35,6.43,6.49,6.59,6.63,6.76,2026
2026-01-19,6.03,6.03,6.09,6.16,6.24,6.34,6.42,6.5,6.57,6.66,6.69,6.83,2026
2026-01-20,5.98,5.98,6.04,6.12,6.21,6.31,6.39,6.47,6.55,6.64,6.67,6.81,2026
2026-01-21,5.96,5.96,6.02,6.1,6.19,6.29,6.36,6.44,6.51,6.6,6.64,6.79,2026
2026-01-22,5.93,5.94,6.0,6.08,6.17,6.26,6.34,6.42,6.48,6.58,6.62,6.75,2026
2026-01-23,5.91,5.91,5.97,6.04,6.13,6.22,6.31,6.38,6.45,6.54,6.58,6.72,2026
2026-01-26,5.9,5.88,5.93,6.0,6.09,6.17,6.26,6.34,6.41,6.49,6.53,6.67,2026
2026-01-27,5.9,5.88,5.92,5.99,6.08,6.17,6.25,6.32,6.4,6.48,6.52,6.66,2026
2026-01-28,5.87,5.85,5.87,5.93,6.03,6.11,6.19,6.27,6.34,6.44,6.46,6.61,2026
2026-01-29,5.89,5.87,5.89,5.96,6.04,6.12,6.2,6.27,6.34,6.45,6.46,6.62,2026
2026-01-30,5.93,5.91,5.95,6.01,6.08,6.17,6.25,6.32,6.39,6.48,6.51,6.66,2026
2026-02-02,5.89,5.87,5.91,5.97,6.05,6.13,6.21,6.28,6.35,6.45,6.47,6.62,2026
2026-02-03,5.89,5.87,5.9,5.96,6.04,6.12,6.2,6.27,6.33,6.43,6.48,6.6,2026
2026-02-04,5.87,5.84,5.87,5.93,5.99,6.07,6.14,6.21,6.28,6.38,6.41,6.55,2026
2026-02-05,5.89,5.86,5.9,5.96,6.03,6.11,6.18,6.25,6.31,6.4,6.44,6.57,2026
2026-02-06,5.88,5.85,5.89,5.95,6.03,6.09,6.17,6.24,6.3,6.39,6.43,6.55,2026
2026-02-09,5.91,5.88,5.92,5.98,6.04,6.11,6.19,6.26,6.32,6.42,6.45,6.58,2026
2026-02-10,5.89,5.86,5.89,5.94,6.02,6.09,6.16,6.24,6.29,6.38,6.42,6.56,2026
2026-02-11,5.87,5.84,5.87,5.92,5.99,6.06,6.14,6.21,6.28,6.37,6.41,6.54,2026
2026-02-12,5.83,5.8,5.84,5.89,5.97,6.04,6.13,6.2,6.27,6.36,6.41,6.51,2026
2026-02-13,5.83,5.8,5.84,5.9,5.97,6.05,6.13,6.2,6.27,6.36,6.4,6.53,2026
2026-02-16,5.8,5.76,5.78,5.83,5.9,5.98,6.06,6.13,6.19,6.28,6.33,6.46,2026
2026-02-17,5.75,5.71,5.72,5.76,5.82,5.89,5.97,6.04,6.12,6.2,6.24,6.34,2026
2026-02-18,5.76,5.72,5.73,5.78,5.85,5.92,6.0,6.07,6.14,6.22,6.26,6.36,2026
2026-02-19,5.79,5.75,5.78,5.83,5.89,5.97,6.04,6.11,6.18,6.26,6.3,6.41,2026
2026-02-20,5.78,5.75,5.79,5.84,5.9,5.97,6.04,6.11,6.18,6.26,6.3,6.4,2026
2026-02-23,5.8,5.77,5.8,5.86,5.92,5.99,6.06,6.13,6.2,6.27,6.32,6.42,2026
2026-02-24,5.78,5.75,5.78,5.84,5.9,5.97,6.05,6.11,6.18,6.26,6.29,6.4,2026
2026-02-25,5.76,5.71,5.73,5.78,5.84,5.91,5.98,6.05,6.11,6.2,6.23,6.34,2026
2026-02-26,5.74,5.69,5.72,5.77,5.83,5.9,5.97,6.04,6.1,6.18,6.22,6.32,2026
2026-02-27,5.71,5.66,5.69,5.74,5.8,5.87,5.94,6.0,6.07,6.16,6.19,6.29,2026
2026-03-02,5.8,5.77,5.8,5.85,5.92,5.98,6.06,6.12,6.19,6.27,6.3,6.38,2026
2026-03-03,5.93,5.91,5.94,5.99,6.05,6.12,6.18,6.25,6.31,6.38,6.42,6.52,2026
2026-03-04,6.07,6.04,6.06,6.1,6.16,6.22,6.28,6.34,6.39,6.47,6.5,6.59,2026
2026-03-05,6.07,6.04,6.07,6.11,6.17,6.23,6.29,6.35,6.41,6.49,6.51,6.61,2026
2026-03-06,6.25,6.26,6.3,6.35,6.41,6.47,6.53,6.59,6.63,6.71,6.76,6.81,2026
2026-03-09,7.0,7.04,7.09,7.15,7.19,7.24,7.28,7.33,7.37,7.45,7.49,7.56,2026
2026-03-10,6.39,6.43,6.46,6.51,6.55,6.6,6.65,6.7,6.72,6.79,6.82,6.91,2026
2026-03-11,6.49,6.52,6.56,6.61,6.65,6.7,6.74,6.78,6.83,6.89,6.95,7.01,2026
2026-03-12,6.65,6.68,6.71,6.75,6.8,6.84,6.88,6.92,6.96,7.02,7.08,7.13,2026
2026-03-13,6.88,6.93,6.95,6.99,7.02,7.05,7.08,7.13,7.15,7.22,7.27,7.32,2026
2026-03-16,6.97,7.02,7.03,7.05,7.08,7.11,7.15,7.18,7.2,7.27,7.33,7.4,2026
2026-03-17,6.86,6.9,6.91,6.93,6.96,6.99,7.02,7.05,7.08,7.16,7.21,7.26,2026
2026-03-18,6.69,6.71,6.72,6.72,6.74,6.77,6.8,6.84,6.86,6.89,6.98,7.01,2026
2026-03-19,6.98,7.01,7.04,7.06,7.07,7.09,7.11,7.13,7.15,7.23,7.27,7.33,2026
2026-03-20,7.05,7.05,7.04,7.04,7.03,7.04,7.05,7.06,7.07,7.13,7.16,7.22,2026
2026-03-23,7.75,7.69,7.61,7.53,7.48,7.44,7.42,7.42,7.41,7.44,7.47,7.52,2026
2026-03-24,7.56,7.51,7.47,7.43,7.41,7.39,7.38,7.38,7.38,7.41,7.46,7.5,2026
2026-03-25,7.38,7.35,7.33,7.31,7.3,7.29,7.28,7.28,7.29,7.31,7.35,7.42,2026
2026-03-26,7.24,7.24,7.21,7.2,7.17,7.16,7.15,7.15,7.15,7.17,7.2,7.3,2026
2026-03-27,7.37,7.37,7.34,7.31,7.28,7.26,7.25,7.25,7.24,7.25,7.25,7.3,2026
2026-03-30,7.35,7.35,7.33,7.29,7.27,7.25,7.24,7.24,7.24,7.24,7.25,7.29,2026
2026-03-31,7.3,7.31,7.28,7.25,7.23,7.21,7.2,7.19,7.19,7.2,7.22,7.26,2026
2026-04-01,7.04,7.04,7.02,7.0,6.98,6.97,6.97,6.97,6.98,7.0,7.01,7.06,2026
2026-04-02,7.15,7.15,7.13,7.11,7.08,7.08,7.08,7.08,7.08,7.1,7.12,7.15,2026
2026-04-07,7.05,7.06,7.03,6.99,6.97,6.96,6.96,6.97,6.96,6.97,6.97,7.02,2026
2026-04-08,6.74,6.72,6.7,6.68,6.68,6.69,6.69,6.7,6.71,6.74,6.75,6.78,2026
2026-04-09,6.63,6.6,6.55,6.52,6.52,6.53,6.53,6.54,6.55,6.57,6.57,6.62,2026
2026-04-10,6.67,6.63,6.58,6.55,6.55,6.56,6.57,6.58,6.59,6.6,6.61,6.66,2026
2026-04-13,6.17,6.05,6.01,5.96,5.94,5.93,5.93,5.94,5.94,5.96,6.01,6.02,2026
2026-04-14,6.22,6.11,6.03,5.99,5.97,5.97,5.98,5.98,6.0,6.02,6.03,6.08,2026
2026-04-15,6.2,6.09,6.01,5.96,5.94,5.92,5.92,5.92,5.93,5.95,5.97,6.0,2026
2026-04-16,6.23,6.13,6.05,6.0,5.97,5.96,5.95,5.96,5.96,5.99,6.0,6.05,2026
2026-04-17,6.27,6.15,6.08,6.03,6.0,5.98,5.98,5.98,5.98,5.98,5.99,6.04,2026
2026-04-20,6.07,5.93,5.85,5.8,5.77,5.76,5.76,5.76,5.76,5.77,5.78,5.81,2026
2026-04-21,6.01,5.88,5.78,5.73,5.7,5.68,5.68,5.68,5.68,5.71,5.71,5.75,2026
2026-04-22,5.97,5.81,5.73,5.67,5.64,5.62,5.62,5.61,5.62,5.64,5.64,5.69,2026
2026-04-23,6.09,5.93,5.85,5.8,5.76,5.74,5.74,5.73,5.74,5.75,5.77,5.81,2026
2026-04-24,6.18,6.02,5.93,5.88,5.84,5.81,5.79,5.79,5.78,5.78,5.81,5.84,2026
2026-04-27,6.19,6.02,5.92,5.85,5.81,5.78,5.77,5.76,5.75,5.76,5.79,5.81,2026
2026-04-28,6.3,6.13,6.02,5.94,5.91,5.88,5.86,5.86,5.86,5.86,5.88,5.9,2026
2026-04-29,6.32,6.14,6.02,5.95,5.9,5.86,5.84,5.83,5.82,5.83,5.85,5.9,2026
2026-04-30,6.3,6.11,5.99,5.92,5.86,5.82,5.8,5.79,5.78,5.79,5.81,5.85,2026
2026-05-04,6.28,6.08,5.96,5.87,5.81,5.77,5.74,5.72,5.71,5.73,5.74,5.77,2026
2026-05-05,6.32,6.13,6.0,5.91,5.85,5.8,5.77,5.74,5.73,5.74,5.77,5.8,2026
2026-05-06,6.26,6.06,5.92,5.82,5.75,5.7,5.66,5.63,5.61,5.64,5.66,5.65,2026
2026-05-07,6.14,5.93,5.79,5.69,5.62,5.58,5.54,5.52,5.51,5.52,5.56,5.56,2026
2026-05-08,6.02,5.83,5.7,5.62,5.57,5.53,5.5,5.48,5.47,5.48,5.51,5.57,2026
2026-05-11,5.89,5.69,5.57,5.49,5.42,5.38,5.36,5.34,5.33,5.32,5.36,5.33,2026
2026-05-12,6.05,5.87,5.75,5.67,5.62,5.59,5.56,5.54,5.53,5.52,5.58,5.57,2026
2026-05-13,5.85,5.67,5.55,5.48,5.44,5.41,5.4,5.39,5.39,5.43,5.46,5.5,2026
2026-05-14,5.81,5.62,5.49,5.4,5.35,5.33,5.31,5.3,5.29,5.32,5.35,5.36,2026
2026-05-15,5.81,5.64,5.52,5.44,5.39,5.37,5.35,5.34,5.33,5.35,5.38,5.4,2026
2026-05-18,5.87,5.69,5.59,5.52,5.48,5.44,5.42,5.41,5.4,5.41,5.45,5.46,2026
2026-05-19,5.81,5.62,5.5,5.42,5.35,5.31,5.28,5.27,5.26,5.29,5.32,5.43,2026
2026-05-20,5.83,5.66,5.54,5.46,5.41,5.37,5.35,5.34,5.33,5.34,5.38,5.46,2026
2026-05-21,5.76,5.58,5.46,5.38,5.32,5.27,5.25,5.23,5.22,5.25,5.28,5.43,2026
2026-05-22,5.78,5.64,5.53,5.47,5.4,5.36,5.34,5.33,5.32,5.34,5.37,5.46,2026
2026-05-26,5.76,5.61,5.49,5.41,5.35,5.31,5.3,5.28,5.27,5.29,5.32,5.37,2026
2026-05-27,5.57,5.42,5.32,5.25,5.21,5.19,5.17,5.16,5.16,5.18,5.21,5.2,2026
2026-05-28,5.5,5.35,5.26,5.2,5.16,5.14,5.14,5.13,5.12,5.14,5.18,5.18,2026
2026-05-29,5.42,5.27,5.18,5.11,5.07,5.05,5.05,5.04,5.03,5.06,5.09,5.09,2026
2026-06-01,5.39,5.23,5.15,5.1,5.07,5.06,5.06,5.06,5.07,5.08,5.11,5.1,2026
2026-06-02,5.39,5.23,5.14,5.09,5.07,5.06,5.06,5.06,5.06,5.08,5.11,5.12,2026
2026-06-03,5.45,5.29,5.2,5.15,5.13,5.11,5.11,5.11,5.12,5.14,5.18,5.16,2026
2026-06-04,5.45,5.31,5.21,5.15,5.13,5.12,5.11,5.11,5.12,5.14,5.17,5.1,2026
2026-06-05,5.45,5.3,5.21,5.15,5.12,5.11,5.1,5.1,5.09,5.09,5.09,5.11,2026
2026-06-08,5.62,5.48,5.38,5.31,5.27,5.25,5.23,5.22,5.22,5.22,5.23,5.25,2026
