date,beta1_level,beta2_slope,beta3_curvature,rmse
2006-11-15,6.228690127308973,2.362212495292816,0.5041152122081802,0.010151408005442487
2006-11-16,6.209564604072437,2.336651585294244,0.628579967429693,0.008964859744918985
2006-11-17,6.243982688010628,2.3036554732557852,0.4489194500374396,0.010358678496811274
2006-11-20,6.280603044427386,2.290224462711603,0.4826851224782531,0.007965140883609678
2006-11-21,6.073856902125167,2.135965678123991,0.7523876433237855,0.011766496523412499
2006-11-22,6.156695674424614,2.099460848956147,0.8291590465118563,0.014185679552743665
2006-11-23,6.144372731341165,2.1260192234094504,0.9679102424449929,0.015107416343395484
2006-11-24,6.223604506662647,2.0535772933441967,1.0889617038283392,0.010768328178104044
2006-11-27,6.108417921209413,1.9907236548355352,1.450370914113667,0.012999643613220684
2006-11-28,6.07229125068856,1.9745998332073387,1.4847889262802842,0.016536620063993448
2006-11-29,6.063003048657795,1.9368312594036357,1.3872434023190434,0.014781668354278294
2006-11-30,6.115568686514445,1.8834269417986245,1.4306290955865888,0.016761334483094734
2006-12-01,6.1089405212639605,1.8695005604895927,1.4529918419825472,0.019097816740433482
2006-12-04,6.16645225253239,1.8773593528929504,1.4045304103741747,0.0174329016714827
2006-12-05,6.147233205010318,1.850066485189086,1.4823247457217963,0.01899046445850087
2006-12-06,6.140381178048792,1.8490030984225105,1.5603925565963361,0.018752519975191787
2006-12-07,6.155845497408847,1.851839596169115,1.5311658168047881,0.01787928360386399
2006-12-08,6.126686158408278,1.9221850750691512,1.5692056307536544,0.01769091617520022
2006-12-11,6.126520676273561,1.8930054288491875,1.58969985678672,0.014680490342523469
2006-12-12,5.997501655030263,1.9042366405881053,1.6254546054769923,0.015960092683029864
2006-12-13,5.89393842631625,1.8782959568177022,1.746531210099509,0.020935679095829825
2006-12-14,5.8263159936261735,2.0150215925767285,1.719491195523767,0.014579157722217576
2006-12-15,5.817712253671537,2.0068901978288216,1.7229451812332441,0.016234996073221743
2006-12-18,5.848879055109001,1.9898331897437314,1.8013014316315819,0.017087341927520663
2006-12-19,5.858879055109003,1.989833189743732,1.8013014316315823,0.017087341927520833
2006-12-20,5.898879055109007,1.9898331897437398,1.8013014316315556,0.017087341927520663
2006-12-21,5.848879055109001,1.9898331897437314,1.8013014316315819,0.017087341927520663
2006-12-22,5.8446991811350335,1.947314952329872,1.7762671765068823,0.017132325083417322
2006-12-27,5.827487306777092,1.9668879954979903,1.7744443135153039,0.01825030890706731
2006-12-28,5.83350342143661,1.9463440449427125,1.8108158714161386,0.01795481377640412
2006-12-29,5.813174559305717,1.933933626821072,1.8630503423793419,0.01728611333338837
2007-01-02,5.756314515656566,1.8689688672556501,1.9148018007643997,0.017595399906685717
2007-01-02,5.756314515656566,1.8689688672556501,1.9148018007643997,0.017595399906685717
2007-01-03,5.730689889279285,1.8329755421177112,1.8854142466579682,0.016455008446882666
2007-01-04,5.820176162537576,1.8230404895759458,1.796161822018649,0.019546030714148933
2007-01-05,5.876143097968221,2.019017153997049,1.6182191356244284,0.017417693867162066
2007-01-08,5.89165110370427,2.0154375095243067,1.637689743317021,0.013732680138664051
2007-01-09,5.879380211857311,2.0859936477287544,1.6236697470687755,0.016803422625051488
2007-01-10,5.9218201602389025,2.0781916891260783,1.8993790949086855,0.01639052976661038
2007-01-11,5.948842769318657,2.007433903094366,1.9554926093099072,0.016211149626024414
2007-01-12,6.015538272654266,1.9392790560379818,2.1650595348982176,0.018649983321535463
2007-01-15,6.034875592080452,1.8441544595575505,2.025859920324328,0.019377164013681884
2007-01-16,6.018538585977539,1.7359893777091238,1.999769679900168,0.018369331708469074
2007-01-17,6.134820337299225,1.7180167667530692,2.0418133252653567,0.022671158709496306
2007-01-18,6.1163948903881025,1.7253156337174014,1.8931680500730468,0.021692748634890773
2007-01-19,6.091371883168013,1.6702697306255874,1.8941623097578828,0.022084532106916875
2007-01-22,6.064557658783335,1.7499449507005727,1.9087569424171023,0.020647647267558723
2007-01-23,6.088762690962929,2.0309825109462927,1.8487543612780424,0.02247006430783954
2007-01-24,6.1643076849109475,2.080888660536675,1.629997247451037,0.022957926342545527
2007-01-25,6.04318095454266,2.0182506416830317,1.7835715150823843,0.021703861865680102
2007-01-26,6.105588179454274,2.056130747159849,1.9291050484107908,0.027442039201770314
2007-01-29,6.094507370065857,2.055991779292237,1.901595007663124,0.025406832543697033
2007-01-30,6.13721090563874,2.130190019305945,1.816437029046439,0.02869471970036714
2007-01-31,6.108529571273146,2.1153687756109343,1.7062196520659076,0.025041450864362744
2007-02-01,6.037510734494991,2.034352278668954,1.7881451322014588,0.030219218095295142
2007-02-02,6.092785661983423,1.9847562305904838,1.6660559341173409,0.030237689884835633
2007-02-05,6.057368233400373,1.9860403993508342,1.710083256789048,0.03253267421839325
2007-02-06,6.012651887939907,1.9943957989713914,1.6695597926145476,0.03067283622066877
2007-02-07,5.996305404541773,2.035056111023336,1.6923963116441083,0.03198041211053384
2007-02-08,6.043195532910329,2.0670497221763724,1.6626335725968693,0.03039278627932855
2007-02-09,6.08561809699434,2.0807113437292792,1.6322512027667422,0.0347245108503855
2007-02-12,6.082541804673496,2.082111947543723,1.7237467929634451,0.0350898348058076
2007-02-13,6.0905260366396305,2.130166063631252,1.7254496455561985,0.03303774019963664
2007-02-14,6.039174001325771,2.124268074787335,1.5977951592471964,0.030524417386263113
2007-02-15,5.945555640621583,2.154753707756577,1.6929987406043319,0.030421176610393934
2007-02-16,5.9659848240788325,2.1893653677973957,1.6631551916021534,0.03168154697175452
2007-02-19,5.864542122330759,2.2500028508552474,1.735625931039275,0.0325320167390362
2007-02-20,5.891756718381546,2.330242712793868,1.6448978866182677,0.032035036005746594
2007-02-21,5.904407401470339,2.3309057258959935,1.7187137960876395,0.030379073214068977
2007-02-22,5.9462124926661195,2.329180475234966,1.5191051519075254,0.0274811405466609
2007-02-23,5.9534421729466676,2.2944523801400556,1.501480433384681,0.0281758536834893
2007-02-26,5.930195384488136,2.2486451396100176,1.7085363415135657,0.027770691179798294
2007-02-27,5.906805696038633,2.185382806588066,1.836409976027903,0.033067176929047676
2007-02-28,5.944000568498437,2.314308150164862,1.7776658299427763,0.03126412071735338
2007-03-01,5.880224359718927,2.305200204812889,1.9376773703925345,0.03364188588329686
2007-03-02,5.831622231375307,2.2831857910803373,1.7920289160820109,0.031094472304600478
2007-03-05,5.913045620593037,2.2702301395675573,1.745979364126588,0.029405677247039068
2007-03-06,5.867659097466784,2.207271067963543,1.7392178639090368,0.028701686432019105
2007-03-07,5.867659097466784,2.207271067963543,1.7392178639090368,0.028701686432019105
2007-03-08,5.86881576483895,2.1388788799782636,1.6832902922927078,0.030200650792667063
2007-03-09,5.874276342298751,2.0671886900439986,1.690143613344502,0.03247706587363208
2007-03-10,5.865051470983823,2.027189653622465,1.7377335242298664,0.02962029326322934
2007-03-12,5.849064450124492,1.976329584779394,1.7502768807870333,0.03019625831843597
2007-03-13,5.829542926892262,2.0383825394676873,1.8911607646209325,0.031649837642180274
2007-03-14,5.772148930003437,2.146673590795524,1.9316241911737355,0.02683263376816884
2007-03-19,5.572905977244481,2.0334013215232716,2.1660442541933547,0.022931109789931518
2007-03-20,5.6111959392979855,1.9141543411160145,2.287928065345215,0.022188202333358366
2007-03-21,5.652757260554467,1.921036670118401,2.2819388772744604,0.018430415271032393
2007-03-22,5.640604403685548,1.889626618250197,2.292313147539528,0.019098074764471302
2007-03-23,5.589128653554515,1.851382390825442,2.3601995975137604,0.014602479409741792
2007-03-26,5.641091447339472,1.7877603061193077,2.279622187826824,0.016425211828751216
2007-03-27,5.700782995559253,1.8552484975073487,2.251992136680314,0.015466549313469321
2007-03-28,5.693875061268085,1.838409938281091,2.301202457242002,0.014205226245395384
2007-03-29,5.676538376871893,1.7607027170078864,2.349487312774973,0.014605243453494258
2007-03-30,5.666860122861273,1.7091360626867258,2.3810729148138092,0.014064891127216431
2007-04-02,5.69635469152834,1.7162170962301988,2.318963245761999,0.015274858711928555
2007-04-03,5.716047618708077,1.653819443610938,2.3660436804755003,0.015720334382840002
2007-04-04,5.728187694657796,1.6274023973341203,2.256183239837046,0.016042216457617057
2007-04-05,5.748848474060139,1.5981658301104005,2.1635148608411887,0.018228588628449793
2007-04-06,5.746805082539813,1.5909011912591868,2.1897174502312056,0.01869034787256897
2007-04-10,5.770790406781923,1.6037562007980384,2.0905844697381966,0.0175281487195065
2007-04-11,5.726247963718688,1.4820614882121188,2.0782104481600037,0.0213667319702079
2007-04-12,5.750035470238727,1.450090038655281,1.9810730622840922,0.02213635828342374
2007-04-13,5.8517600104838525,1.3475294750903617,1.691328739790694,0.02521234951522848
2007-04-16,5.859989591022015,1.3556922186797637,1.526026070648587,0.03113515927468312
2007-04-17,5.875136906157956,1.4323751915822822,1.4168742229180684,0.029764172132879702
2007-04-18,5.862771768648246,1.4766772070522256,1.4114912102692698,0.03128922222911716
2007-04-19,5.903644477572405,1.4949291255743373,1.2026709165892697,0.02682198765293241
2007-04-20,5.884804399321793,1.3485816634864392,1.330013852018292,0.026095721971818284
2007-04-21,5.882566104351375,1.37220793464991,1.2990165605793513,0.021094298605476677
2007-04-23,5.886634163666065,1.3831758271444186,1.2663358350783294,0.01995386728591786
2007-04-24,5.892237744342888,1.4354407111588978,1.4093009010636555,0.02157524457802169
2007-04-25,5.85396498126103,1.442144940799548,1.4987640998897462,0.025857158451964506
2007-04-26,5.851499514616663,1.4487455314233237,1.437944096626389,0.02523838440044522
2007-04-27,5.8459420970961204,1.3877591022369464,1.3649435293572085,0.021144284637709232
2007-05-02,5.8640861590226345,1.4276191707908616,1.2898435777241775,0.022222136458377454
2007-05-03,5.849757965678455,1.4214362206894593,1.2665228882338269,0.023820622892940048
2007-05-04,5.834190384103012,1.3806910942556143,1.2903297041921484,0.024019555195530652
2007-05-07,5.79419038410301,1.380691094255613,1.2903297041921513,0.024019555195530704
2007-05-08,5.789893504129463,1.3272738352319793,1.1653231522261,0.02524894214068158
2007-05-09,5.794574414987705,1.3985468717663134,1.2437362419920328,0.0230497042211179
2007-05-10,5.7766930291419865,1.4334505231508359,1.16780903000725,0.022587998957097698
2007-05-11,5.875458704982115,1.479647863084112,0.9634536009195943,0.021165233372844497
2007-05-14,5.837442832130157,1.4674945927551035,1.0346574183985575,0.01997075946655096
2007-05-15,5.872062686744308,1.4550820369477286,1.0675749905899252,0.017645344046173433
2007-05-16,5.817506670767378,1.4682401684710429,1.2071751440974459,0.020897454344771145
2007-05-17,5.889293477106691,1.5340498659442146,1.1065018046744755,0.02393376179278699
2007-05-18,5.913520531359206,1.5343918281187412,1.078827816202371,0.02355620371281912
2007-05-21,5.866612597068038,1.517553268892481,1.128038136764072,0.022206823949561985
2007-05-22,5.793777644865657,1.4796023630739836,1.1156018885637484,0.024654870221959974
2007-05-23,5.817931696229396,1.4733742796157887,1.1337673727133886,0.02326295180426062
2007-05-24,5.803360149040887,1.4307497703929877,1.3837104225576702,0.026365884188581934
2007-05-25,5.8636330861708705,1.3967152605651718,1.2750607340267721,0.01856629197449961
2007-05-29,5.872133165013755,1.3977948134520284,1.2650664262819804,0.020469763346520085
2007-05-30,5.870206082667548,1.4051962824851307,1.2470569788677688,0.021352968685493908
2007-05-31,5.809361413324829,1.397213980116967,1.5110218189757199,0.024946466422432312
2007-06-01,5.785788414824337,1.393143255738795,1.5063617794852397,0.024463704452040377
2007-06-04,5.785788414824337,1.393143255738795,1.5063617794852397,0.024463704452040377
2007-06-05,5.794032606212753,1.3721026979663136,1.5347953699522092,0.023658592932104178
2007-06-06,5.921299586947742,1.3424700150823448,1.395647603692923,0.02240822691880121
2007-06-07,5.9768477960511825,1.3087000700703988,1.5357338836684467,0.02755794572008743
2007-06-08,6.105781714777802,1.2841170445111885,1.669826135712519,0.024044947317343756
2007-06-11,6.071504289678193,1.1227295073173797,1.8378834998819193,0.022706205340733452
2007-06-12,6.084548603215049,1.0532964653790464,1.8400655123627785,0.026727333387988262
2007-06-13,6.267079756386354,0.9713457935021024,1.7427517863729596,0.026473815341143785
2007-06-14,6.310521373281286,0.896041880731054,1.5039333878837076,0.03054809419864085
2007-06-15,6.258033104549718,0.9039006731344161,1.455471956275319,0.02947062507775189
2007-06-18,6.139711473556145,0.9357789230917141,1.4284872129501733,0.03001030945588754
2007-06-19,6.217429307572453,0.9128804399573146,1.4547230673220122,0.031787717656155956
2007-06-20,6.172758114684531,0.9379917221079708,1.4309495163455102,0.03268324753776785
2007-06-21,6.283094664090036,0.9324662404296221,1.2606405109228198,0.028494024057227896
2007-06-22,6.230208763505834,0.9340525232230279,1.4327391143552948,0.02883451009686319
2007-06-25,6.168869964357283,0.8923829778902276,1.562123781935808,0.029926190802069853
2007-06-26,6.087162684336748,0.7896924665866264,1.3605089680702578,0.03164127593253772
2007-06-27,6.172215579202722,0.7758115852877221,1.2307234268220653,0.029227711969910124
2007-06-28,6.2180916125583945,0.7490685203335414,1.2345466620102183,0.030902068804134736
2007-06-29,6.172911254556764,0.6708571722966646,1.4490940857868664,0.029120088334069774
2007-07-02,6.121549473679468,0.6101815859682395,1.4763596538257775,0.027455572247148213
2007-07-03,6.113693522987131,0.5603011920702532,1.515993928864188,0.029593981933369564
2007-07-04,6.158454803542578,0.5319664837580469,1.487566273859324,0.03186490176281382
2007-07-05,6.153593218918021,0.5568920869297503,1.3831897096470276,0.03319655064212102
2007-07-06,6.176305152128995,0.6072045020436496,1.2352065779910006,0.03101090003280363
2007-07-09,6.185467628917396,0.5916227894655717,1.1842601398547237,0.03309783308689324
2007-07-10,6.169276381358216,0.5613228354752764,1.169659571733398,0.032840930966924774
2007-07-11,6.175190100025939,0.6105591336923506,1.1421435955236283,0.029055000818997475
2007-07-12,6.193342887105734,0.6378668405101706,1.0329976832552406,0.029021424136290955
2007-07-13,6.19055476146367,0.6182937973420436,1.034820546246836,0.026650542926739296
2007-07-16,6.2080892948193,0.6248943879658155,0.9740005429834938,0.025836193494059405
2007-07-17,6.189796611072944,0.6443284632663249,0.9446676392442355,0.025854052633284996
2007-07-18,6.159443867355842,0.6511259778868062,0.9853217861613783,0.02406072209241336
2007-07-19,6.1321384576986295,0.6384949732205987,1.047385288189384,0.025112297093297292
2007-07-20,6.077736551102201,0.6316919025863041,1.0146546899006128,0.024001565366373104
2007-07-23,6.084041767915113,0.639560497672923,0.9886343760866421,0.027330656047609755
2007-07-24,6.08052883473949,0.6807424946504881,1.0563960492909379,0.025948146047747003
2007-07-25,6.1359336794768655,0.6575868637234564,1.0636625571470113,0.02770371767591956
2007-07-26,6.194874834006281,0.6717703928251145,1.0602691572668326,0.027666913973798262
2007-07-27,6.275220999152803,0.8035311408168196,1.0345675992603827,0.023109798799015854
2007-07-30,6.29806201160147,0.7888748337929754,1.0423748839516436,0.025762101747646766
2007-07-31,6.287032715094034,0.8403468710489913,1.0349914991062377,0.023038726319516874
2007-08-01,6.320101073823865,0.907025976031755,1.1018921727390343,0.020777091520947717
2007-08-02,6.300851292907014,0.8960209068512236,1.0483848443555757,0.019917308911326214
2007-08-03,6.218227457670193,0.8747725085035847,1.1231155465099274,0.018026294035312872
2007-08-06,6.301620520360963,0.9274852262874845,0.947501899836854,0.019726628031436468
2007-08-07,6.239646452439265,0.8976526896547541,1.068335160143912,0.01745067860351245
2007-08-08,6.187579171524421,0.8940958006186569,1.0499113568343825,0.015425046394521951
2007-08-09,6.254348463413362,0.8970463044295703,0.9053912909678694,0.016761115078086617
2007-08-10,6.309561862370086,0.9522778865003338,0.985000044518833,0.017397886292648403
2007-08-13,6.299879041201406,0.9427411428113166,1.0941958295749736,0.017044251278354752
2007-08-14,6.293691951637461,0.941918737717096,1.123159483835516,0.01644162600626247
2007-08-15,6.343364988780214,0.9833656738644762,1.2916502538235024,0.01235706197296996
2007-08-16,6.404595449038624,0.9498907422956674,1.281330931763417,0.014368055416718695
2007-08-17,6.465321961142782,1.022403337324179,1.2455139564510063,0.012309878038031059
2007-08-21,6.501901033303051,1.0268314784287915,1.2485381068525259,0.011975531231561563
2007-08-22,6.47567470485988,1.015605822703695,1.2048598095338727,0.014235411127706404
2007-08-23,6.393528051124154,0.9704325551652171,1.2256424750907342,0.01539177222000575
2007-08-24,6.391628789566705,1.016388913426144,1.0703912026170552,0.013189980717172247
2007-08-27,6.289883199196633,0.9722186917073766,1.137760051956886,0.016492787630340292
2007-08-28,6.357905886288029,0.9906488942916672,1.1208006215881974,0.01741085636500824
2007-08-29,6.387146586435556,1.0042566536628854,1.1597095708507366,0.013853267072323462
2007-08-30,6.3201000097421645,0.973530039021295,1.1136101461075745,0.012881617085491289
2007-08-31,6.318674200733657,0.9443729256148448,1.1141461453633152,0.014597540340871372
2007-09-03,6.305806059112622,0.9638534894035639,1.155842398336965,0.013740984135690847
2007-09-04,6.334365576935005,1.0486606829375602,1.0777123608403005,0.01402194072872934
2007-09-05,6.332973711338297,1.0209562450215124,1.0829892095414213,0.012588907842601282
2007-09-06,6.337149016256401,1.0350005836324272,1.070021953138355,0.01258463292894532
2007-09-07,6.312660690502201,1.0599705376065853,1.0173576468672074,0.012737672115620874
2007-09-10,6.300767551567799,1.0688246821300904,1.004089048898372,0.010877758175421675
2007-09-11,6.282395019517523,1.1651637751109207,0.8430815236339344,0.009163113239979287
2007-09-12,6.129964721199458,1.2024873862800907,0.8805836589791837,0.007087799660090909
2007-09-13,6.1051653392369785,1.1998918702058388,0.8607062421567538,0.0082536470442521
2007-09-14,6.11441494554662,1.1465872079194612,0.8849428934230756,0.01050203352998491
2007-09-17,6.156419098187725,1.143448596139807,0.7860983524538306,0.013005703051552152
2007-09-18,6.190727896593597,1.1034705702840162,0.8518028140939438,0.011820789896494219
2007-09-19,6.080400824483311,0.960170658061986,0.9731850600629224,0.012689482917561569
2007-09-20,6.06323613040391,0.9375674259907644,0.9186539534745652,0.01681707894579241
2007-09-21,6.09994726718041,0.8842933086954418,0.9279100740992671,0.017195023780066727
2007-09-24,6.124253351527011,0.7631033042354541,0.9724958848447427,0.01806694647719465
2007-09-25,6.149627548897024,0.876927805247169,0.8268663152656482,0.017844790934811314
2007-09-26,6.163747357546125,0.8741933213052934,0.7794788576955726,0.016289398923124872
2007-09-27,6.170963743617512,0.8235436891435123,0.7578985882803855,0.01972815008827169
2007-09-28,6.2401775254329905,0.8230290007434159,0.6446340347201821,0.01963929005931353
2007-10-01,6.248263660505006,0.8439879843801573,0.7406760723807708,0.019252665937741453
2007-10-02,6.2476370614405425,0.8542259529826379,0.7522857550824426,0.021821724526734806
2007-10-03,6.282920715980076,0.8625813526031977,0.711762290907934,0.020252368490807283
2007-10-04,6.28243661801023,0.921131200523804,0.8014338490220019,0.0190030056742848
2007-10-05,6.208018336998532,0.9181716765839588,0.8303143655129999,0.01682101261889769
2007-10-08,6.185425114806554,0.8677077234011303,0.8893371093336082,0.0197244250753939
2007-10-09,6.189861691226341,0.8564401458633483,0.9567081476738281,0.019751750828691832
2007-10-10,6.173613398865329,0.8308919931689682,0.8889132094877275,0.01954619093476488
2007-10-11,6.2110792664384205,0.7355362176994539,0.821258869322208,0.025359186496972413
2007-10-12,6.148854210232559,0.7860373475683026,0.8484241793860926,0.02386969584225777
2007-10-15,6.176294104296763,0.7830788587537849,0.8381062002810181,0.023177790846696834
2007-10-16,6.196957904222145,0.8038468141817124,0.7646651639151539,0.023735079253395557
2007-10-17,6.183267899722084,0.788877068193784,0.6600328275832802,0.023128360661858225
2007-10-18,6.197490379884393,0.8047906202570508,0.5091503335040276,0.020211490151866764
2007-10-19,6.165718821039765,0.8089721965015698,0.7190625379837519,0.021693878741654515
2007-10-20,6.164468555991571,0.8296553375476123,0.6922648366057329,0.022907774581662724
2007-10-24,6.120297409068695,0.8450885478327603,0.7487963153907039,0.022762150530310304
2007-10-25,6.030887880599433,0.9361203336881149,0.7561292065649393,0.016898173822130054
2007-10-26,6.015371811904971,0.9469862123779019,0.8000626784255169,0.017066430848113375
2007-10-27,5.999312911415574,0.9738706055085785,0.8251301985320257,0.01622258347506199
2007-10-29,5.9760155863372955,0.9587395092564864,0.8966700005078294,0.014174148922966236
2007-10-30,6.053131489228559,1.0295446413108187,0.8385235437813421,0.013007244928241898
2007-10-31,6.055043334631691,1.005459745216587,0.9424809857272132,0.011782344293946409
2007-11-05,6.029047562416041,1.0390396391630248,1.0848168501124518,0.011573470301216424
2007-11-06,5.960718843335202,1.130210392886002,1.1196597820343248,0.009607571885295369
2007-11-07,5.991203115912257,1.1359702764323054,1.0592589010374016,0.009566168656917094
2007-11-08,6.021466366817295,1.2942160061415129,0.8016612590741504,0.009605791320053517
2007-11-09,6.0296245661566585,1.2903714243217366,0.779248639890454,0.008193580939317692
2007-11-12,6.058235422252807,1.362479891512444,0.6919745811789492,0.00792432419534772
2007-11-13,6.09100229434051,1.3617805126114717,0.7212844587400228,0.009818572710293792
2007-11-14,6.048599781362675,1.3107668725840949,0.748462122638284,0.009850115824580903
2007-11-15,6.103088107116867,1.2857969186099283,0.8011264289094642,0.010077849342601536
2007-11-16,6.090215115884209,1.232420787509877,0.8869967468957943,0.010530297784006774
2007-11-19,6.182874550329316,1.1486438378224813,0.8310201485371164,0.010619198815948158
2007-11-20,6.2328962374106265,1.1395585143098925,0.9158340209143176,0.015405537398772562
2007-11-21,6.248422759432759,1.114873892810539,0.9711064285126274,0.015534375818031479
2007-11-22,6.22761275747831,1.195512846156254,0.9856281622059293,0.015831527615732623
2007-11-23,6.2802089352173205,1.217829907691561,0.9980976753880729,0.015113062956692179
2007-11-26,6.190708981182367,1.2081518358260555,1.078402705149541,0.013645616348759696
2007-11-27,6.1405203144369915,1.445902441727216,1.119598687366314,0.007979887850760568
2007-11-28,6.088380474940704,1.4070061064440238,1.1946257400334357,0.010252614378627982
2007-11-29,6.053531198640413,1.365374887004917,1.2063379159131487,0.009540167257991498
2007-11-30,6.0570416757921555,1.3653365611112236,1.3240104076139414,0.010591990386738097
2007-12-03,6.05442667431962,1.3534910074763429,1.2529860172721443,0.009789542552878365
2007-12-04,6.095618497414739,1.3593455080878114,1.1683829190817279,0.011702730025824244
2007-12-05,6.077841399026149,1.3628260820419902,1.2395534715788699,0.010469488028438721
2007-12-06,6.035372999301053,1.3692194688246997,1.2287505350968226,0.009936370186898039
2007-12-07,6.069213392627692,1.3030186690758816,1.141243296903796,0.012939613337690182
2007-12-10,6.07070936603998,1.2790357867863758,1.1685865414880445,0.011329491406203396
2007-12-11,6.092101231636682,1.3067402247024167,1.1633096927869473,0.011594459381375965
2007-12-12,6.1010063770346505,1.3207728311731237,1.1283455813751926,0.011981058738800844
2007-12-13,6.0976510072895165,1.3626404030630428,1.1589504583430659,0.008842037384786963
2007-12-14,6.155474932238419,1.3775376917592264,1.1020390170378673,0.005980302006976727
2007-12-17,6.224224667190222,1.398220832805258,1.075241315659879,0.008184536373143614
2007-12-18,6.217595099959871,1.3468652306033586,1.1300929680302252,0.008701765068360992
2007-12-19,6.227698897931532,1.314514202723874,1.1614915961664471,0.011616292418928116
2007-12-20,6.299652555502561,1.2644481298469374,1.1205228579690636,0.013524013059079042
2007-12-21,6.285996819330247,1.1996181073188539,1.2482871158732687,0.013186708650532883
2007-12-22,6.278633948776222,1.2367880427333604,1.177511964611271,0.011882895257124803
2007-12-27,6.281681617745583,1.232315550826272,1.1227755562686719,0.013148422094783313
2007-12-28,6.27808736569073,1.207972404379,1.149248257330873,0.012419862649007003
2007-12-29,6.280058475466145,1.2033054174649886,1.1557992924077587,0.01081461438168686
2008-01-02,6.264773683454417,1.215476991600023,1.1719858768303475,0.011762705412384014
2008-01-03,6.3075013900533845,1.2503514513021141,1.1647086559326991,0.008654058114462456
2008-01-04,6.24001240289897,1.2438116999122282,1.2004135318352178,0.010541549244312217
2008-01-07,6.220462101509474,1.2852652253759829,1.2629363876913213,0.008544818642463366
2008-01-08,6.083888441608768,1.2496847956337642,1.3466455303745146,0.009546145257435504
2008-01-09,6.078334154242476,1.2248612062667807,1.3744078972252047,0.008050966291320391
2008-01-10,6.071678659599301,1.1978160272795348,1.2501598516526073,0.01011428896400835
2008-01-11,6.084151571037854,1.160346051503181,1.237559655727845,0.014563088727490361
2008-01-14,6.120769397626221,1.130204004097836,1.2827336154422506,0.01838085414268118
2008-01-15,6.168162585550708,1.176065745293598,1.1516845601620582,0.012425437786543038
2008-01-16,6.208118363418449,1.2527415440796805,1.0770085083749028,0.013870243147100806
2008-01-17,6.207858645483938,1.2124773476879824,1.1006513766087718,0.015902654270488474
2008-01-18,6.260669742303144,1.1977485851951806,1.0057607535703381,0.0165558572169361
2008-01-21,6.334795262514644,1.1589155376089781,1.1059186813593185,0.017558544547700013
2008-01-22,6.437213702925938,1.0353350331622628,1.2005761249162055,0.018882343639744323
2008-01-23,6.371246382053802,1.0703234989286887,1.0780055779435231,0.017415390358805734
2008-01-24,6.398494055292787,1.0443271588980974,1.050485993245345,0.018379714777644662
2008-01-25,6.335847530199225,1.073141694692038,1.0202343061578691,0.018972773428418445
2008-01-28,6.379677536194413,1.063114162770857,0.9745009974838267,0.019839450626374835
2008-01-29,6.36503347247886,1.0834011881566423,0.9012239088424062,0.018418679552490193
2008-01-30,6.338409465223602,1.098952355743671,0.9671508776202827,0.018254251059435317
2008-01-31,6.353872647111463,1.1223158272458598,0.9135872580768347,0.01769801876244833
2008-02-01,6.372165330857821,1.1028817519453546,0.942920161816078,0.017592320758302707
2008-02-04,6.385726693719611,1.0440985873499176,0.9054769793385895,0.021946521356721878
2008-02-05,6.441944362317065,1.072092855735385,0.923505845283456,0.022018010870420105
2008-02-06,6.511650130357659,1.1897192042519922,0.9326005419182242,0.016625143096329936
2008-02-07,6.525100697520858,1.3070838102663038,1.3036872338585195,0.01558974598392557
2008-02-08,6.6079197460516905,1.278105006273187,1.2873778776822855,0.01722127983079774
2008-02-11,6.725842998926028,1.5081159376153064,0.9538424618849332,0.008870416693510694
2008-02-12,6.72980757173617,1.5763417197156613,0.9438920914657732,0.009831266185513252
2008-02-13,6.68381013793227,1.6280215957240391,0.8313657250256286,0.006388343317962406
2008-02-14,6.59674059006174,1.6315967867433805,0.8783340603292925,0.006527687078700727
2008-02-15,6.645510840166805,1.6591217932123652,0.9439027638095316,0.0060466184607734525
2008-02-18,6.696015735743471,1.722300416235614,0.9800337285583626,0.0035849780362407243
2008-02-19,6.707194121161604,1.7793617371633368,1.019355593485673,0.006367887865160789
2008-02-20,6.7462479707873895,1.8279430072818967,1.0728617527781006,0.009216352414672802
2008-02-21,6.793468930948988,1.7617217852313887,1.1744899889700346,0.0047761082406258025
2008-02-22,6.792612260108128,1.7721276433031596,1.0305776522341286,0.006433399423834787
2008-02-25,6.741998186845506,1.7525439805166048,1.243977107405091,0.006194237396409619
2008-02-26,6.664531270322115,1.711778123109729,1.0764777977693105,0.007327046607107158
2008-02-27,6.589396448442745,1.6251818750985592,1.0197570768284367,0.007857043464643746
2008-02-28,6.609845436689773,1.672585325662138,1.0270305512643831,0.005344710823510474
2008-02-29,6.718550384950772,1.8494451079201548,1.1942011933755845,0.006921259656418754
2008-03-03,6.869899881221355,2.262582286378938,1.0246503674992244,0.019642205211907588
2008-03-04,6.5922749128892075,2.2245271323549156,1.4711703730288426,0.018989272215425245
2008-03-05,6.574525940109486,2.3589696558784587,1.5758910582498336,0.022319392134825918
2008-03-06,6.600598152065278,2.366798936593317,1.444365791779565,0.019744383255718097
2008-03-07,7.037478462869987,2.328318740880831,1.4196552080151494,0.01685882965795477
2008-03-10,6.985501933715342,2.3867761075992266,1.4940000121871193,0.02124214817968176
2008-03-11,6.974776930992891,2.3412824045711287,1.4706824561063556,0.022236537093558852
2008-03-12,6.872785250036917,2.214536573969952,1.417045711346773,0.006249478420320544
2008-03-13,6.953155557162618,2.06141160983727,1.586245250193812,0.007704646198949319
2008-03-14,6.849314022614753,1.8824783966446534,1.4600497646522743,0.007742322232252569
2008-03-17,6.99545393190016,1.925477076978226,1.483794353988484,0.007502713559147388
2008-03-18,6.994456595985423,1.9368815487124178,1.3992374228218933,0.006908918188382686
2008-03-19,6.700282092019909,1.9486720222770233,1.5820327987886975,0.011347488677864472
2008-03-20,6.6493777276105615,2.0431597166663122,1.5863593251305428,0.010271764523934001
2008-03-21,6.661087565884289,2.063804645900991,1.5125720654641617,0.00939212753216325
2008-03-25,6.634092796340383,2.123788250068004,1.4622043948181835,0.01005045711149719
2008-03-26,6.655711544171154,2.1886342160932255,1.4204498242685542,0.008011452547873374
2008-03-27,6.660403680530225,2.1881532860510884,1.4206137719929701,0.009268210968157622
2008-03-28,6.782776350276422,2.1627792042391407,1.4218209948649985,0.006958991972527959
2008-03-31,7.045694274004812,2.1335296114532842,1.465876110085981,0.00837909269932405
2008-04-01,7.108710068234165,2.292917762058981,1.3200032073997494,0.005573364648180367
2008-04-02,6.866416286857713,2.3149347832324514,1.2490973733951047,0.0066618432057464465
2008-04-03,6.882653307681229,2.3096747297822215,1.1582716098146564,0.005636828562732632
2008-04-04,6.94312688787794,2.331920322503852,1.2323747897168245,0.006632091794804264
2008-04-07,6.803518703675367,2.2867165099743376,1.2681379859152406,0.004052893074055733
2008-04-08,6.786721783090894,2.2755934834919285,1.2052351675388748,0.0027658953301344185
2008-04-09,6.7995012390242735,2.2967655667576397,1.1832512145721683,0.005376643709273696
2008-04-10,6.794349529439677,2.255918426519075,1.2836722278920873,0.003659215262689066
2008-04-11,6.688742037772664,2.1621704587050874,1.257496411141929,0.005371476028995097
2008-04-14,6.763367806080133,2.1561105347969267,1.234521944952122,0.008777063330674718
2008-04-15,6.689004711254214,2.1742877634492714,1.3053457999107914,0.009103978880077777
2008-04-16,6.720810029050986,2.1597774226413624,1.3311695958716077,0.0063655777640121425
2008-04-17,6.808165398022012,2.289595544971589,1.1852515867687112,0.0038501704592865957
2008-04-18,6.811294248496782,2.34881204856054,1.0929862704409794,0.0052296717352410755
2008-04-21,6.731795558589129,2.29367371172415,1.2109720295065756,0.00827705826532772
2008-04-22,6.7178126641678695,2.3115626321548444,1.2204173922872035,0.007973184162538087
2008-04-23,6.705037777290356,2.3188644476920808,1.2804028567816668,0.009145627796363567
2008-04-24,6.698856355103341,2.3745384834943253,1.2937962020309735,0.0062193911223536675
2008-04-25,6.842028787151512,2.5003955889506555,1.0779973062194472,0.0046942162540053066
2008-04-26,6.790547661515561,2.4747238957666537,1.1585907755046532,0.006103401235673169
2008-04-28,6.803085212831321,2.444099294929779,1.0358771533999092,0.004639638025414494
2008-04-29,6.730170244649966,2.445201996068128,1.0633142951816357,0.008688271863220331
2008-04-30,6.836756535355803,2.4696045550549472,1.039266090915003,0.008255016136578476
2008-05-05,6.834719219499075,2.4582870353883934,1.0964965858655273,0.006853500777445427
2008-05-06,6.826792032334775,2.4054811180049573,1.147988103337533,0.008515542751140333
2008-05-07,6.848421469946652,2.3911949596606052,1.1706060242754526,0.011286048090856418
2008-05-08,6.888060103305579,2.3696429250321334,1.1553382232011078,0.00880632588866429
2008-05-09,6.927048542214705,2.276450829048596,1.5859557536237212,0.010010061134904024
2008-05-13,6.829895346096162,2.2307112565116594,1.790413131242664,0.019232760243567123
2008-05-14,6.827264594390596,2.2440878368937938,1.9008673549135624,0.018590881441218107
2008-05-15,6.871431174155411,2.2706845372407973,1.9219460591458895,0.0189137704632606
2008-05-16,6.818202249663341,2.261415338339731,1.8564707827631546,0.0173413852260859
2008-05-19,6.75695402957838,2.2419584583949868,1.649801627334278,0.016959249876938556
2008-05-20,6.795389752774866,2.2632230210401216,1.5842985584022808,0.017058616947971957
2008-05-21,6.787082849207692,2.2325189392120586,1.5182409068817548,0.01969107697582012
2008-05-22,6.79201531359729,2.1820957409127075,1.6223527526015513,0.017677896679814068
2008-05-23,6.809528920913749,2.1797573726310753,1.6214446822949011,0.020760065314691056
2008-05-26,6.729414357171253,2.1826170204519473,1.6884952619373095,0.024209690281680588
2008-05-27,6.741534171174487,2.2124986971858,1.783516567718343,0.021025058471570768
2008-05-28,6.779607780444667,2.2632793122115933,1.6777688329095934,0.022079641588928445
2008-05-29,6.770155006688258,2.211424965106751,1.7053656190742659,0.021341448754634954
2008-05-30,6.78835201779813,2.2325606825736086,1.786507453138022,0.01874451097528648
2008-06-02,6.785483212773057,2.224941838540053,1.883909093635913,0.021791508890832475
2008-06-03,6.791582754121542,2.245889916933121,1.8989946191341982,0.021689156951946315
2008-06-04,6.848028052238298,2.2599576264186374,1.9055226280329376,0.021425405470703887
2008-06-05,6.892460470662854,2.219212499984799,1.929329443991241,0.02118227361022084
2008-06-06,7.105770839257412,2.3256187479299024,2.300001780036241,0.022007899354996897
2008-06-09,6.873771154402106,2.785875809559226,2.444018314610561,0.022967050596047447
2008-06-10,6.887175340400925,2.7300986573918555,2.448723772354946,0.019110255170849393
2008-06-11,6.90776581193167,2.821130443247219,2.4560566635291443,0.023602846364428
2008-06-12,6.937581715527473,2.7776484725626216,2.4310953073703776,0.019737296932647135
2008-06-13,6.975237977436445,2.7451247912663197,2.2451674280539775,0.016191475042947746
2008-06-16,6.990438919369705,2.727013212442633,2.259701032671543,0.014028325656246466
2008-06-17,7.036163290351277,2.6312219602938605,2.3024382925394526,0.0125446759177025
2008-06-18,6.980558018429442,2.5585429593804467,2.272377325816311,0.01606747554540183
2008-06-19,7.023237586388688,2.531256798720853,2.197233436857683,0.015951950902510108
2008-06-20,7.003752370793872,2.489468485199011,2.1279087735303155,0.014629336795710737
2008-06-23,6.998330784215594,2.4612751050633013,2.128371873820101,0.01746015280160821
2008-06-24,7.00311038638215,2.346825694220032,2.1004492264538057,0.01712314034235288
2008-06-25,6.993980176824949,2.2880316417482,2.219046436964973,0.017650084052692208
2008-06-26,6.944779265293045,2.0798422499173386,2.378631887727479,0.021492088354478165
2008-06-27,6.994649464607468,2.0660184706770677,2.5316304619015715,0.024427615742100225
2008-06-30,7.0137515223527735,2.0657381746329557,2.4752296658592483,0.020456769995157418
2008-07-01,6.977088911568085,1.9747159232029092,2.434801693288674,0.02190117735151117
2008-07-02,6.995247110907446,1.9708713413831234,2.4123890741050102,0.02087403350595217
2008-07-03,7.109151680769478,2.0093494012326545,2.4766286290049964,0.018115680091370618
2008-07-04,6.986680421498955,1.8330403970448428,2.628546235214154,0.024726727234431155
2008-07-07,6.968031638602987,1.794311436934578,2.6967858992155143,0.026041767079708306
2008-07-08,6.889790293130398,1.8010467858918005,2.658308974261407,0.02600891816940325
2008-07-09,6.751351614386879,1.807929114894185,2.6523197861906453,0.02280193957549043
2008-07-10,6.725640152756851,1.848757953149512,2.5233542408765772,0.021803223724777648
2008-07-11,6.634241183480842,1.834892430547698,2.4080862687943805,0.026262342700637546
2008-07-14,6.594243787908901,1.9299460919841498,2.3476693281991436,0.02300816586487979
2008-07-15,6.6294544677720175,1.9480111841424186,2.320952436776042,0.022154266072511204
2008-07-16,6.561722460109749,2.097870753653611,2.47297696755966,0.020895844004570008
2008-07-17,6.525635653505599,1.9576505299001845,2.3423924794980637,0.02400895143259701
2008-07-18,6.558503795126638,1.9381699661114709,2.3006962265244004,0.02464455061207399
2008-07-21,6.563194711605539,1.864373202322633,2.2924858791650427,0.02417826046530726
2008-07-22,6.55164564554207,1.9742087930823236,2.236781362894071,0.021864027723351696
2008-07-23,6.5882740110128815,2.006078228834448,2.4105329461315654,0.021005326196277426
2008-07-24,6.530469481002281,2.0373419160954547,2.4250606152870193,0.022788027121316938
2008-07-25,6.464905735436922,2.066098542407564,2.05846887881354,0.024756935787031857
2008-07-28,6.5288842454396,2.0726766196911472,1.9050915112102176,0.023955196779758606
2008-07-29,6.402534509626686,2.03973819451138,2.079707227428788,0.021995467722055292
2008-07-30,6.352668994033678,2.024148701030657,2.1314527503517176,0.022373610127183037
2008-07-31,6.368137882449602,2.0554590975802145,2.140227522087905,0.020494534451348547
2008-08-01,6.359148737684641,2.1153122806371902,2.2007714782169714,0.02188255536265014
2008-08-04,6.35326854633374,2.1125777966953176,2.1533840206468877,0.02098298265296484
2008-08-05,6.382042244070557,2.1755302771601834,2.2072675650888987,0.018162639462636097
2008-08-06,6.250872913043991,2.1908546106707605,2.1315749995144175,0.023711040833192778
2008-08-07,6.230875663336361,2.1888101532718487,1.9217459328042954,0.023335251529672047
2008-08-08,6.294419553962559,2.006290094316129,1.9993571997345405,0.028729901588985546
2008-08-11,6.3637265691752365,1.9802793135628396,1.9602707412670408,0.025604532830931153
2008-08-12,6.330692219480576,2.0349656622424477,1.9415954718994217,0.026616996504420343
2008-08-13,6.327874009119107,2.04836376748671,1.9214296155531914,0.024137183495808144
2008-08-14,6.322970227469045,2.0283865964807974,1.8717953951456414,0.025073768793492386
2008-08-15,6.383385683364907,2.073333721460866,1.8687653092820424,0.02429852183298614
2008-08-18,6.364772862640951,2.0678050169036535,1.8576209158705772,0.021336433337428434
2008-08-19,6.401680796932115,2.0846435761299076,1.8084105953089047,0.02256437669121044
2008-08-21,6.2281171265100035,2.1501187081681143,1.682999264189899,0.021724879730609856
2008-08-22,6.302523917040563,2.1220138965876116,1.8401598332349332,0.017552539784629007
2008-08-25,6.309982207729571,2.12316094852842,1.9193092329577888,0.0202955070816854
2008-08-26,6.371411584031115,2.1625350181488114,1.8534224957416163,0.017536872864704643
2008-08-27,6.361175011880956,2.152278747563092,1.8132682810457965,0.016490512798752556
2008-08-28,6.371527661488222,2.1505061678775195,2.1269326257171284,0.013821484178438611
2008-08-29,6.37690537705322,2.1321747937153477,2.1837026712381484,0.017829930081053356
2008-09-01,6.28287114435819,2.162762440489318,2.202292055233654,0.016224381750713827
2008-09-02,6.393855979909477,2.137913666695919,2.1051872394864533,0.015559126349248284
2008-09-03,6.448935875598624,2.0297068584840074,2.32207049933224,0.015156158069969783
2008-09-04,6.410998998518243,2.0037861986240477,2.2969300802598402,0.016793063688529397
2008-09-05,6.520268091965434,1.9671094362595007,2.324016221161628,0.01795704464558424
2008-09-08,6.471421183098765,1.9791800298923445,2.3187726374423816,0.020617254951807638
2008-09-09,6.432337912332339,1.987568572432885,2.3342879982486573,0.02045776815130019
2008-09-10,6.449660800396974,1.9737110620086054,2.2239977223021943,0.019016702414460955
2008-09-11,6.216398753302171,2.0702625517655697,2.01431986639506,0.019384802953386737
2008-09-12,6.141556546358675,2.1225569941157985,1.9779728272891408,0.017316414267962932
2008-09-15,6.246645244934328,2.1614678772089175,1.7281495028730511,0.021895897729251285
2008-09-16,6.5451388326604025,2.01006637323152,2.0794942642415872,0.018194005381165092
2008-09-17,6.25823688545305,2.0455575351384407,2.108867399542513,0.015923937012395094
2008-09-18,6.440692703931709,2.079939101383295,1.972087614165692,0.01882562219684698
2008-09-19,6.230650506906204,2.035036327205683,2.026829957970427,0.018202998197157493
2008-09-22,6.203143833490464,2.0184411099606394,2.028316836465174,0.017456651924017862
2008-09-23,6.226755996270524,1.9545724603944155,2.1546274808564303,0.01897216878679619
2008-09-24,6.255131716518888,1.9460893007887143,2.163314337243626,0.015976745533906458
2008-09-25,6.322898664029448,1.9334686131021428,2.099084326294198,0.019279668409817523
2008-09-26,6.315329887959185,1.9303616219946984,2.0943513878378,0.02039817401227257
2008-09-29,6.365390554311334,1.9872087520677983,1.9644560749944047,0.0207655425102222
2008-09-30,6.38678241990804,2.0149131899838433,1.9591792262932923,0.021033857929623808
2008-10-01,6.268723936534845,2.065552699456277,1.8066045519650766,0.01915875408447118
2008-10-02,6.2514869196077045,2.093634145374753,1.7364812431826522,0.021610847442859443
2008-10-03,6.341578395905983,2.1984693135939586,1.6593160671188725,0.0190213599117832
2008-10-06,6.320858583848373,2.234982929793075,1.531668686203944,0.021104015115883574
2008-10-07,6.358627402420224,2.259939858205103,1.6157278741496202,0.017668734657537818
2008-10-08,6.378196607351959,2.239211217148929,1.7946738631718009,0.02055851966472707
2008-10-09,6.346999940817041,2.0102746121979234,1.990278701864172,0.018841440209017558
2008-10-10,7.147628040317415,2.1177352734279307,1.9048677377059404,0.016021490317511367
2008-10-13,6.407265329871473,2.0963680790648525,2.613350965339163,0.018162023290130443
2008-10-14,6.457201210678506,2.0512397072631177,2.5230088161806354,0.02027564507904847
2008-10-15,6.672730227471511,2.040649181736531,2.8974040796753258,0.016456238755234432
2008-10-16,7.000582163363728,2.244395591526031,2.7073001855246877,0.017906589515874535
2008-10-17,6.848828821502355,2.232418465750675,2.89220209763576,0.021922793421043026
2008-10-18,7.128413066776299,2.2372797232256936,2.7834539334567894,0.01739437754098552
2008-10-20,7.0903997983524105,2.3201801143331546,2.7942408103404563,0.020927720192928104
2008-10-21,7.186832648627123,2.34457661223849,3.0476355077122035,0.02866072749473972
2008-10-22,7.407503875898767,2.388709091292004,3.3926724027330226,0.026418408257129482
2008-10-27,7.609519048720789,3.755986091978783,3.1149171238425626,0.03300058311880404
2008-10-28,7.333298128760809,4.776947820146827,2.7147534855685027,0.03747798226361673
2008-10-29,7.179193265392579,4.042459140468052,2.8087384550223766,0.03262325205364968
2008-10-30,6.752366584977102,4.171083555252897,2.6632299973687075,0.022651452060364195
2008-10-31,6.998679650105745,4.371928827241345,2.5865031065804853,0.022671557875573553
2008-11-03,6.874161917557273,4.302422570011608,2.7105982619309077,0.025157930993753054
2008-11-04,6.69212805936998,4.338601353328151,2.8973708834053284,0.028246064107844318
2008-11-05,6.463343423111161,4.339177647460296,3.1650287561931294,0.02872542183465682
2008-11-06,6.512037170924604,4.312889223738634,2.926459596783683,0.026770199505156796
2008-11-07,6.457434487987173,4.18189806301353,3.0740750462642352,0.030445555341240882
2008-11-10,6.632835212742961,4.186895288100419,3.134065350619393,0.028857121908614124
2008-11-11,6.588418567706396,4.212202459122444,3.2509644454194917,0.02867667983814816
2008-11-12,6.614193461268975,4.187475800482252,3.518281249576842,0.03942977029275002
2008-11-13,6.801621847342257,4.2190224870831425,3.3841759566765313,0.03663788982129623
2008-11-14,6.560839485250881,4.190285207391565,3.45254008561059,0.040278477614560146
2008-11-17,6.457861886089563,4.2011205410903045,3.5114540881127687,0.03752127814217906
2008-11-18,6.566087264296062,4.243859337874807,3.6765196610085065,0.0376063680352431
2008-11-19,6.5688412513374335,4.1557309623787395,3.5806995822780525,0.03661962527660946
2008-11-20,6.5688412513374335,4.1557309623787395,3.5806995822780525,0.03661962527660946
2008-11-21,6.465248456439352,3.8525195492569613,3.782297985031357,0.03198437047638474
2008-11-24,6.587744831235692,3.596035282941816,3.2887470480394256,0.03336931609303918
2008-11-25,6.443162933243846,3.5300302565284682,3.1734854943294972,0.039778991978302
2008-11-26,6.321177109644693,3.3730389156331455,3.3365104249118365,0.03592078566044064
2008-11-27,6.189869773162911,3.2277469310986686,3.6457780303137173,0.045544641904375634
2008-11-28,6.024789807752292,2.996296081570332,3.7823129032580867,0.05061593383388505
2008-12-01,5.960880647957695,2.8837024602260315,3.796116963122492,0.04884457593420667
2008-12-02,6.103981266110423,2.860505617231901,3.8976223404766337,0.047300615018143255
2008-12-03,6.090788357976968,2.8815483126901316,3.8885056487814516,0.049099682919223155
2008-12-04,5.826380464296721,2.822415520922642,3.8756122357534757,0.04884171123382163
2008-12-05,5.751818308264774,2.85698447298027,3.836927385051506,0.046785107680764805
2008-12-08,5.907444594922416,2.7788530825915703,3.742975275729269,0.05049826875750819
2008-12-09,5.889894749921951,2.410338137744421,3.747716696110882,0.05027081707481595
2008-12-10,5.988953411376684,2.068327961025527,3.7854391231358404,0.055356965240267605
2008-12-11,5.944553791556081,2.160414661226742,3.6580240504492094,0.05508910529472753
2008-12-12,6.007479422286299,2.1074128955277653,3.717133550895141,0.06032017811566398
2008-12-15,6.12631973439109,2.125800560861386,3.753833779881504,0.060426494315660155
2008-12-16,6.3600095476166185,2.0321475145741448,3.67701853664332,0.06145115467358769
2008-12-17,6.160349117474506,2.022356219198663,3.7794184608986265,0.06326943874926032
2008-12-18,6.15554800733764,2.021027084197881,3.626289203981935,0.06355456810528255
2008-12-19,6.1813766858075585,1.9721505630161265,3.6535500056497483,0.0650665787015842
2008-12-20,6.170567785947435,1.959640738530684,3.5658443856593864,0.06478612030193405
2008-12-22,6.093074229737148,1.9246270883378276,3.563547750034204,0.06732613913683225
2008-12-23,6.07019608064425,1.8940202751878326,3.6181132906954114,0.0683998191359351
2008-12-29,6.0578961087379435,1.8862768439802053,3.6637967265817197,0.06779182616726655
2008-12-30,6.051325809035681,1.9167779999488836,3.546903973917249,0.0529702139467836
2008-12-31,6.112133116794968,1.8598032839087983,3.478402195660706,0.06505678701272899
2009-01-05,6.0201054960633895,1.7744542744515202,3.8441872481957953,0.0642000157928136
2009-01-06,6.021266870169266,1.8205262147085177,3.6093759258678806,0.05657055625475372
2009-01-07,5.970644500189961,1.6879017323719812,3.4174307311973955,0.06668556693809968
2009-01-08,6.268708992222077,1.6501897864452084,3.23075724752952,0.06752041525339118
2009-01-09,6.381214476933383,1.7003239598755566,3.0980497512200635,0.061811236951442916
2009-01-12,6.563726806204054,1.6553832034114935,3.071893977084033,0.06799793386066022
2009-01-13,6.745870861037996,1.783307575387373,3.1018357907332885,0.0598585654544885
2009-01-14,6.251474984865369,1.7689353670510106,3.1658546051641667,0.05889538732878395
2009-01-15,6.342272558834263,1.7800637540980366,3.088909710301084,0.058380028557391085
2009-01-16,6.248474387622927,1.5386273411084617,2.8062859989593743,0.06658848679058015
2009-01-19,6.183107184133891,1.4513440151272308,3.1206376268453324,0.068208563553452
2009-01-20,6.282465512181956,1.455900441478928,3.0522791216073863,0.0639424043115525
2009-01-21,6.27908346921199,1.4011362212589575,2.975452272824624,0.06966109829320412
2009-01-22,6.2107706077660225,1.4566745120724474,2.802170965315052,0.06283666377444132
2009-01-23,6.4157853431811205,1.3601703128313432,2.8771639552366994,0.06937358968652878
2009-01-26,6.537589223974082,1.4238527224749802,3.0813608683346803,0.07400096669674437
2009-01-27,6.428973798822067,1.3232703564813166,3.130633415518452,0.07443770612947431
2009-01-28,6.557968909794143,1.2701052318656967,3.16629740042078,0.06627341999290454
2009-01-29,6.486383584690929,1.2449949381931251,3.4132483957543287,0.06715266370125268
2009-01-30,6.899461835293031,1.3303407247715182,3.206627955230525,0.06904109995368737
2009-02-02,6.943050428771925,1.4359799688536319,3.1337436904535894,0.06368597159297347
2009-02-03,6.897937035054135,1.4339658743784867,3.0751609060771328,0.06420830268083422
2009-02-04,7.132329661679946,1.8270050463578769,2.8890204773686907,0.05296474007338327
2009-02-05,7.140204009580964,1.5791418998633437,3.149182978186602,0.061616285667136415
2009-02-06,7.089909033519453,1.5086336694354938,3.144753654660675,0.06450806260964971
2009-02-09,7.067230734362254,1.4246323195853519,3.67427631188185,0.05962174313950491
2009-02-10,7.075858181295895,1.3492460501242454,3.6531319731012335,0.05995456096117631
2009-02-11,7.11072029424589,1.328076040529741,3.719811859641961,0.06332879555862087
2009-02-12,7.2103902070556805,1.5148675537165064,3.6018164186525192,0.04979352042351952
2009-02-13,7.144846970120866,1.3768160228336537,3.8278026108264926,0.05606622470334877
2009-02-16,7.223943898060163,1.5225746209480497,3.7181046397041184,0.05191033575760679
2009-02-17,7.566601944774248,1.656262509524485,3.719466432382779,0.04678040845430428
2009-02-18,7.839111492502403,1.7752949685391175,4.428842725988825,0.04111236290444205
2009-02-19,7.526855297332425,1.8456396340767238,4.901324336666264,0.03810763948579245
2009-02-20,7.548241928495255,2.089338966662443,4.817235012877935,0.03876557481003415
2009-02-23,7.72153227288811,2.15335223778775,4.780877260730389,0.03473969092591841
2009-02-24,7.4372565204330705,2.203027151419456,4.7889208119263555,0.030374136443790372
2009-02-25,7.278008467690599,2.190755701165442,4.868665323637197,0.030863228653499275
2009-02-26,7.265965076170274,2.183491062314226,4.894867913027213,0.031458592269979734
2009-02-27,7.114078988401382,2.1781708649813636,4.850044156429103,0.03668419504154949
2009-03-02,7.198838177034142,2.223025510582018,4.890533186530776,0.03381765022947046
2009-03-03,7.245753215004614,2.2260251544940433,4.961867686752388,0.03032472703608996
2009-03-04,7.4229452481649325,2.2800175003817995,5.010805616949923,0.03259280627776714
2009-03-05,7.350901331093143,2.3285429395720763,5.022543958585618,0.028278341258552147
2009-03-06,7.585302074283339,2.5767989143360492,5.036830557728269,0.03753719979261295
2009-03-09,7.642350623269417,2.8941726965279186,4.792950851200364,0.01914257480941199
2009-03-10,7.536919467124999,2.905792330227543,4.863791637010564,0.01952144762400817
2009-03-11,7.298415570550243,2.614572747193579,5.0626472027495435,0.031452795589694736
2009-03-12,7.396068060736476,2.552560453356685,5.0141777605051825,0.03312619377463207
2009-03-13,7.0952112808482894,2.27495891311288,4.999059229307758,0.03314672860076075
2009-03-16,7.094209295542261,2.2314497444014076,5.15479069278727,0.03680470545074941
2009-03-17,7.032900177159357,2.181170277917191,5.659261106144945,0.03881292672194894
2009-03-18,7.10594638476079,2.2127408225151246,5.5457767966104425,0.038567329392525704
2009-03-19,6.913116203722133,2.195173962786208,5.807329054918468,0.04521127806957209
2009-03-20,7.065321755358478,2.112353539792421,5.741011925514461,0.04493104365123981
2009-03-23,7.019908493716445,2.0524355196167394,5.843270220631517,0.04690826146435851
2009-03-24,6.866406883894471,2.006171444661681,6.1407497009259595,0.05061505368318887
2009-03-25,6.862154802775241,2.0300642060578586,6.099460416946612,0.04812589491050248
2009-03-26,6.795846363441723,2.042104254699663,6.109197363868929,0.05249778961068699
2009-03-27,6.948988924220633,2.072193156570688,6.100531881658758,0.0508669322542169
2009-03-28,7.0566792029319005,2.0870992399987367,5.955399704908184,0.04706046369823219
2009-03-30,7.150188589570889,2.0745385549385356,6.159690085801447,0.05162525399265933
2009-03-31,7.333988148864149,2.4223855617329857,5.817936206827271,0.04078989797077358
2009-04-01,7.320703845750726,2.4882650810727056,5.85052708891629,0.0400508060670151
2009-04-02,7.111427511600928,2.205211784513101,5.876629199450919,0.04957986320792436
2009-04-03,6.811697510855142,2.229993921822571,5.724044981172147,0.04939728988227517
2009-04-06,6.7707789781461,2.1523865300211056,5.938774680524831,0.051518789455619496
2009-04-07,6.929454076833229,2.2008793456667797,5.67092132107287,0.051975437573163766
2009-04-08,6.915948108795704,2.1071946673725743,5.728722249351935,0.056790718132781984
2009-04-09,6.412013977022427,2.0080900141643636,5.494817431933584,0.06481978329658415
2009-04-10,6.325439299310815,1.9678260403957921,5.5005241159426745,0.06518373311160512
2009-04-14,6.307658587142388,2.039001098506488,5.475124479687639,0.06667204178333043
2009-04-15,6.300251856293807,2.0564157187672163,5.527056504811422,0.06774197596180227
2009-04-16,6.385506753080119,2.0449512444066618,5.34309304413528,0.06240164283149292
2009-04-17,6.3915752231356535,1.9782538374406462,5.247647838508376,0.06649095367148088
2009-04-20,6.599908753232788,1.8510602197173056,5.2502138664540166,0.0796920686121685
2009-04-21,6.73880711260368,1.8750956321031689,5.1289724680616375,0.08082682116502521
2009-04-22,6.735239171955888,1.8622884828833226,5.077337875457491,0.07790800645483885
2009-04-23,6.700053102391852,1.82017569849077,5.14433991387511,0.07280168833347693
2009-04-24,6.5664434113963495,1.8490622913624253,5.259704585207356,0.07846325540770836
2009-04-27,6.645226391036682,1.804461384738298,4.977851705084136,0.07843176872649692
2009-04-28,6.66110242439235,1.7777183197841115,4.9816749402723035,0.08002822921513154
2009-04-29,6.585514327663649,1.7301313279273274,4.913115351372353,0.08305557399380949
2009-04-30,6.43371263809948,1.5870840655033012,5.032769330538319,0.0857838538819762
2009-05-04,6.487468503733695,1.5910134617049791,5.008538614734136,0.08527758457379923
2009-05-05,6.431048723178285,1.5860045144392254,5.101609508190524,0.0854889830156711
2009-05-06,6.365417412301818,1.52696947847227,5.210465005408242,0.0851232350775686
2009-05-07,6.235519756299833,1.5342840513137026,5.078190776495072,0.0799361662565273
2009-05-08,6.410244875526695,1.3016925216346655,4.461262369782429,0.07098425349375374
2009-05-11,6.501034953492212,1.210636539020601,4.1575455470913285,0.06709309295914295
2009-05-12,6.502572685653733,1.363682235273232,4.314639438541279,0.068992000868412
2009-05-13,6.6502915103042515,1.3204940530336629,3.928302500113176,0.059666679235331636
2009-05-14,6.873094030374343,1.454514984797277,3.9924750620199787,0.05724135265793893
2009-05-15,6.837409405877568,1.4479889986629768,3.9465820977546686,0.05863735530050741
2009-05-18,6.7923874969785425,1.4209656376646687,3.894004536900532,0.05708368752226388
2009-05-19,6.601031168213375,1.2727308526086845,3.771423851383356,0.058864296279420705
2009-05-20,6.617727873308522,1.2240621720020846,3.7523875413638037,0.0612957366982665
2009-05-21,6.659415794623858,1.1973352713453922,3.7654384097743203,0.06175232740708196
2009-05-22,6.750467523952922,1.1191746698009268,3.852651882656544,0.05900593298982262
2009-05-25,6.739197951408724,1.1434941537003434,3.9374823628396447,0.06236841779033126
2009-05-26,6.806542093027721,1.1499090653451682,3.7960593463404955,0.061945910897273644
2009-05-27,6.801357339888785,1.0693952758784564,3.8012007347194934,0.06401169369685414
2009-05-28,6.960013440923834,1.102188142051447,3.646197021977762,0.059508282089035434
2009-05-29,6.908668930212889,1.0966171603629808,3.6280363041991945,0.058297554036695565
2009-06-02,6.910425154919456,1.0726085793506672,3.6792469969574433,0.061325377840303834
2009-06-03,6.937599920687396,1.1310419922171635,3.721450287546541,0.06190955505002377
2009-06-04,7.103700664484073,1.2096145111538097,3.7086077784240117,0.056626025422570316
2009-06-05,7.303405785617547,1.142249858432615,3.529003552191789,0.05521702293183242
2009-06-08,7.278347184223506,1.1481838146841485,3.5964507021603547,0.05909032616126996
2009-06-09,7.227803123158108,1.120579030263965,3.523732638952799,0.058155871543279045
2009-06-10,7.010356466670616,0.9990063087459744,3.5509033362711957,0.06267684782605354
2009-06-11,7.101386928704487,1.0502768739428432,3.5606312031135117,0.06481509478691376
2009-06-12,7.0435091987316,1.039014879592821,3.47021834398947,0.061625197079086355
2009-06-15,7.10489690633307,1.037241768612787,3.4213772729065033,0.06356653420530159
2009-06-16,7.191808998619463,1.0835578767351026,3.415731174726735,0.06438267515737434
2009-06-17,7.16060000015649,1.0557121106425724,3.3921172681331506,0.062375996128944705
2009-06-18,7.277077139379397,1.051822028812672,3.52185293659359,0.06488603177150545
2009-06-19,7.2274925952752636,1.0967691537927455,3.5188228507299804,0.06411520282337552
2009-06-22,7.087492595275265,1.0967691537927453,3.5188228507299746,0.06411520282337516
2009-06-23,7.658646565665013,1.4661441689274937,1.0426737772357952,0.26709355946701213
2009-06-24,7.303807976143082,1.0843964461268347,3.3959951536884865,0.06366395946843244
2009-06-25,7.2132239651335475,1.060195730416462,3.5098740044132724,0.06253280749808995
2009-06-26,7.161951325106874,1.0675600245863242,3.464522373021975,0.06262530838414189
2009-06-29,7.16487537405755,1.063854633257287,3.45168361036117,0.06288466403827533
2009-06-30,7.113114991355752,1.0583856653735377,3.3569086952210183,0.06036158308669967
2009-07-01,6.931357080438515,1.017934640795222,3.5038090958043635,0.06509477056073514
2009-07-02,6.91613928703313,0.9985388913884045,3.4154695078428206,0.06498967225680265
2009-07-03,6.902613543410841,1.0306345163461708,3.3090925714339523,0.061797221448672404
2009-07-06,6.9123912009444615,1.0856859754518027,3.300174763120739,0.06529591002488876
2009-07-07,6.935267768415949,1.0585993249337127,3.163620457237384,0.06254063486196959
2009-07-08,6.934629553958723,1.1137527978440693,3.0780884515625497,0.06460888913574327
2009-07-09,6.879428935921196,1.116348313918311,3.0979658683850135,0.06337217846011939
2009-07-10,6.817444808773154,1.128501584247328,3.0267620509060316,0.06505280342004885
2009-07-13,6.8253005748282085,1.1254410816280853,3.0930582691625745,0.06548590987459138
2009-07-14,6.717665712337915,1.0811390661581328,3.098441281811388,0.0639030088567958
2009-07-15,6.624323990520161,1.0783740372252055,3.0660343548829196,0.0647463833089977
2009-07-16,6.618953916822863,1.1017916622131183,3.0866241110749932,0.06747777677745452
2009-07-17,6.636844383437907,1.0642853206379075,3.1771497021806976,0.07185606922759663
2009-07-20,6.592654332972795,1.0589936465154774,2.9922123360873845,0.07184551148565992
2009-07-21,6.561622015942319,1.0604611611198365,2.965601608612,0.07000969490422689
2009-07-22,6.517223129868923,1.1036626131371816,2.952098352953258,0.06803520542614602
2009-07-23,6.28972170727301,1.2114487321009364,3.1641142836934013,0.06849735159853429
2009-07-24,6.2491837345081365,1.2545063110468795,3.064774859221811,0.07132105023691097
2009-07-27,6.232571694783265,1.3190350251423264,2.8036493846131396,0.06637992922816886
2009-07-28,6.047936774915213,1.3443669652014616,2.577094066174948,0.06760370853081862
2009-07-29,6.329016804751485,1.0422327802499465,2.343547626762643,0.0594405153091283
2009-07-30,6.228717858250061,1.029894817597275,2.4984800054554963,0.05914016350979309
2009-07-31,6.176247986605427,1.019023394228441,2.2337423081931433,0.05440243432928121
2009-08-03,6.187425790267166,0.9661443846419688,2.1788159628414863,0.05043266670541758
2009-08-04,6.062278238677791,0.9547747932994558,2.322801198543354,0.05190102338321407
2009-08-05,5.996402205322123,0.9815178582536433,2.3189779633551804,0.05018903259136489
2009-08-06,6.109640266028124,0.9772310453255214,2.3448445682483365,0.05136227324968177
2009-08-07,6.168274875278134,1.1429210918125758,2.4548652894024343,0.05083633060837248
2009-08-10,6.019586754184041,1.1459600482736005,2.572858872372891,0.04761287057951894
2009-08-11,5.938691767476381,1.1175328605819677,2.5879503333333207,0.04648913041769308
2009-08-12,6.1149359018421645,1.1136034643802892,2.6121810491375084,0.047217903373297725
2009-08-13,6.050489079126625,1.0247311296558816,2.5278671496794134,0.044168122439631
2009-08-14,6.022881056368822,0.9957207049905525,2.4174461909903444,0.04588836166172541
2009-08-17,6.2610063483945,0.8549201448311542,2.147085559699702,0.050230261123508584
2009-08-18,6.209652526862418,0.7985954435049748,2.1392628362935513,0.053164343357864116
2009-08-19,6.205965061814408,0.8005279446543174,2.0264784737392154,0.051986525233028984
2009-08-24,5.910913729000765,0.7709287246964199,2.0950833584096964,0.04705299278329344
2009-08-25,5.988215618324381,0.7402934402265767,2.2093253632865344,0.05086308323766804
2009-08-26,6.039738786468914,0.48778863432351593,2.345229552861529,0.049154591801440405
2009-08-27,6.13463841012375,0.4782882564333647,2.351299550887166,0.04831755387785773
2009-08-28,6.19817601644786,0.4734256737748025,2.4194685049230436,0.046216863825737475
2009-08-29,6.19817601644786,0.4734256737748025,2.4194685049230436,0.046216863825737475
2009-08-31,6.203974610198369,0.4575203010054332,2.4247405872530337,0.047732868898828794
2009-09-01,6.257730475832585,0.4614496972071097,2.400509871448849,0.04705712640646268
2009-09-02,6.396360816634152,0.46100124161294864,2.385249025746017,0.039747846392879975
2009-09-03,6.279560656271836,0.4509947220802951,2.4164761377341084,0.04393859938431161
2009-09-04,6.2117913093745445,0.42228220009106565,2.370113627460009,0.04230278419818475
2009-09-07,6.126365744442584,0.3848755138344977,2.441490176564462,0.04818983336915307
2009-09-08,6.151525003623961,0.32179652483376847,2.439879891024324,0.04656080369414896
2009-09-09,6.209312266067459,0.2980746481270615,2.2719019552996635,0.0464129903705246
2009-09-10,6.179129398933729,0.29821597630354674,2.300792710594352,0.04634426856905493
2009-09-11,6.1161347042132785,0.31825643682924404,2.434403676031127,0.04722951262813441
2009-09-14,6.0861647889326855,0.28528528841685624,2.456392395368949,0.0474601301381678
2009-09-15,6.0078736587535,0.23914325117697466,2.5310406546068407,0.05046128859305209
2009-09-16,5.96535228477949,0.22996866934107166,2.441363161030631,0.050001300263184785
2009-09-17,6.012432630277466,0.1978382280061461,2.462932758102052,0.04913827297844923
2009-09-18,6.101185293481379,0.15951351163878552,2.476813325420784,0.04380325264015196
2009-09-21,6.154939341040752,0.1710628257323968,2.405427232365754,0.04228537659504655
2009-09-22,6.167866345538467,0.13921054275584843,2.4640807267076785,0.04396875482644179
2009-09-23,6.1629426556601405,0.1149779568708887,2.5523608979309285,0.04742652508171579
2009-09-24,6.20050431818814,0.11675429072979074,2.4420373570026657,0.04471760153154929
2009-09-25,6.218145376003316,0.1317929076024667,2.4140166709921345,0.04341858546430291
2009-09-28,6.184628284832469,0.14349735568397812,2.4382141218145015,0.04317365718305611
2009-09-29,6.240623426493367,0.14706377914538368,2.4235428437276867,0.04040036213289764
2009-09-30,6.251125262479016,0.006496213179475415,2.5729956484949725,0.041969161660782954
2009-10-01,6.241431806973845,0.06513827222154639,2.5636118914530184,0.035165090606943575
2009-10-02,6.2450654777242045,0.117048168499364,2.87097444012729,0.033605506823250086
2009-10-05,6.0825099408442815,0.14256357848779985,2.898657972549947,0.02996194822494208
2009-10-06,5.977392970887654,0.22101226563077758,2.8907591760705804,0.03187513334152665
2009-10-07,5.924907733867588,0.3062469272392654,2.8976839291594785,0.02470817703629088
2009-10-08,5.974307620817393,0.39233062453608236,2.860456995311946,0.023287213366511374
2009-10-09,5.90653479265449,0.47409347974832233,2.8578508092941965,0.022708996111202792
2009-10-12,5.855354411196445,0.60264575477477,2.5839344183964337,0.02018641540745735
2009-10-13,5.7724068917202,0.6245554287528212,2.5796301461570073,0.018240409792549064
2009-10-14,5.783997316639812,0.5752033109196022,2.6170675311457052,0.022577201400005867
2009-10-15,5.804693777658418,0.5347842031631314,2.527190671277395,0.021539734797040293
2009-10-16,5.832311290173644,0.49278522168510613,2.384319976727458,0.026416161870724025
2009-10-19,5.831260682769416,0.4644343490753919,2.3466646885002826,0.0313384791766378
2009-10-20,5.748841074232447,0.42262583587497227,2.448539315333128,0.029988175122976687
2009-10-21,5.70695626213885,0.14793532434072756,2.610433755555229,0.034940705801269234
2009-10-22,5.855212056778806,0.10266717378420036,2.3032677247341105,0.029121277571215094
2009-10-26,5.933359520336939,-0.002245270746918622,2.1482131080868814,0.03060290664980591
2009-10-27,6.018991524144915,0.03514844691710351,2.058304662584666,0.03197192709745313
2009-10-28,6.169868915180358,0.08530490602892189,2.123573942360072,0.02635826206496243
2009-10-29,6.183493010466855,0.186035774315528,2.068716354527566,0.02343817689378424
2009-10-30,6.1699783753198885,0.15659655131315875,1.9074796404448586,0.024205020175409184
2009-11-02,6.226083628230775,0.14144606606189936,2.0701105513022044,0.024177353817407966
2009-11-03,6.233240570818864,0.19624239407651664,2.242174720661854,0.018247852626028235
2009-11-04,6.172834940295156,0.23726925888896966,2.273198719896136,0.017419444322186155
2009-11-05,6.071361890593801,0.08322941028263184,2.51488102896905,0.016259518635483156
2009-11-06,6.018908866970466,0.043723815169012276,2.5743181286849506,0.02256070905486192
2009-11-09,6.0476838526054815,-0.09985639309713788,2.6392995786116433,0.020092511927953915
2009-11-10,5.990342870955611,-0.1385842039997331,2.5036786970277287,0.01929494540633187
2009-11-11,5.991285687890973,-0.32534222708651267,2.6795664401111083,0.022661557157531497
2009-11-12,6.015675495794285,-0.30329457371892443,2.479594764262284,0.021818174475243986
2009-11-13,6.0339503736180315,-0.30757359709264437,2.5283752495159706,0.019059120330053147
2009-11-16,6.066807128871871,-0.4693135145822167,2.644275808059212,0.014971958926522642
2009-11-17,6.043351057771396,-0.46131607431732824,2.4716105912494966,0.02098484839748602
2009-11-18,6.026192132596823,-0.4604673822362497,2.6260295139546583,0.019730474397139586
2009-11-19,6.094225180816636,-0.4263228464261833,2.663042701259701,0.020230375385959582
2009-11-20,6.082971247258679,-0.43418930382706344,2.7083799138454903,0.01721459595488515
2009-11-23,6.059716829569384,-0.41036755100136624,2.780426753436709,0.016054561518253095
2009-11-24,6.08153671309689,-0.45079405549740426,2.742961873736554,0.019716946181433975
2009-11-25,6.090819933405327,-0.5844833148922064,2.6275484874992623,0.01696196821965647
2009-11-26,6.201449254162644,-0.49490837838793544,2.5233878973849833,0.01877955272753747
2009-11-27,6.186981139820721,-0.4067593841784036,3.034022021606136,0.012764508339715427
2009-11-30,6.104877792136987,-0.4737203346269988,3.098653678298992,0.01680896771874602
2009-12-01,6.107088109902717,-0.4921112228395045,3.2211180613239234,0.017877669225450428
2009-12-02,6.081378927778766,-0.5812439282354264,3.2769994273613428,0.015867042171849182
2009-12-03,6.130990463377431,-0.7170055394196904,3.4474112377993533,0.020546035139537212
2009-12-04,6.168181586128672,-0.678107066450759,3.3917010839040524,0.02145321087839475
2009-12-07,6.191966456983281,-0.6891990876989369,3.3655201917366795,0.021257522946653805
2009-12-08,6.196678706825271,-0.7115270371106468,3.5090910715432106,0.018763207596422818
2009-12-09,6.22363815399742,-0.6430774727607595,3.4800074068837894,0.020013306237233557
2009-12-10,6.295970735003168,-0.6194262831237524,3.221726384471265,0.010871117486956594
2009-12-11,6.322566580416453,-0.6826829642770449,3.3531970005743315,0.00998718083174541
2009-12-14,6.334823662365751,-0.6982009889440933,3.34330885677724,0.010858262446506402
2009-12-15,6.381035833364851,-0.721608491242668,3.4968740443285933,0.008617285733505512
2009-12-16,6.449223336754797,-0.7902828729673967,3.5842894988243077,0.003624383856610415
2009-12-17,6.474029700631766,-0.7435590139143848,3.4868632912497692,0.009660340350977847
2009-12-18,6.501488517039349,-0.8247404475275313,3.4507641097135333,0.0059605778139013585
2009-12-19,6.523541044773605,-0.8310318205055071,3.3849528488339358,0.01067950962390288
2009-12-21,6.46751174524113,-0.843953740834268,3.602192146999032,0.0070357340315315205
2009-12-22,6.486449956659745,-0.8186085806240032,3.784016984312271,0.005206908767002619
2009-12-23,6.512432819523848,-0.7972260606769923,3.727909405373183,0.006140203658681027
2009-12-28,6.54743437611605,-0.7984082156326149,3.607267885339868,0.007503300122139205
2009-12-29,6.545409708321689,-0.8021114692759013,3.6137460214508406,0.008873417886696584
2009-12-30,6.521735440287861,-0.7874010087663409,3.680092112495129,0.008229246546180983
2009-12-31,6.5017354402878595,-0.7874010087663386,3.680092112495123,0.008229246546180706
2010-01-04,6.435855248936966,-0.790135492708205,3.6327046549250226,0.009908582596169809
2010-01-05,6.410188056223916,-0.8559310425854936,3.542654303381713,0.003886988259624601
2010-01-06,6.416046283656972,-0.8675190556129005,3.565925120084327,0.005278295286033487
2010-01-07,6.363709711622007,-0.8983766531185206,3.6471536995651506,0.0058880734498313984
2010-01-08,6.339827058893105,-0.8925836266522347,3.6427916435489887,0.00580848982408728
2010-01-11,6.329047597605597,-0.9463718705936655,3.5223668331645612,0.005482747704935435
2010-01-12,6.361828607106148,-0.9907758998683405,3.604364043174992,0.00548053624247748
2010-01-13,6.320303985276838,-1.004157225377128,3.691147209047421,0.003975707344685944
2010-01-14,6.282447969313486,-1.135891684559205,3.9590772139270043,0.006278961957237522
2010-01-15,6.352094689151473,-1.0969727874657778,3.773077455554071,0.00657468816028376
2010-01-18,6.383748620095562,-1.0921030306907737,3.670432705574829,0.004162455526315375
2010-01-19,6.364330201284243,-1.0986462449499497,3.6462414725624446,0.008583147675618385
2010-01-20,6.380982986696774,-1.093597983312427,3.6586755317623334,0.008601012622701527
2010-01-21,6.503265152680469,-1.070699500178018,3.632439677390475,0.006337368703349041
2010-01-22,6.445413851554154,-1.0687669972058875,3.57850118474353,0.006896587742601003
2010-01-25,6.415413851554158,-1.0687669972058789,3.5785011847435104,0.0068965877426011525
2010-01-26,6.403885646553861,-1.0281438618399625,3.515149649888593,0.008192801374668086
2010-01-27,6.3479315570184065,-1.0881420138168916,3.7403135922835014,0.0042131087076171395
2010-01-28,6.357119763228686,-1.1494085579925035,3.7805337393653473,0.0058874958590365185
2010-01-29,6.304047017157072,-1.1568942531434638,4.052436546907164,0.009083456546768523
2010-02-01,6.309662916483252,-1.1788523757045497,4.000258367103968,0.011414070534654206
2010-02-02,6.283874431343046,-1.1722349840492055,3.9523859521569507,0.011952515500426858
2010-02-03,6.251665632821977,-1.1116556312735224,3.765298696340226,0.01741108557733671
2010-02-04,6.334404850011118,-1.04863993179257,3.682932236851119,0.01618383741836132
2010-02-05,6.4092531404265225,-1.0894870720311287,3.7833532501710185,0.018241532339529742
2010-02-08,6.376409107454812,-1.1248352876589451,3.7563186228497996,0.017817111201325363
2010-02-09,6.38516249827944,-1.1503177923474692,3.7150352743325867,0.01692442572337546
2010-02-10,6.3826176588141985,-1.1853335802260563,3.6934217399355673,0.018771656470887826
2010-02-11,6.387218101424771,-1.1173503981084087,3.489705751251684,0.0234870047289583
2010-02-12,6.3940004510694415,-1.033164975670605,3.383974624248819,0.021571981682473783
2010-02-15,6.396766612793667,-1.0279144294717546,3.3580351203897414,0.022012543010882783
2010-02-16,6.412872815120706,-1.051681806188592,3.342205472309235,0.023396776785443416
2010-02-17,6.391579642683526,-1.0699515142203495,3.3149007333158336,0.023313881945992158
2010-02-18,6.481340096795044,-1.160160896804258,3.2197583179736307,0.02967583763141721
2010-02-19,6.444200975721602,-1.1846586882942063,3.2106190631298634,0.028651405089497373
2010-02-22,6.415091276108593,-1.1894646430758429,3.189660057459109,0.024758341528791954
2010-02-23,6.440691934872242,-1.2549557186112004,3.2290617012235776,0.024224513156901068
2010-02-24,6.5160090593861755,-1.2596489925120595,3.0522301593347323,0.026193764250634757
2010-02-25,6.481070681303253,-1.2155784261119336,3.004010351996155,0.021294058164057682
2010-02-26,6.449391232797814,-1.2295069451067044,3.007056199620297,0.020625225928110436
2010-03-01,6.413097139118219,-1.3427646665690438,3.06667999089098,0.023110891912968144
2010-03-02,6.412176251889419,-1.3806307580056403,3.0076004077027774,0.024312308960860802
2010-03-03,6.360369432519252,-1.3776391262711387,3.073957211788629,0.025038133361242658
2010-03-04,6.3735903178573885,-1.4039172046803416,2.991606811897851,0.027189282592483904
2010-03-05,6.356503674427731,-1.3911368868340344,3.113272110136086,0.025889191216240216
2010-03-08,6.317998627632615,-1.3898335516976559,3.084144508151064,0.028571266772978044
2010-03-09,6.328414083528479,-1.344886426717587,3.0811144222874622,0.0274933440463145
2010-03-10,6.364688302613673,-1.3817869713316466,3.1273338574294556,0.028280480080178957
2010-03-11,6.286050767762643,-1.6018848976458493,3.512359772800049,0.027509992490362928
2010-03-12,6.314712358565426,-1.7873650168714528,3.3438293679870514,0.03697679390849792
2010-03-16,6.347889920419603,-1.807546805573643,3.1813276472556096,0.03594696821959765
2010-03-17,6.343709941643041,-1.7770082989007865,2.9840624651629954,0.04077829398414495
2010-03-18,6.299295925339756,-1.799038876930831,2.8291863776301223,0.04124235945999784
2010-03-19,6.2583811345309615,-1.8021195810514434,3.0078360161395046,0.04071216804469574
2010-03-22,6.334022551418494,-1.8150189413927527,3.0552567386913907,0.04279695104327973
2010-03-23,6.329166124654181,-1.8128626561711005,2.9821849518042094,0.0441094639932394
2010-03-24,6.24387500285416,-1.7619945751504873,2.9746192913827474,0.03788571825601164
2010-03-25,6.2487116155000395,-1.773431210186104,2.8312869783122867,0.043672237412160204
2010-03-26,6.115346850107319,-1.66557916708774,2.7608650169306945,0.04052816236646285
2010-03-29,6.167650381187188,-1.6117418036160167,2.385480260122296,0.04608649867287508
2010-03-30,6.175687653457827,-1.6764142300532576,2.1337315759757325,0.053047071504486926
2010-03-31,6.188072907049704,-1.6799168496985102,2.0836449683199407,0.052099436413580134
2010-04-01,6.1232929200255395,-1.636351389815562,2.0213837793477256,0.05382065710693164
2010-04-02,5.952566755998325,-1.4740646011511542,2.1341214274844766,0.057251459312411386
2010-04-06,5.954094544903645,-1.469638597732273,2.11782867911416,0.056420672701377676
2010-04-07,5.99041389912941,-1.5054746530193508,2.14449569774952,0.057968220672242846
2010-04-08,6.1165778000386535,-1.507085633485943,2.1228987711584337,0.06116747458858425
2010-04-09,6.141244776887499,-1.6133675580884081,2.3561917027501784,0.06553332920854056
2010-04-12,5.973871041945165,-1.5613752297712344,2.1917733828834733,0.06692168123174984
2010-04-13,5.9091093452947385,-1.4879913826742208,2.140556754663091,0.06155518296194103
2010-04-14,5.867085086663205,-1.563202095845725,2.025860485374881,0.06053477286454511
2010-04-15,5.845015266296299,-1.5836612320191128,2.0155887082878694,0.05931061823019408
2010-04-16,5.80421796784881,-1.5063613342886468,1.9251510325311676,0.05433732235774156
2010-04-19,5.86041234556224,-1.4398985404789617,2.040514534772376,0.05480756509043431
2010-04-20,5.836479382400544,-1.428092078592729,1.98809778823314,0.053265844938648686
2010-04-21,5.804547004586913,-1.429641184700107,1.9021872386851248,0.054561863544410394
2010-04-22,5.769032337872315,-1.3813460851174462,1.913631804571305,0.05382339800984381
2010-04-23,5.856719173986169,-1.4459129643769864,1.8653917809383977,0.056389054835254276
2010-04-26,5.773758173090206,-1.4607108908813566,1.7008636155067938,0.06080752254900228
2010-04-27,5.858297140467446,-1.4977132284998014,1.7469151938782381,0.05946641350537321
2010-04-28,6.144747193004664,-1.680951518665678,2.566702819667598,0.045800526250291504
2010-04-29,6.0042392325447596,-1.6984389162242408,2.2015131909577557,0.04749247430676349
2010-04-30,5.846222032726626,-1.6578011641597388,2.3941682856004984,0.04888608880852981
2010-05-03,5.914283058151125,-1.628892011300632,2.3397143813195393,0.052588899840311745
2010-05-04,5.9373751238599555,-1.6457305705268928,2.3889247018812356,0.051595616516798115
2010-05-05,6.153423139403125,-1.7313737284869564,2.8939921097444765,0.04655356123814148
2010-05-06,6.1669788684259235,-1.7442693346549374,3.144753636039428,0.04250092136919851
2010-05-07,6.248687738246735,-1.7904113718948234,3.2194018952773353,0.0455964535417987
2010-05-10,5.879041585113517,-1.7099712831673348,3.034480592343187,0.05037000499639849
2010-05-11,5.91855132545265,-1.7680608878468056,3.1147186586008484,0.05236427957299593
2010-05-12,5.968429084393928,-1.8971796312760518,3.2313267901426435,0.055392758086998575
2010-05-13,6.01621025041741,-1.9556868952987632,2.8256196327204486,0.05758555714214546
2010-05-14,6.17193856060153,-1.993715325477603,2.719534743482855,0.056259926709670026
2010-05-17,6.30636999796982,-2.0577237503346515,2.764779413162762,0.06316920565259099
2010-05-18,6.2241772716669255,-2.062390735425877,2.83017631814704,0.06272520634739609
2010-05-19,6.2548611706505906,-1.9897317757901947,2.769457403414172,0.05885607737580808
2010-05-20,6.327646574599805,-2.069971637728814,2.860185447835173,0.05720304606970891
2010-05-21,6.418923451332508,-2.395738714632131,3.4783743305656296,0.05037251571025635
2010-05-25,6.503460271355241,-2.3945940450338568,3.132386196735364,0.0554722309294534
2010-05-26,6.36396932492714,-2.3019378731145332,3.2120813838660616,0.05253897804892225
2010-05-27,6.2610117436253026,-2.3006888073689993,3.2146165862272964,0.053506588864395306
2010-05-28,6.1745696535631245,-2.145462031506464,2.746478058808528,0.05300143687303284
2010-05-31,6.253201971454707,-2.1346742619770978,2.625270771443359,0.05598834363238696
2010-06-01,6.340214305433464,-2.1004540478191767,2.605817254466775,0.0566436034492197
2010-06-02,6.347710824824366,-2.0749863627712903,2.5659365887874688,0.06272868655192675
2010-06-03,6.290227133137371,-2.072575539020706,2.669542566823814,0.06287236561366083
2010-06-04,6.331488432971719,-2.045099943386044,3.0874761426686885,0.0526961321722738
2010-06-07,6.4185754964787325,-1.8073846681584238,3.1925994163198896,0.04823773596641367
2010-06-08,6.245046513078594,-1.7741725362509082,3.180352410275501,0.04944744618403628
2010-06-09,6.242712400686971,-1.8193242789272543,3.070514995815209,0.04810214816216901
2010-06-10,6.276310426054176,-1.839488278119783,3.144138307757135,0.05120576912386108
2010-06-11,6.128127317112893,-1.806649729059,3.065453687671989,0.054615903832243774
2010-06-14,6.132413388428632,-1.8590384043113213,3.075722963080367,0.06042446126262539
2010-06-15,6.176524158058792,-1.8450732987173368,2.892769274293534,0.057120091385474366
2010-06-16,6.168943719811049,-1.7733161961703792,2.8266555054770577,0.05174064929327397
2010-06-17,6.184879818491586,-1.754806539768832,2.902900453360001,0.05243686183292226
2010-06-18,6.099644551507407,-1.6884987128306828,2.772092303838832,0.05685069027808362
2010-06-21,5.959265269320128,-1.6576163487632203,2.971164948763254,0.057818871615362054
2010-06-22,6.027967649386178,-1.659066663944751,2.967804813864896,0.058865018738521506
2010-06-23,6.047967649386181,-1.6590666639447438,2.967804813864879,0.05886501873852161
2010-06-24,6.107565069207993,-1.613073351620928,2.9166777795004823,0.060742347897719616
2010-06-25,6.20746025342543,-1.5854058677677838,2.8072766926901203,0.0582317145741826
2010-06-28,6.096095246225154,-1.444856603785121,2.629279355928699,0.05828212595484673
2010-06-29,6.121607999315425,-1.1902576359744421,2.643706135378198,0.05734648755290913
2010-06-30,6.1170066041649545,-1.1810702968343565,2.541123935546812,0.05193214279470135
2010-07-01,6.12146639876692,-1.238645214936519,2.675780685457291,0.0543887293704989
2010-07-02,6.107819259905458,-1.228759011191826,2.6926232388366595,0.05362078175511828
2010-07-05,6.049869248187652,-1.2519526313070923,2.6349640041795777,0.05037651599216309
2010-07-06,6.048944176760591,-1.2474086705863292,2.628066745802161,0.04928627657986565
2010-07-07,6.074635102833305,-1.295858929508037,2.7297448547818512,0.05565121186674031
2010-07-08,5.9510156156706655,-1.2143742326541698,2.6900547714935947,0.051809640022489875
2010-07-09,5.953174184101982,-1.219062744430299,2.827225886587596,0.05423664409624054
2010-07-12,5.967804110404682,-1.1956451194423898,2.847815642779679,0.056708399563963514
2010-07-13,6.004759399581604,-1.156673103988562,2.7751677557383405,0.05780922280879158
2010-07-14,5.927345505632064,-1.170186223248545,2.7999650849197875,0.052820882393692564
2010-07-15,5.954787728602914,-1.1665193354041201,2.8966127358392915,0.05441882947071819
2010-07-16,5.956566608843712,-1.1328262734544532,2.8842017820704435,0.057370291499292736
2010-07-19,6.138321595340056,-0.833450258377509,2.3939740165744037,0.0639116801404765
2010-07-20,6.197273843876567,-0.8180418424806064,3.0026661273408966,0.06518532056402711
2010-07-21,6.058298628670549,-0.8384372907429715,3.0334526445930887,0.06177483442998114
2010-07-22,6.020247774528123,-0.8574267746262606,3.015887038802504,0.05826846400154308
2010-07-23,6.090663055816777,-0.8767893811130945,2.9835862758217497,0.05892624765195889
2010-07-26,6.033890114987159,-0.8071159184460367,3.3434106774519172,0.06258182810829893
2010-07-27,6.006134678066775,-0.7663539909806136,3.332551449809897,0.06619569487282835
2010-07-28,5.985682425438479,-0.8697690108276269,3.1910314898591245,0.05692497449447174
2010-07-29,6.050119417953238,-0.9260857271502168,3.338046811424613,0.06066703531550045
2010-07-30,6.088359035251441,-0.9315546950339629,3.243271896284446,0.057131661999410506
2010-08-02,6.0626804347602326,-0.9308691219444006,3.147269230140655,0.054873073745306096
2010-08-03,6.177105326005701,-0.9840466224710166,2.8210344112343093,0.04648960026634371
2010-08-04,6.213624395217864,-1.0093662036172255,2.8982484869549743,0.04322619665346965
2010-08-05,6.169815642777038,-0.9790662496269408,2.912849055076334,0.044403693060283224
2010-08-06,6.011019466122534,-0.9472433023630139,3.015571481600885,0.04184591337395401
2010-08-09,5.979709198126215,-0.9563078835678169,3.0629637055420855,0.040365558215129764
2010-08-10,5.961770395569154,-0.964198296643382,3.0173135346376108,0.042289352553844
2010-08-11,6.034095758443371,-0.9486439061774689,2.9240758914042053,0.04088530215750229
2010-08-12,6.0198410492923,-0.8852707899700667,2.840073542826103,0.040377921871276826
2010-08-13,5.994663412294873,-0.901807506993976,2.7613948582030763,0.045760764744566994
2010-08-16,6.014568750537141,-0.8830124909436883,2.690387558577305,0.040509089132775115
2010-08-17,5.856358650964712,-0.7243219251604694,2.791712041865536,0.0335119944104804
2010-08-18,5.775437914050681,-0.6014825429762786,2.4580979296134697,0.03567755588307006
2010-08-19,5.71426816692913,-0.5411090706809132,2.3027610808137946,0.04043809052741631
2010-08-23,5.792628915204224,-0.5311552192268101,2.0348265015244458,0.028274599871595127
2010-08-24,6.011911522937382,-0.45252883810848116,1.9526926733092653,0.02846267607188472
2010-08-25,5.790775899043913,-0.3735391911230548,2.0632899721122713,0.029772778945573675
2010-08-26,5.883816098153542,-0.3814346175832267,2.1593409915603865,0.022946530918989752
2010-08-27,6.060951474727486,-0.49410992896839073,2.4034368596341538,0.024416081281277393
2010-08-30,6.183001226025719,-0.5971182796554715,2.16989530984598,0.026646281787566433
2010-08-31,6.244813121608491,-0.5400383066481058,2.284796880888434,0.030237209662391813
2010-09-01,6.251029942173623,-0.511632912076547,2.3447893007543814,0.025991551262035603
2010-09-02,6.196317692331632,-0.48930496266484175,2.201218420947852,0.0283433914500686
2010-09-03,6.198318886826453,-0.5269430979912332,2.2297581753625466,0.028413772592942498
2010-09-06,6.228591092196246,-0.6780995935669628,2.2259660153148344,0.03412015769756736
2010-09-07,6.344348089948529,-0.7273133317965917,2.0836634159114085,0.03666108355604711
2010-09-08,6.406748263694632,-0.6752588844634093,2.2607521078691057,0.033206537535111984
2010-09-09,6.234676355096181,-0.4571336847103768,2.24708099900065,0.031019800150735508
2010-09-10,6.073679501011035,-0.7175767621852145,2.546948460675684,0.03784867042749437
2010-09-13,6.100816891310848,-0.7544590048160437,2.6217124278118553,0.03598105597808768
2010-09-14,6.089981096273631,-0.7713070984676031,2.7040178297698745,0.03995632167535649
2010-09-15,6.037016226822314,-0.8356984214375326,2.5622258756293457,0.04116414415828012
2010-09-16,6.07947320372053,-0.7219318299076557,2.0802562566642546,0.04491919774917475
2010-09-17,6.06803711599157,-0.6729604690376105,2.0108570535781904,0.0435186924187015
2010-09-20,6.0431848472224905,-0.6413266349198887,1.9813494890728915,0.04544192320130198
2010-09-21,6.022849909427999,-0.6496841722261879,2.0025560544755874,0.04676691733051896
2010-09-22,6.004996388556508,-0.6688206361546333,1.9525027118016274,0.04656682846483733
2010-09-23,6.018219983125298,-0.6731017972140982,1.9819662982835047,0.044420642141184345
2010-09-24,6.06780452722943,-0.7180489221941762,1.9849963841471323,0.04549976397708778
2010-09-27,5.998729598656493,-0.7225928829149297,1.9918936425245213,0.046701134167422984
2010-09-28,5.997889117298611,-0.7726741190397537,2.0683314997722078,0.046864224430832116
2010-09-29,5.892578508193919,-0.711895530428532,2.1876291787287676,0.04659214661720415
2010-09-30,5.925278591306429,-0.7323398256651766,2.204851694628377,0.04768207382504628
2010-10-01,5.886974602011232,-0.6873265383828626,2.079598567661777,0.03995871155657131
2010-10-04,5.758993500199346,-0.699217814650998,2.178658649188901,0.04147018133790106
2010-10-05,5.75575543949335,-0.6949310017228661,2.152792044295725,0.04125323404419068
2010-10-06,5.623412086259932,-0.6565707320588521,2.057048001317827,0.04160580138229237
2010-10-07,5.68562757914315,-0.6789388014427397,2.1004038644117387,0.046481903109747764
2010-10-08,5.8090113061219615,-0.7143728665777758,2.159211067674443,0.044164336951719896
2010-10-11,5.7931178205619025,-0.7330288875865197,2.107868059212028,0.04587145244551217
2010-10-12,5.747023020978685,-0.7316971451448303,2.0444430278135868,0.046734608583754216
2010-10-13,5.7092728191114075,-0.849043652978175,2.2899229685258145,0.048849923044224516
2010-10-14,5.903768944370678,-0.8431447743903225,2.1071717794406783,0.04523009305911678
2010-10-18,6.078435861998577,-0.9024928491073417,2.1195150748526546,0.03778824554976211
2010-10-19,6.0865283286361365,-1.0080865931793328,2.040251051985452,0.040879004482781416
2010-10-20,6.104658550770812,-1.0066957920481496,2.1093055243877594,0.038363874053245026
2010-10-21,6.009988911450063,-1.0471606224378796,2.189513136388396,0.04112927833083763
2010-10-22,6.038337502526065,-1.0508195252787045,2.247703530440488,0.04018718965255379
2010-10-25,5.971167328280304,-1.1091331348308242,2.3650110751631623,0.042739599664535576
2010-10-26,6.073362900499014,-1.1187713585548702,2.2895708356917774,0.04469258829084877
2010-10-27,6.104624965410146,-1.104890699879091,2.4372925611647474,0.0494606869279387
2010-10-28,6.150505682654347,-1.187585445066726,2.516147064436494,0.046575972928269524
2010-10-29,6.152893501901321,-1.2460734186281128,2.3621618833655,0.046598614406197114
2010-11-02,6.0863066032360535,-1.3085287070757194,2.3877084245458984,0.043500016762188704
2010-11-03,6.11685503675646,-1.24354355238251,2.296681840611669,0.0460198101230005
2010-11-04,6.12823205197759,-1.2288309541872036,2.382344830427751,0.04656236541011684
2010-11-05,6.188076816138638,-1.1578706881449594,2.4197819175786273,0.046881124149720545
2010-11-08,6.236135357555679,-1.15681710406165,2.3192729889097023,0.04552995684363761
2010-11-09,6.3533534298377425,-1.1430071306327985,2.0995816261529128,0.041498303071883395
2010-11-10,6.244240490446889,-1.1466965784646759,2.1727525508466172,0.04229890769920703
2010-11-11,6.371186937678379,-1.0550693374966786,2.1153184334897563,0.04544446787517575
2010-11-12,6.386435821177838,-1.0469759319370018,2.0469387052671077,0.04003639991437309
2010-11-15,6.420135779482416,-1.058821708194999,1.9938504991500559,0.0410622217179917
2010-11-16,6.426015970833315,-1.0560872242531212,2.0412379567201246,0.04284450700815735
2010-11-17,6.520216211556366,-1.1429244539366379,2.0336213923932247,0.041952123599512545
2010-11-18,6.447712012950214,-1.130107770291483,2.05216090360101,0.03931215609058643
2010-11-19,6.388625401779142,-1.1644562870637447,1.90600017106604,0.04287426170575006
2010-11-22,6.498652986899049,-1.2707365927033745,1.6995613699855665,0.04903705426005763
2010-11-23,6.642318042729209,-1.380514545811955,1.835645649697086,0.05531586825511612
2010-11-24,6.680102549845996,-1.3581464764280562,1.7922897866031386,0.05049236367685452
2010-11-25,6.680102549845996,-1.3581464764280562,1.7922897866031386,0.05049236367685452
2010-11-26,6.853305980380504,-1.4924700559944317,1.8612961658247473,0.05376037402023394
2010-11-29,6.863755915444437,-1.5163299120906972,1.8889856337095439,0.051415562766315856
2010-11-30,7.043496740598131,-1.2567054380791414,1.953740883361045,0.0493170149003518
2010-12-01,6.966304136981557,-1.2221889833675323,1.7408495264126314,0.042478164895411966
2010-12-02,7.039349555771621,-1.237141162468942,1.8902784069789502,0.04936579253480606
2010-12-03,7.176003271031214,-1.3418833572219002,1.581082485441166,0.04226013258252366
2010-12-06,7.233314982953021,-1.3460903235179036,1.7754793291145599,0.04511252917824293
2010-12-07,7.1708557194418425,-1.3532529485644071,1.725067721143004,0.044469905174606285
2010-12-08,7.150564058171869,-1.3346574426556266,1.7154708384419808,0.045840801907379866
2010-12-09,7.130540176585661,-1.3154495099135062,1.7038905143959284,0.04669113349576236
2010-12-10,7.172912307976349,-1.333210350352969,1.877995585351593,0.04589697229970998
2010-12-11,7.1829123079763475,-1.3332103503529753,1.8779955853516033,0.04589697229970975
2010-12-13,7.215411932492291,-1.3304554441093965,1.7362475685366865,0.04569114777617677
2010-12-14,7.106805650486355,-1.4181355011888392,1.9467301328553195,0.04576676298914613
2010-12-15,7.076805650486351,-1.418135501188844,1.9467301328553377,0.04576676298914601
2010-12-16,7.054260811021109,-1.453151289067434,1.925116598458323,0.048491398359715374
2010-12-17,7.0312909557175125,-1.4931099778146535,1.9801670964964977,0.04599010212529787
2010-12-20,7.0051319135433125,-1.4681625838279388,2.09732136583853,0.04845985290803223
2010-12-21,7.06410901518033,-1.3653644755318572,2.0645380848782025,0.04051280776744253
2010-12-22,7.054392942216242,-1.3329747487185712,2.0812547330943825,0.041119655619473415
2010-12-23,7.0102731335671375,-1.330240264776699,2.12864219066447,0.042697393764747446
2010-12-27,7.047995125578673,-1.32366119901504,2.1984422674182236,0.044168733428892076
2010-12-28,7.062114934227774,-1.326395682956919,2.1510548098481603,0.04262135442023525
2010-12-29,7.062114934227774,-1.326395682956919,2.1510548098481603,0.04262135442023525
2010-12-30,7.0530400056548395,-1.3309396436776713,2.1579520682255473,0.04368116174189137
2010-12-31,7.07338250307618,-1.4378770705603539,2.10035506019057,0.04228561942373168
2011-01-03,7.063382503076175,-1.4378770705603616,2.1003550601906,0.04228561942373176
2011-01-04,6.972350602140682,-1.4814586947407968,2.153388615940435,0.042816629753818176
2011-01-05,7.098915992835646,-1.5347819521372372,1.9467901704770294,0.04940920956277548
2011-01-06,7.072284872038121,-1.5205614417987552,1.8976606598702621,0.04735352587565696
2011-01-07,7.138891926612148,-1.5685149159123546,2.041140339725946,0.05213610249925199
2011-01-10,7.201235222002419,-1.5668677744117347,2.0756082246802787,0.05640692181106142
2011-01-11,7.197448727776012,-1.6275661161768105,2.1407682037213296,0.05350717499008205
2011-01-12,7.042412574750949,-1.5623362238151528,2.2628241368236224,0.05088380558873905
2011-01-13,7.029770444106053,-1.5693575206851502,2.241303284146705,0.05010540461782151
2011-01-14,7.096722775136685,-1.5648850287780718,2.2960396924893276,0.04840001601855004
2011-01-17,7.082498150705019,-1.5344830609830558,2.2340260632490536,0.0476494618771946
2011-01-18,7.056528225404823,-1.5945482566530897,2.171872456871635,0.04947731450739889
2011-01-19,7.054256165432184,-1.6893811360957764,2.354384531013139,0.05301809523920319
2011-01-20,7.075803266867844,-1.732636964221971,2.3116705951611403,0.054314357845098866
2011-01-21,7.101630155317156,-1.6506239913033294,2.26978362182315,0.05377683814114869
2011-01-24,7.045364103992976,-1.6940664249930208,2.3323910340958647,0.05406060960157765
2011-01-25,7.033529770592832,-1.757134487453966,2.3580675395081148,0.06191208472159804
2011-01-26,6.787994463918119,-1.2997140582243956,1.9843087305821865,0.0598609424382071
2011-01-27,6.76304864104101,-1.2247741066716984,2.0095091224317394,0.052551285695564325
2011-01-28,6.781593413316376,-1.1312142486492356,1.7334744624387544,0.05312544734937316
2011-01-31,6.951496747862851,-1.1995811363029603,1.6965978933384795,0.05179983575626058
2011-02-01,6.804338925837955,-1.1114948408739167,1.7067496600266416,0.05364205818509699
2011-02-02,6.565755533072656,-0.8450840487895964,1.5877578496048186,0.05020145268229807
2011-02-03,6.690090304987414,-0.9774593613003809,1.596125950184488,0.05549526748589838
2011-02-04,6.6899614853581095,-0.9680198421174389,1.7276866706369647,0.05228540645545867
2011-02-07,6.641703139124873,-0.9189660271743708,1.6102634180160131,0.05412104745828831
2011-02-08,6.6848852925012325,-0.9390280125621802,1.607272532596331,0.055814821865510796
2011-02-09,6.852841940337748,-1.0981027172086635,1.887286151834732,0.06015018400409525
2011-02-10,6.9540075762487845,-1.2179023277466263,1.963297920236112,0.06203520810126721
2011-02-11,6.952321091235824,-1.2615107833006303,2.086362181620134,0.05850348707692738
2011-02-14,6.824634372386766,-1.1921846603707853,2.1024682384356526,0.06326846782745263
2011-02-15,6.786030632432127,-1.200316055118699,2.105922224145146,0.0637910621394579
2011-02-16,6.82737098514785,-1.2242226223262842,2.080518719541779,0.06556716727393373
2011-02-17,6.874668771746108,-1.2921880337551468,1.9502738244654854,0.06556922056290765
2011-02-18,6.865064001928592,-1.2741986217675056,1.921177767416582,0.06364127706301599
2011-02-21,6.867172554257279,-1.259955578615503,1.8520900300324654,0.06555583612244285
2011-02-22,6.896744189009869,-1.2499402897021228,1.9413484013422309,0.0643777802248588
2011-02-23,6.808588409461278,-1.203982942963123,2.009274573225637,0.06247435213531283
2011-02-24,6.861893923936577,-1.131144551880394,1.8777101063114592,0.06205460790403148
2011-02-25,6.824580600403759,-1.113054566599735,1.8324157026580357,0.06057784852897844
2011-02-28,6.737134167621529,-1.0279447252629879,1.6211067240330124,0.05920045139787186
2011-03-01,6.549237343827829,-0.8175189789552222,1.539043540938763,0.054068482615788976
2011-03-02,6.708518565957742,-0.9410168067057829,1.567740750735972,0.05420200713493949
2011-03-03,6.679905321019318,-0.8656193964280674,1.2126014911376912,0.05427741486915254
2011-03-04,6.717635865474745,-0.8653986144342962,1.3346966246839387,0.05428238616450144
2011-03-07,6.704764102303391,-0.907516982014593,1.5594825605657683,0.05249316563558117
2011-03-08,6.833477797092091,-0.8743122238005496,1.6875560303269344,0.048417934205936354
2011-03-09,6.875260479758686,-0.9457446523269992,1.7119225042909767,0.04877591634813604
2011-03-10,6.883368568196931,-0.9637710183775445,1.6368943232306346,0.04661114749818557
2011-03-11,6.880095421572602,-0.8963644184925253,1.4967429950607383,0.04371027859141366
2011-03-16,6.873217163539444,-0.8825240608438153,1.3746281934277718,0.048526505960687194
2011-03-17,6.757926462663022,-0.8174900573535333,1.3560114807534904,0.0461261393038136
2011-03-18,6.738337760563656,-0.8020204812695277,1.3094171725079824,0.044849700181937735
2011-03-19,6.722461727207988,-0.775277416315337,1.3055939373198036,0.04333121185942134
2011-03-21,6.688706277668755,-0.8242559513018103,1.4094689363492068,0.04613295685728543
2011-03-22,6.702357327520401,-0.7926590712469935,1.275837133734681,0.043813850690899346
2011-03-23,6.623600084935527,-0.7751420697178443,1.5351870407687718,0.05230828895383509
2011-03-24,6.640196963018412,-0.7858689805400063,1.5187636096558232,0.053764367649190764
2011-03-25,6.610196963018411,-0.7858689805400111,1.5187636096558355,0.05376436764919084
2011-03-28,6.597884712315315,-0.7757963152620223,1.5230107446898447,0.054719263608287695
2011-03-29,6.617884712315316,-0.77579631526202,1.5230107446898407,0.05471926360828821
2011-03-30,6.599169220078146,-0.7999730558243848,1.6153613877875816,0.05464011887643669
2011-03-31,6.5932890287272485,-0.8027075397662579,1.5679739302174969,0.05283609289382243
2011-04-01,6.619165062082919,-0.8294506047204457,1.571797165405671,0.05423054851841549
2011-04-04,6.578557169487174,-0.8344433876887047,1.674095692084407,0.05238982533534938
2011-04-05,6.518496762906281,-0.7413259833977138,1.4642764403930475,0.05688324414813637
2011-04-06,6.369293753279873,-0.7261006118649246,1.6259509007727466,0.0547970108386975
2011-04-07,6.392198557406322,-0.7069620102507368,1.6953211422185146,0.05460206255835841
2011-04-08,6.438675798858543,-0.7517540030656906,1.7350889020521192,0.05640939468472212
2011-04-11,6.437123800851818,-0.7483055369061685,1.7110221339724097,0.05400228316540201
2011-04-12,6.502777801585033,-0.7393334350807866,1.7071490259964965,0.05194504627595758
2011-04-13,6.445925358528533,-0.6953476830625546,1.7055725536457749,0.04734903885746836
2011-04-14,6.458022724162782,-0.7247619424388482,1.745985076293137,0.050002676955224035
2011-04-15,6.503587701310171,-0.7790704774414491,1.7825952009300363,0.05214917562505648
2011-04-18,6.503587701310171,-0.7790704774414491,1.7825952009300363,0.05214917562505648
2011-04-19,6.57296090517219,-0.8047881448172902,1.6434248827305002,0.05097676413374315
2011-04-20,6.489286637138365,-0.7900776843077189,1.7097709737747564,0.05174514390580421
2011-04-21,6.458315402555013,-0.7768121784150708,1.63290921668124,0.052375553456156944
2011-04-22,6.425534393054461,-0.7324081491403941,1.5509120066708044,0.05270570046716356
2011-04-26,6.425534393054461,-0.7324081491403941,1.5509120066708044,0.05270570046716356
2011-04-27,6.396386766641633,-0.7038345968415837,1.5109186062899003,0.05143400959127434
2011-04-28,6.35496285169771,-0.6319881237117454,1.3957882835302133,0.049522768544573
2011-04-29,6.470425393785323,-0.7702580762795047,1.5010600567049752,0.0516670567990937
2011-05-02,6.506823210422891,-0.7795716259830319,1.3838725223811283,0.04857875618321529
2011-05-03,6.543869612509074,-0.8131547428083459,1.4007012700071346,0.051344189422208995
2011-05-04,6.413757635937394,-0.734033570329694,1.5177482063104217,0.048425252473114515
2011-05-05,6.439834844057775,-0.7123074394676394,1.393311949699624,0.04683765960566998
2011-05-06,6.398756756362207,-0.6126335022285121,1.2732510015393719,0.048595738755797604
2011-05-09,6.4087740601624095,-0.7034317487859177,1.1957535505038057,0.049193626728270136
2011-05-10,6.345522114257667,-0.7145920526547916,1.5094757058185422,0.055148445742534837
2011-05-11,6.31780428024136,-0.6916935695203841,1.4832398514466842,0.05395453622438662
2011-05-12,6.354720561935086,-0.7349337458226736,1.657334049496282,0.05964169370037109
2011-05-13,6.365787959849555,-0.7554755586922228,1.713022506168966,0.058191348532685434
2011-05-16,6.402972705035122,-0.7702243450954778,1.7643489068254752,0.05659698932540364
2011-05-17,6.458100949128488,-0.7552184108995948,1.731991852684741,0.05758143424648873
2011-05-18,6.407011095725385,-0.7713344429733863,1.789323745211875,0.05865813239285756
2011-05-19,6.3446756268401066,-0.7149544371310206,1.726285168675638,0.057941912927990495
2011-05-20,6.254191528870259,-0.6564045892104179,1.8159567267897148,0.056339434105724444
2011-05-23,6.426163590496915,-0.7763803714759636,1.9281307493948556,0.060966861039164696
2011-05-24,6.349671112101622,-0.7482718057221383,1.974310984092902,0.05885979285567981
2011-05-25,6.370924335296098,-0.7344554232214384,1.8737243900869747,0.061022321347553955
2011-05-26,6.402891287076283,-0.7685999590315107,1.8367112027819508,0.06041059591387135
2011-05-27,6.467409697549883,-0.8265410614180615,1.9113642283909444,0.06000871679760944
2011-05-30,6.431063214151747,-0.785880749366121,1.9342007474205174,0.059339892732080034
2011-05-31,6.3641251951411775,-0.7697481601799857,1.9614223486443647,0.058337426167943095
2011-06-01,6.393652278348497,-0.7648943450793532,1.8316137812179958,0.05721099255800238
2011-06-02,6.434879955769266,-0.7764164629688564,1.6634611847273202,0.059723922435863594
2011-06-03,6.410341735677258,-0.7904822123595452,1.6423864711582887,0.0618983204896523
2011-06-06,6.39143556243831,-0.7978295279069186,1.7345492943080014,0.06188555468820567
2011-06-07,6.348343496729478,-0.7809909686806593,1.6853389737463078,0.06282674484197867
2011-06-08,6.358343496729475,-0.7809909686806663,1.6853389737463254,0.06282674484197893
2011-06-09,6.366899881798362,-0.7949930301603193,1.705322554516464,0.06223026278000239
2011-06-10,6.362463305378576,-0.7837254526225391,1.637951516176246,0.061043732847749096
2011-06-14,6.437925020310576,-0.8759426163123821,1.6691417169799194,0.0641896064190982
2011-06-15,6.400378122130722,-0.9854194438659725,1.7101198330951164,0.06878767998364703
2011-06-16,6.55333927707215,-1.1297777064238863,1.855777195223477,0.0646934828344713
2011-06-17,6.673477060706717,-1.2461370584290585,1.770820334798338,0.06737320939767881
2011-06-20,6.488704083285606,-1.0931466666925995,1.9987755261906344,0.06534736366010888
2011-06-21,6.496701975607738,-1.1301480759037275,1.917748613109006,0.06725657982511753
2011-06-22,6.464682049578642,-1.111571508712262,1.875887243319847,0.06475794576744674
2011-06-23,6.575898607668469,-1.1990207068087078,1.8631107072811322,0.06643830430885353
2011-06-24,6.6984713461192875,-1.2744324523694963,1.8478976324497425,0.07079873861222706
2011-06-27,6.7308063989095865,-1.285763319427062,1.8312919257607412,0.06893485254446095
2011-06-28,6.634613777424786,-1.2302229181017499,1.8271878658588143,0.06900456448329982
2011-06-29,6.542873291783694,-1.1138877153976887,1.7480790480900446,0.06804200172901599
2011-06-30,6.52130901498018,-1.0926231527525534,1.682575979158038,0.06820502612221507
2011-07-01,6.522059944426801,-1.1095781470329182,1.684318032194757,0.06850381110082777
2011-07-04,6.52771845687347,-1.1316826342011832,1.6570417918120395,0.0724390082002403
2011-07-05,6.51418011214826,-1.140250608188777,1.7123719831870976,0.0703229723276151
2011-07-06,6.5463221968281085,-1.123551239453271,1.6535878061025484,0.07185524955640903
2011-07-07,6.55985413837453,-1.1222638478140456,1.5384505167629943,0.0734230103436421
2011-07-08,6.52397810501886,-1.0955207828598597,1.5346272815748332,0.07193333045550339
2011-07-11,6.606184264789359,-1.1433892199684346,1.6135274422178696,0.07274825054006111
2011-07-12,6.721665102285055,-1.2958862740138237,1.8150507702238683,0.07423510897881916
2011-07-13,6.605306582570555,-1.2244763801236782,1.751796653129772,0.06953972464438662
2011-07-14,6.642159025627065,-1.2684621321418938,1.7533731254804397,0.07417384113930059
2011-07-15,6.710982398817432,-1.3373791138493445,1.6470229617114762,0.0741590084910334
2011-07-18,6.785967603460671,-1.3630718175991035,1.7095018802419863,0.07495353539667171
2011-07-19,6.745409995684606,-1.327711358963482,1.6930114449274754,0.07662497580499206
2011-07-20,6.744557206002461,-1.3112357724774892,1.653360562083139,0.0753536511143005
2011-07-21,6.667071960748293,-1.2432488361865188,1.6529853771423502,0.07240076221296989
2011-07-22,6.644288346819682,-1.2938984683482966,1.6314051077271527,0.07575450061252016
2011-07-25,6.712892086774321,-1.2857670736003877,1.6279511220176663,0.07517645558709811
2011-07-26,6.684968503903095,-1.2957661963934834,1.6067662538376333,0.07424547587015393
2011-07-27,6.736843581797532,-1.377114018524262,1.741786035416813,0.07432083872575623
2011-07-28,6.750461099298018,-1.3479734640529473,1.5978506725027162,0.07241118592079047
2011-07-29,6.839121134623036,-1.4923856118386263,1.7248908580862947,0.07412806215024421
2011-08-01,6.79643586013572,-1.4730463762264134,1.7376963557653087,0.0736651952659675
2011-08-02,6.835167789164917,-1.4372081832535908,1.7303462359017374,0.07173141796795712
2011-08-03,6.970608971686406,-1.5550593491450535,1.7795833291033054,0.0740111386644549
2011-08-04,6.897892891335826,-1.4973873849879427,1.7834859555993128,0.07261914883091
2011-08-05,7.003956186273881,-1.5601076107825727,1.7671492699033997,0.07327607097042546
2011-08-08,6.982282998069321,-1.5251481140754524,1.6952925297930976,0.06773717615196752
2011-08-09,6.958391209126491,-1.505799075779971,1.7305391452664989,0.07101830178843743
2011-08-10,6.941927360484289,-1.5932884133219234,1.7300631836324756,0.07305168191998193
2011-08-11,6.826788529013871,-1.573164877708824,1.754795464619515,0.06943742408444331
2011-08-12,6.777711872266551,-1.5764424573561064,1.6284408829026544,0.06903967975769497
2011-08-15,6.7739693320788605,-1.680383406236034,1.6460875964859092,0.07381420273283304
2011-08-16,6.724845951000538,-1.7429407595187327,1.4155059949502666,0.07794467998248325
2011-08-17,6.804576765004005,-1.7447943127941008,1.0502831012585758,0.07894961626120389
2011-08-18,6.7118673612409845,-1.6720343975251077,0.8642399891227512,0.0838138478446329
2011-08-19,6.735224822124219,-1.5769427469004327,0.8687487910407001,0.08562656106234012
2011-08-22,6.645271648684533,-1.5585648842500661,0.8830079022326295,0.0815836548846948
2011-08-23,6.5554529042072405,-1.544823193441916,1.003219586957969,0.0837494017775316
2011-08-24,6.570632245086612,-1.4331571153375962,0.9113449054942473,0.08242151374460323
2011-08-25,6.646459369989358,-1.416457523978963,0.8346245441849133,0.08066588269729723
2011-08-26,6.760527845399022,-1.450538770269261,0.8815881019091459,0.0827745578245815
2011-08-29,6.688803461798608,-1.4444879805723718,0.953585068712626,0.08063333369452667
2011-08-30,6.592516658867735,-1.4294588981250007,0.9586594640984273,0.08435092642507558
2011-08-31,6.597591928712189,-1.430020932547729,0.8474278528635198,0.08227654386352233
2011-09-01,6.562125170585505,-1.372921622431775,0.9516754603039888,0.08443575651629046
2011-09-02,6.575771461414644,-1.382396699990375,0.9767964608456979,0.08077924845534483
2011-09-05,6.554698836388906,-1.2807828843356606,0.8040547610802596,0.06956616750547719
2011-09-06,6.4675237467969104,-1.1851547783523142,0.6607562611992023,0.0728238535246666
2011-09-07,6.289774808157812,-1.0198448478691193,0.26035769855371754,0.07051759459878346
2011-09-08,6.139704310094572,-0.9859021507715094,0.4251442515505671,0.0788510307334015
2011-09-09,6.092342973836835,-0.9159624061005578,0.7549154990828436,0.08148380005951361
2011-09-12,6.493999614323506,-1.1441064158516727,0.7110205292522388,0.07574797036458629
2011-09-13,6.463039758679488,-1.110443032706883,0.7661338485065157,0.07729822898437914
2011-09-14,6.743330747727485,-1.3082803027395817,1.2348210525411185,0.07371945201384784
2011-09-15,6.811253756475895,-1.389620583958118,1.0480881521349223,0.08031180760920305
2011-09-16,6.828791495286859,-1.2763719231805457,0.7245341827382034,0.0766962062529003
2011-09-19,6.796446814886567,-1.2769211358433956,1.0646011779447897,0.08098784741464116
2011-09-20,6.942634024111803,-1.3013092485311009,0.9819719447619982,0.08199767492774826
2011-09-21,6.981724702917775,-1.3219874218273573,0.7935960723718815,0.07859296243949607
2011-09-22,7.176813269369933,-1.3356820087093393,0.8018032206633559,0.07412149536995633
2011-09-23,7.27595382139163,-1.41413573410579,0.8046488419504855,0.07352636013661872
2011-09-26,7.337659698743653,-1.387012717788845,0.8380773608033792,0.07608004199642669
2011-09-27,7.174389635649873,-1.3162243267369378,0.8027583533938201,0.07913988651276327
2011-09-28,7.127954081706472,-1.3057953185908835,0.7551233360918195,0.07929965897446292
2011-09-29,7.237538625810611,-1.3507424435709507,0.758153421955409,0.08030037077611002
2011-09-30,7.46477371835072,-1.4166228273034682,0.8272619965172915,0.07957421310696489
2011-10-03,7.530372938212743,-1.4744249618223986,0.9294250628739379,0.08201093502893801
2011-10-04,7.717689299700569,-1.4268190312482933,1.0302491388619948,0.0825230170452362
2011-10-05,7.497303373992676,-1.2407285705718762,0.8354638990883925,0.08247091907429695
2011-10-06,7.19726889482461,-1.1719215894955377,0.8047443453399769,0.08379779943072758
2011-10-07,7.127531568306158,-1.1598042847513597,0.8525937341088539,0.08225508290736817
2011-10-10,7.1010109328899,-1.1436238352462262,0.7290477622355733,0.07679798803763066
2011-10-11,7.0311602676724645,-1.1462214890062248,0.6898534466413415,0.07808238706816065
2011-10-12,7.061910486755611,-1.157226558186756,0.6363461182578855,0.07746289583398265
2011-10-13,6.971812209691066,-1.211710426855844,0.7485719891776353,0.0778033047139426
2011-10-14,7.075810945407127,-1.1781746365798231,0.6212605927595851,0.08048639190190136
2011-10-17,7.012926061945173,-1.2100430838538758,0.6706864538791851,0.08346183467630526
2011-10-18,7.156715506889998,-1.2367066949907788,0.767714067318918,0.0858008381046317
2011-10-19,7.117654299634931,-1.2399061673004355,0.7476543749204319,0.08324815953575174
2011-10-20,7.266953865258384,-1.1760237119227908,0.6880365191118661,0.08288054042905596
2011-10-21,7.3226629723686525,-1.1771112498132454,0.5431927818850445,0.08251445942301305
2011-10-24,7.240016863370069,-1.1933458528041032,0.5925853780228056,0.08506247293326329
2011-10-25,7.227094253321015,-1.1973294024915075,0.5426627180914706,0.08263189848944895
2011-10-26,7.2086115643057616,-1.1685148685203428,0.45356516109658457,0.08278964465573353
2011-10-27,7.257422699356924,-1.1398698455850698,0.41078396390305477,0.08210105237179498
2011-10-28,7.190383410813014,-1.104956071511208,0.5090116956616861,0.08075737039100524
2011-11-02,7.138863708262738,-0.6562042862773126,0.6084403798554816,0.07568643867015083
2011-11-03,7.175019203725579,-0.6494296247711026,0.6166225376502421,0.07855489017335547
2011-11-04,6.945978309626204,-0.5758740652777424,0.6918732258483641,0.08102370007277108
2011-11-05,6.9243803882410715,-0.6058705605781106,0.7334075575135985,0.08057046566737688
2011-11-07,6.96321654235064,-0.61696044414054,0.7265435641180107,0.07991330082114399
2011-11-08,6.9775583836222,-0.6554100948619792,0.6868524497120073,0.08166115399852893
2011-11-09,7.0529087964002875,-0.6109345881218734,0.6688274144012887,0.07665148089361674
2011-11-10,7.056994726613586,-0.536970333254985,0.5644341930130956,0.07730399836521082
2011-11-11,7.0238903813233735,-0.2921671011156572,0.5778179355914685,0.07333672896163408
2011-11-14,7.099088123622584,-0.23541933323437095,0.6693622294848773,0.06930429979802404
2011-11-15,7.181467013103652,-0.09246086889049164,0.4269193412161367,0.06498767285014037
2011-11-16,7.140721677954639,-0.11636368192475138,0.6048566403558427,0.06106212576134876
2011-11-17,7.168392747787378,-0.14213502860462232,0.7634450215497334,0.06256831796105183
2011-11-18,7.048736538315985,-0.5027513764855691,0.9488685400395993,0.06298610967307751
2011-11-21,7.042304396008251,-0.5031280380385049,0.7722548361928829,0.07767711282300213
2011-11-22,7.139306730007631,-0.6191915451400316,0.6955367287285118,0.08124035651819374
2011-11-23,7.212709851924748,-0.6084646343178631,0.7119601598414396,0.07963334957793104
2011-11-24,7.306239701548484,-0.5339878887657776,0.6657395556084245,0.07378463116213266
2011-11-25,7.528902881816137,0.0051388115299521985,0.0709448834103964,0.052902073549589264
2011-11-28,7.332967758695395,0.07677369877082346,0.19379873220835833,0.047448696361841604
2011-11-29,7.467263998868695,-0.031442466275491535,0.47764067689261747,0.048729059648529104
2011-11-30,7.464810239888017,0.0392550001054613,0.4925114359390167,0.05271739462622117
2011-12-01,7.281623254396581,0.02023078966983975,0.4205184866654452,0.06841559452341472
2011-12-02,7.222468835737974,-0.030688793223586815,0.49875618072658845,0.06631715721301841
2011-12-05,7.109964751797369,-0.07575928110238794,0.684038277503674,0.06990300363099909
2011-12-06,6.979699556295734,-0.08908743978073796,0.6806432446619299,0.07221137407640256
2011-12-07,7.035365976895022,-0.13600570229796427,0.4748427148941886,0.07612210484226396
2011-12-08,7.132292206594274,-0.1333942445493315,0.5218839491637186,0.07598172616823638
2011-12-09,7.374860029698856,-0.0548642745746524,0.24606482972861005,0.08118200404698359
2011-12-12,7.225437236547912,-0.028494751911372077,0.32409460925022565,0.08186613466637764
2011-12-13,7.25852930225674,-0.045333311137639255,0.3733049298119417,0.0808723006297123
2011-12-14,7.25852930225674,-0.045333311137639255,0.3733049298119417,0.0808723006297123
2011-12-15,7.316158180354735,-0.07962812726816226,0.19019667485057043,0.07772987013931952
2011-12-16,7.27330165412646,-0.10506306778732355,0.3290346162007303,0.07652281064029193
2011-12-19,7.324459671662346,-0.01777175680248518,0.16952103328635654,0.07612160488540576
2011-12-20,7.320493203691402,-0.08444429445907732,0.41844277610560643,0.07705414653468283
2011-12-21,7.24620910463705,-0.08003445533770208,0.3929223945129673,0.07839219622233617
2011-12-22,7.356532616876129,-0.10141817999914086,0.5202385953771053,0.08556306149707231
2011-12-23,7.31947310261884,-0.09346211891770849,0.5924003559504362,0.08298045076333273
2011-12-27,7.3390229879133555,-0.08986650559666556,0.45023321686911083,0.08121099218422427
2011-12-28,7.345346991705147,-0.07388966401361724,0.383327467819094,0.0806718647641871
2011-12-29,7.4866879351230535,-0.07853563853910138,0.4668389235581133,0.08311623005842471
2011-12-30,7.603704252489824,-0.07914760695203245,0.4616789518463111,0.08573205570173147
2012-01-02,7.674567587760057,-0.06812742015843917,0.3243073013691746,0.07728669859920703
2012-01-03,7.800066746755629,0.039972011861331154,0.2650400822170917,0.0817525582389722
2012-01-04,7.944797806085216,0.4979905614626809,-0.45849253617726493,0.06586454667065043
2012-01-05,8.028172501992008,1.0870823127310596,-0.8912498196848895,0.06151149108186256
2012-01-06,7.679232089778112,0.8438183645425221,-0.7286485393923617,0.053997331359934245
2012-01-09,7.645318008587215,0.756378543564155,-0.5262051581107476,0.06973291538456386
2012-01-10,7.736816376177154,0.8208751032176813,-0.6201920133430789,0.06623518065768275
2012-01-11,7.532898731279096,0.6318289397056827,-0.17338279112977303,0.07665697887362671
2012-01-12,7.5478120824953105,0.6119930968762693,-0.19412625624267768,0.07750880682111104
2012-01-13,7.57243683368052,0.6393879030355544,-0.09442798011955542,0.0768145279553111
2012-01-16,7.661625526465857,0.5677800530919805,0.029063341386525013,0.08306951905800095
2012-01-17,7.721397529225893,0.5228114032497835,0.16271350726726508,0.08688069609032521
2012-01-18,7.515721348525457,0.5656097412585666,0.11222439382318655,0.08330215145613742
2012-01-19,7.4318911454567536,0.5396816372014297,0.0071777015960167055,0.07864231529495708
2012-01-20,7.478833184784714,0.46703636747203653,0.24040558499338804,0.08531242697754983
2012-01-23,7.489406306340383,0.4717671563794179,0.11025079426649433,0.08249006156547856
2012-01-24,7.410255861039731,0.3973842258648381,0.33798320400444243,0.08215257842716613
2012-01-25,7.262108994464833,0.244527441431373,0.27738576659926967,0.08710965208585199
2012-01-26,7.241326385064408,0.1436416151327448,0.4810995662827381,0.08595330695187799
2012-01-27,7.3404013136373445,0.14818557585350906,0.4742023079053232,0.08498623361282778
2012-01-30,7.403604393052872,0.13706254937109022,0.4112994895289797,0.08453178127593504
2012-01-31,7.409420007365446,0.12562090095087097,0.40966836681109225,0.08099612161169253
2012-02-01,7.402516231069511,0.13825989062068314,0.5024429097546714,0.07995336810822026
2012-02-02,7.347333418954595,0.12570035476815025,0.502872745062675,0.08167545736481538
2012-02-03,7.2868304174425065,0.16352531828116085,0.3510754582985012,0.08054181368791971
2012-02-06,7.359451674883014,0.26044698206876477,-0.05249798010523178,0.07679605827647566
2012-02-07,7.30288459207966,0.2583185920480359,-0.08038626332744772,0.07852266351854892
2012-02-08,7.2391049732915835,0.16080761655001158,-0.25345032738887036,0.08201214757205158
2012-02-09,7.290443772440132,0.2024771618828074,-0.38283499496936774,0.08062389906268014
2012-02-10,7.2508958908414085,0.2860434522657822,-0.2747985864135546,0.07839918481631553
2012-02-13,7.164991174746199,0.3831868865252283,-0.33309944691394927,0.07510003848701516
2012-02-14,7.260775803793256,0.40479208616135065,-0.4668557144611564,0.07848528597754366
2012-02-15,7.150130475793759,0.4586149018231526,-0.6674441995206062,0.0796446913154624
2012-02-16,7.21524304609266,0.4631482796113782,-0.9001988584919979,0.07656598016455934
2012-02-17,7.077370217725169,0.4476481585363139,-0.8386240196048647,0.07979983538653135
2012-02-20,7.072981566269914,0.3030249586313678,-0.7348498843527899,0.07944436339572061
2012-02-21,7.029112748504223,0.28807219126591627,-0.7926710289262123,0.0812622808556166
2012-02-22,7.094124585714697,0.27926537146892816,-0.7277656520727641,0.0776775902515356
2012-02-23,7.105333584177673,0.30711113756146013,-0.7041517454791877,0.07912510073137957
2012-02-24,7.187987809182787,0.33507594614901104,-0.8496238596757921,0.07989153826233457
2012-02-27,7.333497755254203,0.36131228119664915,-1.035540006041223,0.07881420234123081
2012-02-28,7.227292859767645,0.3756449280292014,-0.987128770266212,0.07527516352583533
2012-02-29,7.146458742520572,0.17910260791524332,-0.7183346324055822,0.07959932801613953
2012-03-01,7.154335986191117,-0.049766014137464454,-0.7321680649855393,0.09494568696491376
2012-03-02,7.141888509905944,-0.09708008364361936,-0.6040063820375833,0.0942327406585055
2012-03-05,7.234836882063475,-0.0501490491365515,-0.6022179698434716,0.09138189308602954
2012-03-06,7.338015919002638,-0.0706264489448074,-0.6152079126544104,0.09059995465781667
2012-03-07,7.3236409614748945,-0.07968226259167661,-0.5061760753227309,0.09204020384320788
2012-03-08,7.310162572738356,-0.025453181406346528,-0.6359905782112321,0.0889689616647553
2012-03-09,7.258080496040959,-0.056450316582716514,-0.5661893323664413,0.09573585105817833
2012-03-12,7.28688226959232,-0.0664846559670006,-0.6881089591012772,0.0955864069511669
2012-03-13,7.216910348416475,0.09442588294890698,-0.6187979683610607,0.08758462957008363
2012-03-14,7.227374748998371,0.012673915613058785,-0.7722321753319572,0.09206133181964854
2012-03-19,7.333299411397159,-0.04876479303414126,-0.8893669477313427,0.10049727724205955
2012-03-20,7.291909273974845,-0.07773561202365317,-0.7508382589359862,0.09979657944389357
2012-03-21,7.319299273701232,-0.11972980420303317,-0.7295666453388951,0.09975651058859063
2012-03-22,7.439849630099076,-0.13542131148847952,-0.6012069250543598,0.10094884905854465
2012-03-23,7.289996114581709,-0.12194161474121097,-0.5088515043771674,0.0988565314373948
2012-03-24,7.338461922497603,-0.13364820050845544,-0.5523658539713607,0.09908379217118901
2012-03-26,7.358461922497603,-0.13364820050845808,-0.5523658539713528,0.09908379217118911
2012-03-27,7.3130393891024115,-0.0905782739843427,-0.5723187471303608,0.1019722075083733
2012-03-28,7.329084152178952,-0.07375801674133002,-0.6500735996861899,0.10516778771970368
2012-03-29,7.352528545509912,-0.05234495180326208,-0.7211617092668933,0.102982381213429
2012-03-30,7.451178038769352,-0.019565916792832518,-0.7341519918480705,0.10428744948735022
2012-04-02,7.386260529557918,-0.029207622859464162,-0.7569727491171327,0.1033737148444392
2012-04-03,7.344732915259811,0.03067610518856351,-0.7114093236296721,0.10238507593405191
2012-04-04,7.378401094993105,-0.05469671868714016,-0.7511340534098755,0.0996223562767747
2012-04-05,7.417872090767104,-0.06304656229387685,-0.7185341378637582,0.10287304031884113
2012-04-06,7.44491155391823,-0.03365060490082493,-0.7874911925052618,0.10251297974636212
2012-04-10,7.4463894115639775,-0.023142142937495756,-0.7419218315556745,0.10365924392252775
2012-04-11,7.594432318780815,-0.1293778990578425,-0.589313569199996,0.11064012599200661
2012-04-12,7.551202810518704,-0.1314493698975993,-0.5628851173006816,0.1091128545446821
2012-04-13,7.55986696951644,-0.13861939168365328,-0.5608847451041247,0.11335394828056854
2012-04-16,7.641802325277766,-0.05578857169454999,-0.6882080236547607,0.11056503152459993
2012-04-17,7.575091724257536,-0.07277411096595683,-0.6714854399764596,0.11282774718739463
2012-04-18,7.437487998036186,0.04872077322233901,-0.6078366105751545,0.10229061982554866
2012-04-19,7.455926676779708,0.04183844421995555,-0.6018474225044143,0.10356854616550283
2012-04-20,7.393567250832406,0.05004189604558589,-0.4596850497941993,0.1088322654808052
2012-04-21,7.395734245114173,0.03774729754008212,-0.417371987609901,0.10690288403213274
2012-04-23,7.450552934572656,0.036706470760959745,-0.5091227523485727,0.10234251590229893
2012-04-24,7.473567250832402,0.050041896045581395,-0.4596850497941865,0.10883226548080562
2012-04-25,7.186659316541238,0.03320333681932714,-0.410474729232504,0.10786338679283362
2012-04-26,7.020079312708711,-0.20192720349244686,-0.2518001972155695,0.10574803746543715
2012-04-27,7.159990717646487,-0.3506799035810304,-0.15139064315557324,0.11391530136398717
2012-05-02,7.009577801202679,-0.3787247814238197,-0.15651258351445807,0.11355001555812642
2012-05-03,6.926144727422993,-0.3062677117118477,-0.044686204752283035,0.11238272898737875
2012-05-04,6.9799108112987245,-0.32546797945644934,-0.029981661683626294,0.11539531934203674
2012-05-07,6.983040077868477,-0.31130061465228603,-0.04260269478615906,0.11756554174318956
2012-05-08,7.011292279012362,-0.29489812036934243,-0.18867144045412168,0.1099408981582875
2012-05-09,7.081388080841529,-0.2715736949809685,-0.2922038134631018,0.11738678722784424
2012-05-10,7.051388080841528,-0.2715736949809721,-0.2922038134630925,0.11738678722784404
2012-05-11,7.068473112660177,-0.27047099384262274,-0.2647666716813626,0.12034061652909574
2012-05-14,7.095559402371614,-0.22269717379921083,-0.3194646151309203,0.11600390183551941
2012-05-15,7.0246961138921975,-0.2274747194527506,-0.3158751803076907,0.1108859703507762
2012-05-16,7.193044543815849,-0.09533501039916356,-0.5863482985375033,0.11046796383362031
2012-05-17,7.115660163452611,-0.059906305828744545,-0.5053077885607682,0.11367397099280639
2012-05-18,7.241267580139521,0.061860330931687954,-0.7527412750072363,0.11645896543725866
2012-05-21,7.131813604927591,0.0746738988875843,-0.7922443956012543,0.10965174585377992
2012-05-22,7.057095710390969,0.005427478559640696,-0.5470942838571279,0.1059382842354005
2012-05-23,7.1622447449919,0.1422419704684278,-0.5247546747459952,0.10697941239371536
2012-05-24,7.207318950207091,0.2888429957647257,-0.8684791937312851,0.1078605409820751
2012-05-25,6.968632194859758,0.41256760912172274,-0.5520267991304498,0.09874630196492971
2012-05-29,6.981971457735604,0.4217693889845182,-0.6430421251925521,0.10143195756876412
2012-05-30,6.983506360183188,0.4275260496519476,-0.5442783941782252,0.10186205262074188
2012-05-31,7.086937459304986,0.43301757752313663,-0.6193220546512469,0.1032146595433955
2012-06-01,7.193578352655337,0.43303511547421253,-0.7730452813315598,0.09728146765639312
2012-06-04,7.226174780302651,0.5901471388108449,-1.0948019912855456,0.09435348041319011
2012-06-05,7.146466441572626,0.5715516329020679,-1.0852051085845276,0.09274141845803845
2012-06-06,7.035995400332255,0.4708051316124117,-0.6770697382200271,0.09311056163367298
2012-06-07,7.058185828670852,0.3492109993146392,-0.6839410108736999,0.09974353513902964
2012-06-08,7.119765130457154,0.4052480078571457,-0.6801071033417412,0.09956574849993638
2012-06-11,6.980079597458584,0.3110679316241562,-0.4838487522716462,0.1003933816557246
2012-06-12,6.958625629207357,0.2968517198457117,-0.4847917205216914,0.10266630151781302
2012-06-13,6.990836824836894,0.31346306083241854,-0.6253415945446233,0.1037498855055138
2012-06-14,6.989769426922419,0.33400487370196325,-0.6810300512172851,0.10544758597029309
2012-06-15,6.9697694269224195,0.33400487370196086,-0.6810300512172823,0.10544758597029304
2012-06-18,6.7815298096242165,0.33947384158571114,-0.5862551360771291,0.10909037105579494
2012-06-19,6.676694386266671,0.2121292247884892,-0.3474888379311107,0.10265363949796451
2012-06-20,6.585287896895388,0.15864785700483575,-0.025839710571906534,0.10637650841754313
2012-06-21,6.572470703656177,0.13859123218165087,-0.16867830923104735,0.10684021814178693
2012-06-22,6.650068849048035,0.15872248866823344,-0.282413026936412,0.09869542277540397
2012-06-25,6.684751669790924,0.1665116899667343,-0.365862681368748,0.1080510596976243
2012-06-26,6.625621044138744,0.15276677627970553,-0.32690975408281703,0.10655752762988752
2012-06-27,6.636546115565808,0.14822281555894581,-0.3200124957054118,0.10763901917214956
2012-06-28,6.578355564977144,0.19391816823707486,-0.2799425878701771,0.10116016463413083
2012-06-29,6.549575745305939,0.20620617560342708,-0.2751336058300076,0.10045186093999584
2012-07-02,6.556394302293057,0.22031823589141014,-0.2168933389901749,0.09986071945506207
2012-07-03,6.60030338386854,0.22771970674728811,-0.17605691649696578,0.10208834110316894
2012-07-04,6.618222808744539,0.20824128064432806,-0.19843627069885728,0.10282963891691174
2012-07-05,6.672581391857008,0.22114064098564484,-0.24585699325075522,0.1007296613306771
2012-07-06,6.612342091675064,0.2878352822564043,-0.1305751470098294,0.10205682575035326
2012-07-09,6.662763633264602,0.3173606914714619,-0.23777849772504203,0.09807944614262162
2012-07-10,6.705140154771044,0.2999521128188855,-0.45463783336988645,0.09457955072043579
2012-07-11,6.670112950175815,0.31669767836934654,-0.3115944071944439,0.09801902942684337
2012-07-12,6.652898743397726,0.2054098193284198,-0.22300222562247593,0.10157801869378469
2012-07-13,6.672319867595234,0.13337282785316731,-0.21333420905858977,0.11173412636263598
2012-07-16,6.582455790903851,0.11009439335600622,-0.22435010872780392,0.10860292257018968
2012-07-17,6.503234057376747,0.12485912325641653,-0.18966682202979754,0.11161997576084877
2012-07-18,6.528443227858158,0.11590532341428068,-0.157249182059743,0.11098269768737778
2012-07-19,6.47552814700183,0.007216089244146385,-0.04328214568742333,0.11385537325323822
2012-07-20,6.478891555900893,0.0008957946644822544,0.07393865361825948,0.11742519040220487
2012-07-23,6.599829211173636,0.018223296110416596,0.029542081467860908,0.11415198196880136
2012-07-24,6.532834267022514,0.013897168810520246,-0.050096266295249596,0.11394671757170065
2012-07-25,6.761703273856405,-0.0051616548524617105,-0.1123171480137324,0.11475491693110357
2012-07-26,6.809134544996641,-0.03646969291593265,-0.17855707511029614,0.11419957215259519
2012-07-27,6.713493128109116,-0.02357033257461699,-0.22597779766220707,0.11208989967538689
2012-07-30,6.615402568756949,-0.044106838932729826,-0.10969996660655726,0.11793763466662348
2012-07-31,6.5919155544971995,-0.08087372219060103,-0.09655986509988083,0.11381511293436289
2012-08-01,6.611389179693125,-0.09842304075563349,-0.13505993089965673,0.11633383748208082
2012-08-02,6.606905248387588,-0.10928891944541753,-0.1789934027602457,0.11492116192947749
2012-08-03,6.611487819804535,-0.10800475068507408,-0.13496608008852762,0.11707241462284738
2012-08-06,6.466050629616849,-0.11566550519654697,-0.15524287796190123,0.1160834343643765
2012-08-07,6.467363853160204,-0.13474781563926427,-0.13114284490035083,0.11849521447376796
2012-08-08,6.695339634901248,-0.18893519074479537,-0.5264804444405791,0.10164603670309434
2012-08-09,6.656628649343202,-0.20014303160909733,-0.5427399278290893,0.10121864500596721
2012-08-10,6.711412257917683,-0.18210956012304533,-0.6635684217650192,0.1000557801496944
2012-08-13,6.65729244926858,-0.17937507618117568,-0.6161809641949328,0.10181091833500439
2012-08-14,6.757292449268582,-0.17937507618116758,-0.6161809641949513,0.10181091833500441
2012-08-15,6.7736944239013805,-0.1592110769886287,-0.6898042761368972,0.09900445427114134
2012-08-16,6.786490997860202,-0.17559821603846504,-0.6649758682541337,0.10286107704619706
2012-08-17,6.778848178623943,-0.16160470131639804,-0.8233811165469511,0.0974866356495094
2012-08-21,6.656717188477886,-0.18183583392196867,-0.6137153027081454,0.10670057215251208
2012-08-22,6.636609942874477,-0.18491228003836385,-0.6334287718061404,0.10592694182102635
2012-08-23,6.593926107288783,-0.1732619854425868,-0.6833846967192676,0.10322131213640988
2012-08-24,6.646708636033996,-0.17547755015408267,-0.6660103595006364,0.10827944241780492
2012-08-27,6.669632684984676,-0.17918294148311328,-0.6788491221614595,0.10783860244847172
2012-08-28,6.670828444683098,-0.17821203409595746,-0.713397817070708,0.10653373997603477
2012-08-29,6.584638396972871,-0.21353396273691921,-0.5570498674262268,0.10296346807552265
2012-08-30,6.598603223126989,-0.3340775325032443,-0.46953191975244385,0.0978298737694701
2012-08-31,6.608636265992675,-0.3325491573688906,-0.5749274957985586,0.10059884439082369
2012-09-03,6.612756074641778,-0.33528364131076477,-0.6223149533686391,0.09881164735556736
2012-09-04,6.595848140350609,-0.3521222005370263,-0.5731046328069415,0.09792708762255571
2012-09-05,6.593358734076186,-0.3780067707268725,-0.3924213571192033,0.10124069246053909
2012-09-06,6.6372306900918385,-0.3311259935669959,-0.6532504812150514,0.09924039607081026
2012-09-07,6.723454546989759,-0.26993991886065993,-0.8599921020697147,0.10180832340477751
2012-09-10,6.633807775157992,-0.23176399434029787,-0.8701541067205774,0.09347877897653437
2012-09-11,6.617228702997716,-0.23619213544492368,-0.8731782571220652,0.09453214893493894
2012-09-12,6.629298739239278,-0.27872519249941996,-0.9793765264432853,0.10286988856205997
2012-09-13,6.622127152594235,-0.2623147117697302,-0.9087238342328386,0.10168207581243129
2012-09-14,6.5897682084002085,-0.31900648159593464,-0.8378827999786784,0.10394676968338606
2012-09-17,6.634653699676525,-0.32884769780409157,-0.7992931403229427,0.10956260864957505
2012-09-18,6.6792977633920785,-0.3491347231898757,-0.7260160516815236,0.11075572670975353
2012-09-19,6.630533891027417,-0.3261132138622242,-0.7519056827528419,0.11135718364798029
2012-09-20,6.652959447580224,-0.38571664586613447,-0.7410683121979951,0.1139761158749209
2012-09-21,6.658238051520264,-0.4837995280112764,-0.7960064989844603,0.10526689244917604
2012-09-24,6.627072140087814,-0.45242820225080893,-0.7046356967660491,0.10916829747306106
2012-09-25,6.5631691419842415,-0.4483823709950272,-0.681398145045258,0.10782423972700458
2012-09-26,6.5859562965741425,-0.5582427094957153,-0.33590893674589806,0.11273733615097699
2012-09-27,6.648203722929863,-0.6546400537428587,-0.2538249813184341,0.1116683581054706
2012-09-28,6.600109598506425,-0.7122625341915949,-0.24044365136794388,0.11433033018303775
2012-10-01,6.5682043828830725,-0.6936821458958712,-0.05916155520838799,0.12503054332892993
2012-10-02,6.570473721162855,-0.6986621715599415,-0.14912272193726375,0.11745644516316234
2012-10-03,6.570802583293748,-0.6862517534383048,-0.20135719290044782,0.11946575662051231
2012-10-04,6.572125130086856,-0.6950032687191148,-0.20731311598935862,0.11884912804536694
2012-10-05,6.490410592889111,-0.7053576723757008,-0.2663910662160039,0.11726112400764056
2012-10-08,6.451239251076754,-0.8374202879208866,0.09590571571838019,0.12212378307407867
2012-10-09,6.464478865349924,-0.9072832133894048,0.2257534835887018,0.12540751566589878
2012-10-10,6.4366613758098445,-0.9085406538780273,0.2369045283656201,0.12458804150545943
2012-10-11,6.428430894725569,-0.9166276978234733,0.29207077201622367,0.12443348265902654
2012-10-12,6.347816879506784,-0.8845182670543047,0.25238662419009866,0.12291654867320613
2012-10-15,6.23841234720211,-0.779589631051751,0.2668085252237971,0.11277211163329894
2012-10-16,6.217189625831654,-0.73478412737499,0.03259711932992559,0.11416294346421145
2012-10-17,6.267855065183,-0.6196079770098796,-0.2031941523611828,0.10080969677063582
2012-10-18,6.176363184789943,-0.6442989601234775,-0.1347082601907832,0.10678021395629791
2012-10-19,6.292615317897462,-0.6412573943987656,-0.1744230956280538,0.10233260090675822
2012-10-24,6.309287233740627,-0.6480043514525036,-0.14754702285162302,0.10620495323856763
2012-10-25,6.257697224915986,-0.6437013724040986,-0.10534012461503928,0.10362760817206516
2012-10-26,6.255481436846839,-0.6458512891097371,-0.06145419772751642,0.10838614256183494
2012-10-27,6.321891837330091,-0.6332933766465652,-0.22993556257919062,0.1009256409310834
2012-10-29,6.324687894279735,-0.6287499302221844,-0.08809819018473763,0.10625354085234956
2012-10-30,6.374410781483253,-0.654862724780203,-0.050570451290607055,0.10236187269802863
2012-10-31,6.323963814274688,-0.7063760793677463,0.2962608184784963,0.10515290218991964
2012-11-05,6.323045974959283,-0.8284605459996703,0.22419392506479208,0.10113810206438358
2012-11-06,6.1855272023882995,-0.806975423983894,0.29872217390382577,0.1046717679375779
2012-11-07,6.083675237672752,-0.7905787030511519,0.37311693794767975,0.10713282394163076
2012-11-08,6.118403808226337,-0.6724630139236079,0.3441069323036592,0.09193466329681103
2012-11-09,6.120848742460206,-0.7046976067489911,0.42297382796486316,0.09218334033267081
2012-11-10,6.125173155559887,-0.6804658317511884,0.14537981582662865,0.0869760138741082
2012-11-12,6.090371251577321,-0.6842722017596181,0.16995675493134257,0.08847148722317617
2012-11-13,6.0953223931474705,-0.6862070632178419,0.2813604029386822,0.09390308640178308
2012-11-14,6.0150836186841055,-0.701840907501027,0.2813936679204934,0.09388224035764527
2012-11-15,5.983212443667537,-0.678664266008252,0.292241710819158,0.09487220464714292
2012-11-16,5.922326717370754,-0.6894299011153536,0.43640922209704736,0.10103446515371067
2012-11-19,5.955126508641117,-0.6785794516263497,0.24559837583126998,0.09533129921515314
2012-11-20,5.947765947487341,-0.6778636789029615,0.19160757184011895,0.09989428670808556
2012-11-21,5.964977821845272,-0.697436722071095,0.1934304348317383,0.09729518808720997
2012-11-22,5.967294579227496,-0.6945404876510162,0.0805731733114656,0.0958486098293271
2012-11-23,5.987165252680745,-0.7017203121203417,0.06013242771363689,0.09672493503446904
2012-11-26,6.026365529446744,-0.6992098330511224,0.1445893637487448,0.09914576761742216
2012-11-27,5.991885756136439,-0.6805981628448399,0.1442201142700514,0.09807930460888782
2012-11-28,5.981164911409223,-0.6966143169768617,0.16446678057115674,0.0982197341628426
2012-11-29,5.966583776294654,-0.7682338419478936,0.2565545876939537,0.09161018382109672
2012-11-30,5.919030783475338,-0.7716092159043825,0.38703921859733614,0.10006603457979811
2012-12-01,5.924290855553861,-0.7901516150118824,0.27068286495096067,0.09441689426647423
2012-12-03,5.92268782935659,-0.7783623525484749,0.24823698078546255,0.09443309866625056
2012-12-04,5.933491710585823,-0.7513952827216371,0.20734426713226387,0.09238228715017854
2012-12-05,5.894930282322236,-0.7725110748158905,0.3227984946063257,0.0981555662790131
2012-12-06,5.877754673350597,-0.7713183002418279,0.23186342246025143,0.0964471464634016
2012-12-07,5.879150933395959,-0.7794496949897392,0.23531740816974947,0.09672750812696401
2012-12-10,5.83529879942733,-0.7947465448481791,0.42285025844757207,0.09941945547170467
2012-12-11,5.733248778127225,-0.7965066759008884,0.16381330973217959,0.09219887639704652
2012-12-12,5.583030044917584,-0.7969642472454219,0.42090769689441426,0.10477503808001049
2012-12-13,5.603667197203706,-0.7611055160657791,0.11860592256406612,0.10036214317197599
2012-12-14,5.648629040777866,-0.7793348764232128,0.09876177072343159,0.10168502328084138
2012-12-15,5.6529876238903345,-0.7664355160818994,0.051341048171536986,0.09953291876430696
2012-12-17,5.631067956515821,-0.7448653570610991,0.06128977779792358,0.09954127535662378
2012-12-18,5.781827012982712,-0.7196180556157269,-0.14360447211770067,0.10045430690405727
2012-12-19,5.690863595041395,-0.663494974942866,-0.24354857939448152,0.09772373553489738
2012-12-20,5.642047496833035,-0.748780960833266,-0.1459376954015614,0.09537939134795004
2012-12-21,5.635060486961572,-0.7830485228365883,-0.18329710600711957,0.0927341757261196
2012-12-27,5.598498379918758,-0.7720596179535533,-0.13901741084600513,0.09596128824787287
2012-12-28,5.593866947008326,-0.7629504633231703,-0.15263356107084483,0.0931148370624178
2013-01-02,5.5774038528319165,-0.7466935483191406,-0.14520232985375053,0.098025568715132
2013-01-03,5.577405291733538,-0.7543824893355725,-0.2079637524459063,0.09502337417901742
2013-01-04,5.679236170100034,-0.753802129023306,-0.3934585989366485,0.09101005278182248
2013-01-07,5.719837606507471,-0.8518285106508726,-0.21727362650327775,0.1036065709408612
2013-01-08,5.675717797858368,-0.8490940267089971,-0.16988616893319647,0.1054466772353583
2013-01-09,5.670952658610526,-0.8551831422995764,-0.12421064403589396,0.10757063715542092
2013-01-10,5.651877730037589,-0.8597271030203351,-0.11731338565848558,0.10876363663986006
2013-01-11,5.765208390568247,-0.8811960607386051,-0.1826140012752058,0.10281631970869357
2013-01-14,5.8095622319154465,-0.890576521232048,-0.18169521792695564,0.10275832135324829
2013-01-15,5.696912748675605,-0.8962615089848401,-0.08456260963051195,0.10064766584783978
2013-01-16,5.725645093799774,-0.9054724547968263,-0.012268446268820227,0.1010753983037675
2013-01-17,5.716548805660718,-0.8895976288412885,-0.06140586786461489,0.1026325309904183
2013-01-18,5.686912748675604,-0.8962615089848424,-0.08456260963049837,0.10064766584783988
2013-01-21,5.804468366777372,-1.006365384055726,-0.2364536092325263,0.11038573130783168
2013-01-22,5.845333463468678,-1.0243773288568812,-0.18739932540629553,0.10757004380303672
2013-01-23,5.845957626966241,-1.109993061087923,0.04422083325882112,0.11398395997988015
2013-01-24,5.828882666836147,-1.0752655814309802,0.0044558754777837065,0.11551817670666985
2013-01-25,5.844370157593666,-1.088787834902224,0.07827570527287916,0.10933914581867588
2013-01-28,5.886739871792821,-1.086015025066663,0.007990671142183726,0.11255381826852767
2013-01-29,5.89895018955855,-1.1044059132791704,0.13045505416710773,0.11343568051385881
2013-01-30,5.906843178655817,-1.163537157447729,-0.12921735513621224,0.10943863703303536
2013-01-31,5.932109141112738,-1.3467446405411023,-0.01823553986093986,0.11495506189096355
2013-02-01,5.887594225596013,-1.2284524097470302,-0.42313135808028846,0.11215273683904932
2013-02-04,5.804110910634555,-1.2082845894502354,-0.2736112040735165,0.12336233190893059
2013-02-05,5.946780019649102,-1.3132307923393038,-0.5420943220054177,0.12732531433636007
2013-02-06,6.020291550844854,-1.3918420102097468,-0.5773670892352913,0.12910437780090242
2013-02-07,6.031358048213208,-1.4123081234353458,-0.6318150580541022,0.13448351689002108
2013-02-08,6.037665777183254,-1.4183982469773189,-0.6968013863965907,0.1295600469046354
2013-02-11,5.923537542683698,-1.4080576763060744,-0.5545558759167954,0.1364373499452693
2013-02-12,5.9022747156005595,-1.2742964678678876,-0.5521956321593475,0.13427043617824438
2013-02-13,5.693504314596845,-1.1606778668098128,-0.553559203604121,0.12637719643968798
2013-02-14,5.7190305888510755,-1.264093690947653,-0.6403370162107074,0.13702686800247643
2013-02-15,5.639236856557916,-1.2162792226971744,-0.4233449554411516,0.12342641174518831
2013-02-18,5.574401498649016,-1.2206103177468577,-0.2878097294361225,0.12666564310275882
2013-02-19,5.509338323164777,-1.1991047716065826,-0.3435710850747234,0.12773124126656274
2013-02-20,5.407299264246888,-1.1125821300948353,-0.24453359618562664,0.12750628632720576
2013-02-21,5.483054107404718,-1.1078141645014317,-0.2885003330280363,0.12615919895787203
2013-02-22,5.511855280223818,-1.1257402616181433,-0.3841337496931633,0.12478186258047383
2013-02-25,5.542549666991008,-1.0623002599719829,-0.37753619720006476,0.12759025366403487
2013-02-26,5.474518254746337,-1.068178100820158,-0.3265308061960644,0.127975453549049
2013-02-27,5.4631219947009715,-1.060046706072253,-0.32998479190553615,0.1277861101905476
2013-02-28,5.528462935530106,-1.1658019779993147,-0.26694027990717933,0.1306077934175439
2013-03-01,5.456635705809268,-1.2427089557744835,-0.12071895371164452,0.13098562858355361
2013-03-04,5.4745642668991925,-1.2757433937066458,-0.18270697940306901,0.12756408214691806
2013-03-05,5.588530416217123,-1.267761779283801,-0.40561984680179264,0.11623756007069186
2013-03-06,5.567796413911878,-1.286382838533994,-0.10094833612871056,0.1248243554526348
2013-03-07,5.7586826101363275,-1.5117984788254284,-0.3021773666793411,0.1304451278223439
2013-03-08,5.7426686447419115,-1.5048933943864085,-0.3460609657521885,0.13043464154227374
2013-03-11,5.7945038213457485,-1.501451519366029,-0.32300568960744463,0.12636859563754588
2013-03-12,5.7725226497447455,-1.5174451406845322,-0.3227172500836787,0.13000271047119671
2013-03-13,5.736828454655573,-1.7246893808206403,-0.018557655441810473,0.13065925126982078
2013-03-14,5.82908972080313,-1.7826174576450486,-0.08062812404968381,0.13256476074100235
2013-03-18,5.959066958568494,-1.8377661659554183,-0.30484909903551294,0.13875106136577983
2013-03-19,5.87621655496326,-1.9003033202120079,-0.024028483180489613,0.13639775227868
2013-03-20,5.91577726771672,-1.8898496018212176,-0.3187083930135845,0.13121348295992524
2013-03-21,5.875971934713378,-1.8554271302759053,-0.22667512421325806,0.1373305688248269
2013-03-22,5.871349650278378,-1.8737585044380722,-0.1699050786922502,0.13896378675497015
2013-03-25,5.962679699909522,-1.861686311315706,-0.5023648039664573,0.13501630090550903
2013-03-26,5.8903575844543425,-1.836318618291931,-0.34049819343052956,0.14253223329668568
2013-03-27,5.795400707342578,-1.7523509380865232,-0.5349330979309637,0.13796662477554256
2013-03-28,5.7695786872519665,-1.8108362872089339,-0.39423252079088145,0.13885558325783579
2013-03-29,5.8123013458506865,-1.8197536940782795,-0.6148010166871839,0.13033319030954768
2013-04-02,5.8098675824688915,-1.8335489501081215,-0.6019160520082907,0.13157771204739266
2013-04-03,5.685284554584386,-1.810807318149636,-0.44494632765322806,0.1415525760784496
2013-04-04,5.708336965319016,-1.7929999892219697,-0.5480222418959673,0.14158217188847858
2013-04-05,5.469906740409524,-1.7247245070892856,-0.4173802935833751,0.13887359509620717
2013-04-08,5.35328876945341,-1.5848538184592218,-0.8506649050675877,0.12861602378126377
2013-04-09,5.223237095132679,-1.4809311987364622,-0.7469958018091263,0.13265831232440478
2013-04-10,5.151775461003548,-1.3541395998671881,-0.7899711455029983,0.12400228130099472
2013-04-11,5.076129903090626,-1.3321906386913067,-0.538910116250263,0.12664964001689924
2013-04-12,5.110501531522587,-1.221071099184208,-0.8042523941346323,0.121296217225631
2013-04-15,5.082234041441849,-1.1770621989144914,-0.7683974169588085,0.1190653807619173
2013-04-16,5.0482550057129805,-1.12474945458102,-0.7761999240705894,0.11499295316457178
2013-04-17,4.972677211413289,-1.0450115817203263,-0.68134850147612,0.11122331609533262
2013-04-18,4.944166684451801,-1.079418624064865,-0.5386374521500554,0.1119193395570543
2013-04-19,4.98329244414177,-1.1191710956263063,-0.6979355953428918,0.10450475923895934
2013-04-22,4.9272819683428155,-1.1425645238555007,-0.42214142001812166,0.11193664627785788
2013-04-23,5.024460669102148,-1.2691935191885446,-0.41238247803535666,0.12071207944148404
2013-04-24,4.928221516929825,-1.0361906157902927,-0.6490702550210073,0.10877516342612549
2013-04-25,4.8647309133538545,-1.1030876277204367,-0.3164826437735433,0.10960592554261069
2013-04-26,4.918562156660151,-1.108383052443438,-0.5043367268551968,0.09966748802496526
2013-04-29,4.950198219304879,-1.103863242846564,-0.7341455333339383,0.10004210388709808
2013-04-30,4.830802762262778,-1.0311927684070583,-0.5603276319746723,0.11180881853647473
2013-05-02,4.815808297208665,-1.023161617241827,-0.7518826008226591,0.10377179588196321
2013-05-03,4.724210838380776,-0.9408430207735867,-0.8681781244381459,0.09954259905606812
2013-05-06,4.6563790713514575,-0.9553319508017126,-0.8083123585052667,0.10087687103604581
2013-05-07,4.704444546669221,-0.9732119522450619,-0.9082424789861271,0.09615317255709925
2013-05-08,4.557634896374751,-0.9091083220588114,-0.770439340719772,0.09885093939801579
2013-05-09,4.631713889557546,-1.0239850089913491,-0.8872505210117668,0.10482693676539413
2013-05-10,4.705333905045628,-1.1017141122680143,-0.8852571153950881,0.11082936707694302
2013-05-13,4.989403708206054,-1.3987349573792864,-1.06377519882697,0.11600578837373528
2013-05-14,4.964706208945413,-1.4292051611477485,-0.9242344620577314,0.12347533032636308
2013-05-15,5.034759226025055,-1.4487647100921974,-1.2813421074703377,0.10593321290954479
2013-05-16,4.833653941260833,-1.3434313182308117,-0.8385500868562773,0.12227088491088632
2013-05-17,4.943191482613924,-1.3608790486611817,-1.2146255970154205,0.1058656146518294
2013-05-21,4.924948534653745,-1.3897809620879489,-0.9642686741859489,0.1197896730980768
2013-05-22,4.924625586216173,-1.3958387483103583,-0.9679262416039731,0.11999170264740129
2013-05-23,5.118864581367317,-1.5172461665038464,-0.9333929966179472,0.125685041067818
2013-05-24,5.140167733222121,-1.5721586577418516,-0.8969651475571053,0.12379774171851601
2013-05-27,5.188808476964156,-1.5689769749418503,-1.1130304878319959,0.12329816799171821
2013-05-28,5.184627268215693,-1.5742043728892139,-1.0496595344463842,0.12626560712821208
2013-05-29,5.310332590620999,-1.7600267592332155,-0.8086181572046204,0.13525890364530777
2013-05-30,5.431833064113749,-1.90344478001634,-0.8716479534006285,0.14604899855244727
2013-05-31,5.623170169729211,-1.9962129257538714,-0.457947455024168,0.13538745732985885
2013-06-03,5.63199222961108,-1.9597512916916466,-0.5446858779761005,0.12953427841606907
2013-06-04,5.512773598183982,-2.0320932981803135,-0.38724725940322935,0.13195417446615024
2013-06-05,5.331998663214578,-1.7138352162513062,-0.44222564098987843,0.1357705928821155
2013-06-06,5.700117465893477,-1.9339278563377602,-0.2787889533950837,0.1240224880674348
2013-06-07,5.61919974948367,-1.991416440285508,0.3949073216389587,0.12007986114443407
2013-06-10,5.610149231202823,-2.117774033692904,0.698306182909068,0.1254635143809732
2013-06-11,6.058490795967108,-2.246033882143781,1.0077017741677847,0.12236287869789696
2013-06-12,5.846966872573385,-2.3245001072378324,1.1693237973274586,0.12526474622118586
2013-06-13,6.077280933702144,-2.3600815669651145,0.7186142677647831,0.11648224882842166
2013-06-14,5.468017106842983,-1.8265937042960805,0.3706748488994414,0.1078728037928392
2013-06-17,5.392013658558867,-1.969348808692149,0.7831199173129607,0.11699211503364941
2013-06-18,5.446909250811912,-2.0070789325168756,0.8927788026588963,0.11713373235788611
2013-06-19,5.698277053924809,-2.252517690533437,1.1178435220692522,0.11453797047328705
2013-06-20,6.193074862387957,-2.6659168557913677,1.5903188926520835,0.11860002678806611
2013-06-21,6.196881664664031,-2.6229634496319902,1.6019464879801746,0.11354412871797508
2013-06-24,6.947587119922783,-3.1584088938181147,2.5115725941634426,0.11855357581459666
2013-06-25,6.380420641523786,-2.875418609490638,2.524916878140897,0.1111448487707701
2013-06-26,6.204952398698098,-2.898214168792691,2.4463114619157436,0.12486477508444642
2013-06-27,6.1884653076017955,-2.830322478746701,1.7678446560959251,0.13086791174065485
2013-06-28,6.014330306300538,-2.457682110294319,0.5353526191826746,0.1169125977260919
2013-07-01,6.147263038437894,-2.45247407673434,0.1787559317111909,0.09188615746892956
2013-07-02,6.004891698267642,-2.3495467381457407,0.11199836600231862,0.10277880320302207
2013-07-03,5.911313069429869,-2.3699710877261047,0.6079955455985478,0.12357536730069239
2013-07-04,5.761542657000647,-2.3287068742955648,0.558094528192555,0.12489914372927506
2013-07-05,5.63521656205929,-2.1408063001061906,0.31274452756545235,0.12804196570961726
2013-07-08,5.916886881354143,-2.4741113312339524,0.4156668451157445,0.12417978547215694
2013-07-09,5.703919687008042,-2.4396830979628645,0.8288124663117479,0.13831555883247743
2013-07-10,5.6874659630408315,-2.446144720719017,0.9171425103227417,0.14295276903436058
2013-07-11,5.850486235585344,-2.4765625433848752,0.4834505744388834,0.11758493326631439
2013-07-12,5.7048091911507814,-2.417912198226025,0.8700764480283761,0.1358199448771305
2013-07-15,5.5802114281022375,-2.293818081060366,0.7795914248772282,0.13593141468323883
2013-07-16,5.64621407236187,-2.2844063114824507,0.4471609470549082,0.1174630398518263
2013-07-17,5.525573767565475,-2.266250473326205,0.7661214342002969,0.13488384260543176
2013-07-18,5.596182966419334,-2.398982349505409,0.9031537412481635,0.14411617432644497
2013-07-19,5.57309828122634,-2.3725748851115096,0.9137910099600269,0.13984348134736846
2013-07-22,5.721608781784858,-2.5616142713326306,0.8968175483151957,0.14093277501215865
2013-07-23,5.778009557381688,-2.456211070274673,0.29513829878887426,0.11051138306936956
2013-07-24,5.7812641100566164,-2.7651339183597234,0.6136200345817289,0.12735580613625222
2013-07-25,5.664381214598649,-2.8237943691049696,1.017819310298726,0.1411896051589077
2013-07-26,5.804047495451338,-2.9803819103071594,0.9643753154184103,0.12844298733447895
2013-07-29,5.830036660580032,-2.975837361322362,1.1647280821807435,0.13296996313022963
2013-07-30,5.941376830241981,-3.1628718137141627,1.580830878586026,0.15647905127673334
2013-07-31,6.274853409995782,-3.4386929986149006,1.2692331629763485,0.14676853941647908
2013-08-01,6.113255622515217,-3.261527944551282,1.1425377655469657,0.14468114218485176
2013-08-02,6.185089209422323,-3.334102707571781,1.2642824873141942,0.14423877718296624
2013-08-05,6.083528396993883,-3.2998575518214377,1.0227213880615407,0.14518889554939546
2013-08-06,6.02672891075432,-3.255995224387717,1.063717143100375,0.1456761556466447
2013-08-07,5.94266043534465,-3.2219139780974233,1.0167535853761704,0.14292979330692082
2013-08-08,6.040389934989257,-3.253535054910954,0.854001456473845,0.1352728650749265
2013-08-09,5.987541813826942,-3.1809943438811934,0.6404423569199026,0.13291477813006242
2013-08-12,5.97265520754474,-3.1789802494060364,0.6990251412963235,0.1322756133651522
2013-08-13,6.00260424991742,-3.3382228022719267,0.9147307993489018,0.13708958281515102
2013-08-14,6.281103756833282,-3.5501529195693213,0.9896468719337628,0.13530782225298207
2013-08-15,6.258003080636716,-3.578649170130922,1.141225097576729,0.1412641556540227
2013-08-16,6.403924538572832,-3.6244435933276216,1.1917963499312454,0.14172739952648608
2013-08-21,6.582711421265757,-3.730316424165309,1.2025269212466407,0.13866984827764575
2013-08-22,6.698480650735104,-3.771100320518931,1.3134522961802961,0.133440855462208
2013-08-23,6.598049497440987,-3.6919859856589876,1.0129547720192964,0.13076916950717313
2013-08-24,6.585457477697201,-3.684825498298236,1.0440494812190682,0.13201468680119466
2013-08-26,6.558713772857019,-3.766301762476859,1.3868232820191952,0.1408642681935213
2013-08-27,6.518608957074455,-3.7386342786237163,1.2774221952088392,0.13916648966026893
2013-08-28,6.645047272691114,-3.9484793858867175,1.4139784423302073,0.14214417895653167
2013-08-29,6.524386337845612,-3.8138051733905334,1.362902214599732,0.14039784519246817
2013-08-30,6.327236431299243,-3.656712483458706,1.6825829657548754,0.13349675754610285
2013-09-02,6.245839388188559,-3.6504699787511274,1.7884999464918254,0.13387319615474405
2013-09-03,6.208009944266902,-3.5856663758234513,1.9859989211181162,0.13210271346211236
2013-09-04,6.186411858314297,-3.666988101677407,2.2765046819672152,0.14456905098138112
2013-09-05,6.250877611489794,-3.736475887840759,2.621038931216316,0.131950633876584
2013-09-06,6.189801944070897,-3.649167088235102,2.9245116770246447,0.12002634348873034
2013-09-09,5.978110748418807,-3.484277265772753,2.8240803363988554,0.1298717260103855
2013-09-10,5.988012462025617,-3.5352496937330278,2.7570191307990393,0.1341183911976005
2013-09-11,5.7782539001379885,-3.471496037898834,2.917518561401754,0.14287261836315462
2013-09-12,5.826838439644043,-3.5091130140040203,2.5902520264348228,0.13079109101578085
2013-09-13,5.6322082391145765,-3.425594180303644,2.686260436079424,0.14823031698027456
2013-09-16,5.443246791754354,-3.0380495185861434,1.708872186423509,0.12388670332091177
2013-09-17,5.538605553541575,-3.113298687784645,1.8103030587169195,0.13520713867998746
2013-09-18,5.429501677960726,-3.090420111561938,1.810803875058619,0.14934026484995896
2013-09-19,5.256928630048142,-2.826320582269711,0.8662276067253721,0.14416221159317136
2013-09-20,5.71390223001013,-3.1579327487504067,0.8429269958679821,0.12760706410151385
2013-09-23,5.701765375344804,-3.108903623566318,0.5241847212921174,0.1358626933496521
2013-09-24,5.612052591755847,-3.124755463864341,0.6644648142724707,0.1482583370865451
2013-09-25,5.636537427914587,-3.119426905170281,0.3974513461460008,0.14090131766107114
2013-09-26,5.683834187360516,-3.142568751582015,0.5250803637947041,0.1355828338970865
2013-09-27,5.872226769100565,-3.192611281882789,0.21759454640014297,0.11373708036626677
2013-09-30,5.64620689907042,-3.2336688200580728,0.8576505201026035,0.14744439106343124
2013-10-01,5.584741210590252,-3.248151695674756,0.7719818685154262,0.14507591898957986
2013-10-02,5.601904176495261,-3.2242820825300655,0.6932611350095308,0.13949957250430006
2013-10-03,5.61705690337685,-3.219990415934492,0.6168830063374227,0.13678898024734845
2013-10-04,5.855562172805267,-3.298886663857744,0.29281460563626205,0.1321700003294907
2013-10-07,5.850182511181905,-3.304464054618061,0.1555491191068558,0.1243149628311793
2013-10-08,5.749583467936394,-3.2907916349086905,0.39248640695725023,0.13339574675897786
2013-10-09,5.841942893883702,-3.2989950867343136,0.2503240342470084,0.12792500003924034
2013-10-10,5.794014332793776,-3.2659606488021513,0.3123120599384395,0.13132052149350637
2013-10-11,5.857507871031091,-3.353303621736916,0.28693415888391377,0.1292476084996329
2013-10-14,5.992568268495798,-3.361339156919311,-0.1606105820997786,0.11218941084153952
2013-10-15,5.8788265648778575,-3.351845127261493,0.14468388203302043,0.12548240173440145
2013-10-16,5.44396984640022,-0.90433167393967,-0.7918400294921273,0.7755472790147782
2013-10-17,5.863793519314216,-3.283072330213171,-0.26042541999779634,0.11242863666390784
2013-10-18,5.734240764325355,-3.1347279748957337,-0.35806057858404305,0.11789680114188038
2013-10-21,5.644777437418972,-3.0941335656822915,-0.10645588864264141,0.1268448274099175
2013-10-22,5.602360550574851,-3.03612917377596,-0.09713216922238863,0.13057399943102674
2013-10-24,5.585239012110924,-2.9622122377577673,-0.34935279712116585,0.12329832287636737
2013-10-25,5.467390604685431,-2.8588035134062273,-0.26769496767692463,0.12309650394387942
2013-10-28,5.4335369171496275,-2.808524250724286,-0.18414328037621525,0.12216156742486471
2013-10-29,5.437656725798732,-2.8112587346661577,-0.2315307379463089,0.12031668500352197
2013-10-30,5.441340327120004,-2.8035695710265975,-0.1867054995789318,0.11943811471976265
2013-10-31,5.548068888108309,-2.9608952727442546,-0.24174646807491806,0.11857035838497823
2013-11-04,5.661699860123736,-3.2500879325480714,0.4886915840110588,0.13494388377150138
2013-11-05,5.606007424669316,-3.2286565656267707,0.44614800642452557,0.12979317666030576
2013-11-06,5.893119618524863,-3.6354161331704384,0.37769175908622504,0.13526661217603195
2013-11-07,5.893019730725458,-3.686975120671303,0.4712474500550793,0.13754007290219467
2013-11-08,6.079709701333662,-3.8221664130055357,-0.06828796619931586,0.12284187729518393
2013-11-11,6.18094603535188,-3.9436888555255494,0.2798227778504047,0.14741048165875997
2013-11-12,6.296606786663643,-4.0716117000396945,0.48914431046759616,0.1476917882267452
2013-11-13,6.26694615843837,-4.25400080476816,0.8771952362845968,0.1450166611618465
2013-11-14,6.05355213755881,-3.957627143648597,0.6139702660812373,0.13501385271334196
2013-11-15,5.995000646664497,-3.8738479587500323,0.6822990013476277,0.14140086332171414
2013-11-18,5.862598959269288,-3.7930295350124275,0.7027599166168564,0.13558349839939574
2013-11-19,5.866141527427855,-3.699668354357134,0.3329853887690946,0.13005216197416503
2013-11-20,5.935796961334721,-3.7580442454776373,0.4769780417023242,0.13623635782075505
2013-11-21,6.10788351137902,-3.9197227598732916,0.2018345991675483,0.14398248755166604
2013-11-22,6.12592283626734,-4.081836626862932,0.3619596576742002,0.14382472684554137
2013-11-25,6.11371667649684,-4.033968189754354,0.2830594970311603,0.14332030945442242
2013-11-26,6.015832748599816,-4.078613200701378,0.4141608636555577,0.1416233386310564
2013-11-27,5.976586623730521,-4.138884659192019,0.4928835150936241,0.13568542644266948
2013-11-28,6.08143006750638,-4.267500332279028,0.5360972951977224,0.1359420968879494
2013-11-29,6.133127658395415,-4.348073139879419,0.557049808526541,0.1420405074904788
2013-12-02,6.288229537144269,-4.493458421538849,0.7491600465914223,0.14548724306617872
2013-12-03,6.312642633535111,-4.479909532143241,0.47338534655107634,0.15157043895797087
2013-12-04,6.284875677398301,-4.608182126563544,0.7463128571872811,0.15559958215401828
2013-12-05,6.3911866537797755,-4.596787830552718,0.47352704017307856,0.15388793379782348
2013-12-06,6.295151715561472,-4.56887311567255,0.5253162320732855,0.1486023103645114
2013-12-07,6.2961571876503895,-4.538485988814279,0.4358083098463863,0.14614847526159933
2013-12-09,6.223997130081916,-4.5623014466504594,0.6475282889951919,0.1545333834115956
2013-12-10,6.166311569118094,-4.432271311707191,0.5032199301407,0.14867901335763595
2013-12-11,6.102960452166678,-4.327812851762321,0.42374573888902894,0.14879057818019653
2013-12-12,6.1353336058500885,-4.3494525121027685,0.40148553000102766,0.1422895935040939
2013-12-13,6.132986555081579,-4.4361388062708365,0.7670167206757749,0.16874449727652055
2013-12-16,6.177115450347323,-4.40530424188035,0.4623272164875043,0.14696752433240068
2013-12-17,6.1628926225002445,-4.335764835346852,0.07417557025839103,0.13499426984160312
2013-12-18,6.040562765583841,-4.289572881329344,0.21837407315345692,0.14237880268268385
2013-12-19,5.929695763187751,-4.299877874804073,0.48953275811306446,0.14287521981814025
2013-12-20,6.00013197051558,-4.310301522385514,0.3973200621756243,0.14171796329528003
2013-12-21,5.999456555197432,-4.286153973505577,0.37361941016502126,0.14132776861008453
2013-12-23,5.999456555197432,-4.286153973505577,0.37361941016502126,0.14132776861008453
2013-12-30,6.001973771176215,-4.30645694056573,0.4197326813593044,0.14139856327239755
2013-12-31,5.995786681612264,-4.3072793456599605,0.4486963356198748,0.14059588471787976
2014-01-02,5.907598509527535,-4.302083676484439,0.8134252486083103,0.15404639193699576
2014-01-03,6.077456622397783,-4.3831609258567745,0.4519241084276812,0.13896745505356217
2014-01-06,6.096428482171285,-4.427726027625671,0.4780560119989915,0.14318983752521622
2014-01-07,6.238281400048821,-4.382895489063792,-0.20119894008540584,0.1256790832017329
2014-01-08,6.163357241786718,-4.288686765535088,-0.21269399964273536,0.1179052511726876
2014-01-09,6.11492912681646,-4.1823998900940165,-0.3141884197537539,0.11871068883329675
2014-01-10,5.785369499256915,-4.0722905476356335,0.23947490898951493,0.13479874280947102
2014-01-13,5.724913523977904,-3.9174856702996714,0.05384018193178695,0.13610856694300313
2014-01-14,5.932489321804714,-3.994355110279311,-0.550087537363261,0.11278030626704726
2014-01-15,5.767700572378418,-4.02781425651841,0.18709731200508015,0.1311470126932184
2014-01-16,6.058836035901225,-4.225414068075879,-0.3345428938116258,0.12418286507280546
2014-01-17,6.058240415716113,-4.102449771821295,-0.8967639264977275,0.1016798820566408
2014-01-20,6.1433625557558935,-4.140830151443954,-1.0531806440287992,0.09714300168278664
2014-01-21,6.044671623418063,-4.154448887317886,-0.5263533225330492,0.1178757020850244
2014-01-22,5.80535204705253,-4.117689633598557,0.19195513571524364,0.1371250816777362
2014-01-23,5.986485556505222,-4.1592106053793945,-0.33093802027349994,0.11487021810392949
2014-01-24,6.122220941677552,-4.30841102697785,-0.13545767345169904,0.11932994012389665
2014-01-27,6.205186612840071,-4.523134716555795,0.5332074242417042,0.11838528759261009
2014-01-28,6.20133037892006,-4.516216021754561,0.4240924491404884,0.11616063489616747
2014-01-29,6.363629363061483,-4.198649893361747,-0.5078222737309004,0.0907398032015426
2014-01-30,6.316369128575277,-2.943854523208015,-0.9674936097659521,0.09050530422377406
2014-01-31,6.434854419963606,-3.249663869402723,-1.0220196017182561,0.07366145702936873
2014-02-03,6.148762189086104,-3.1075469373433666,0.012104757991794817,0.11298011252405839
2014-02-04,6.074416418631553,-3.205926807517446,-0.18936063562241,0.09802046836319342
2014-02-05,5.750518519043635,-3.507899361719834,0.2670710588412737,0.10958549300216236
2014-02-06,5.853937543400337,-3.5675134589770203,0.4160126381600192,0.10598806181212557
2014-02-07,6.234918805178047,-3.7195711302312238,-0.3770812594466352,0.07524066642708685
2014-02-10,6.055080650985954,-3.593593321608744,0.1995040021802806,0.09705576915101762
2014-02-11,6.075697096025585,-3.5949588224083775,0.14950053229404292,0.09793130954767602
2014-02-12,6.025308243583509,-3.562401718599374,0.21827566175184723,0.09888418486738461
2014-02-13,6.320473594666742,-3.619104346233624,-0.3467937567761869,0.07923098885656168
2014-02-14,6.038373689636657,-3.4951502622142483,0.27011443364212373,0.09573469555611502
2014-02-17,6.0902363465654314,-3.501494284809874,0.19092843771264473,0.10071211260590326
2014-02-18,6.029343816570302,-3.532926869491592,0.22126093475504452,0.09770279495303497
2014-02-19,6.201085615185655,-3.7538045772451127,0.4888779161195379,0.12223247770530186
2014-02-20,6.264351299758556,-3.8091339287562174,0.8128627407336644,0.12146260578656673
2014-02-21,6.246686953103491,-3.853732494544799,0.6449061662747585,0.10976224493120501
2014-02-24,6.203786895537348,-3.9096151263025893,0.6211480154580454,0.10213833811306981
2014-02-25,6.176815349209952,-3.939984351391659,0.7232730504617564,0.10798243115313584
2014-02-26,6.534065190290423,-4.1177912584635,-0.5623857253871227,0.0717433232078332
2014-02-27,6.29090286644665,-4.11865851672596,0.5657251691324142,0.10227606233107608
2014-02-28,6.189091652627821,-4.079831052327514,0.6233511388077009,0.10481310726951149
2014-03-03,6.066503526194472,-4.019590884100496,1.4462260982773187,0.12991519636271365
2014-03-04,5.963583630204688,-3.9423624551837,1.4174220892406153,0.1240078309611465
2014-03-05,5.938083407623125,-3.888554668508644,0.9980167052721289,0.11218497062643121
2014-03-06,5.889184623374595,-3.691798004949027,0.3551895723270259,0.09837348371339845
2014-03-07,5.941397933609118,-3.7834539467183608,0.5188736957369556,0.10006880930213338
2014-03-10,6.046719449972475,-3.8866294684774143,0.5496495406453394,0.09778566176860368
2014-03-11,6.0148024294518585,-3.858567391211795,0.5248006186304754,0.0968766482997284
2014-03-12,6.123204578546804,-3.8538560534953277,0.5699618414947187,0.09684104079354261
2014-03-13,6.106568880885103,-3.8836096248867986,0.4497847507066996,0.0938153367300958
2014-03-14,6.096256773232055,-3.7699557877642107,0.4366403466994327,0.09293125928937024
2014-03-17,6.146248645843621,-3.668589471394479,0.04717216903268993,0.07840778561805167
2014-03-18,5.700482483831294,-3.582933850525124,1.3439591935166726,0.11350412369395338
2014-03-19,5.967337055310772,-3.6007390096125493,-0.03260529498173596,0.072316567962274
2014-03-20,5.818553759776446,-3.6655897258319006,0.6972714860133155,0.09314568357477301
2014-03-21,5.86404563495545,-3.659318776978413,0.8933723513705203,0.10021110252559283
2014-03-24,5.88539489728411,-3.6839962658683203,0.6029277351366665,0.0901983186947389
2014-03-25,5.8369505413006975,-3.7487799503251718,0.6179971974757987,0.0840180224302122
2014-03-26,5.714160619587961,-3.766251414562439,0.9999176514825453,0.09415910998145519
2014-03-27,5.8325924246934715,-3.7736362823980985,0.6056481585630389,0.07600388089894934
2014-03-28,5.69856984125012,-3.5870762413272326,0.35690742724637353,0.06754213354679128
2014-03-31,5.61588005159853,-3.60280191669665,0.6434848709664575,0.07785115121246937
2014-04-01,5.742389291105621,-3.6779073931845563,0.29300979230538354,0.07442362203115811
2014-04-02,5.756336409112136,-3.7177271122413744,0.43441620099860656,0.0732170630350299
2014-04-03,5.794883151049654,-3.7347925055440956,0.34200698720798023,0.08068679479897332
2014-04-04,5.7322427485791385,-3.7430801834875735,0.45373797462534327,0.08014362504902328
2014-04-07,5.434129979447777,-3.599110310895348,0.8718094472033407,0.09383781374530657
2014-04-08,5.491009422445368,-3.635092395400461,0.569990666002662,0.08062673161836029
2014-04-09,5.438792013141545,-3.6235505033975652,0.7597227718590411,0.09125261493141043
2014-04-10,5.439074538197594,-3.628589997477148,0.8089283260496114,0.09371851631385025
2014-04-11,5.45717349042191,-3.6330603516984907,0.7735088164788174,0.09491584672054262
2014-04-14,5.740073366169777,-3.690477111755579,0.08350964623672151,0.06730507711703172
2014-04-15,5.508217652896963,-3.626086960782319,0.8723248588373379,0.08910793539600163
2014-04-16,5.500676916408136,-3.618924335735821,0.9227364668089121,0.08980717080264985
2014-04-17,5.507614272014679,-3.662156332744217,0.9512202531092595,0.0928311458252006
2014-04-18,5.565547348268881,-3.6601258596947486,0.6154602813767622,0.0800725701163814
2014-04-22,5.582735751926519,-3.6583938766383097,0.4534244825073889,0.07831555765380958
2014-04-23,5.439460230670542,-3.6288342020283806,1.017197094674865,0.09284883069483975
2014-04-24,5.388428329735045,-3.6724158262088196,1.0702306504247174,0.09327786475596384
2014-04-25,5.509668769411082,-3.7790729570473856,1.0690344384320494,0.09407366882492449
2014-04-28,5.536283516255465,-3.8122856772189393,0.8740314193366984,0.08795267460149928
2014-04-29,5.505175367444276,-3.814174607815099,0.8351117570325938,0.08951315037525749
2014-04-30,5.435664098603526,-3.6562165708895655,0.5735252991951592,0.09169662712019266
2014-05-05,5.366754819545348,-3.5974321256518,0.5644111355006789,0.09073387211205729
2014-05-06,5.370657107285446,-3.595528031807757,0.4859242023597318,0.09096472738337083
2014-05-07,5.343178481259458,-3.586353449971858,0.5756016959359416,0.09147714555918252
2014-05-08,5.291857027578342,-3.5024331603302867,0.2960631774457119,0.09183605060028875
2014-05-09,5.2278213585809326,-3.401510157345626,0.17853743164669839,0.09447715560239799
2014-05-10,5.3069864569829495,-3.4417915278090034,0.023444943511042766,0.09320324937403135
2014-05-12,5.346933390534798,-3.427826420392243,-0.10066287536836964,0.08933104050267614
2014-05-13,5.341978020702664,-3.5698998268561963,0.19307314857507757,0.09097059656582054
2014-05-14,5.193480663552628,-3.4711664746363065,0.11051654890727473,0.09652367693545734
2014-05-15,5.036030407222516,-3.3777423982884893,0.08524122892873992,0.10233332917126396
2014-05-16,5.195606101976419,-3.4413547259461916,-0.04636744637930932,0.09199885587799546
2014-05-19,5.194668446703674,-3.4586822273921256,-0.001970874228905201,0.09493281913749976
2014-05-20,5.191488832779375,-3.421717994867032,-0.00713201503172525,0.09178721461683913
2014-05-21,5.277660773980033,-3.4939616187824476,0.10071741606061849,0.09140033080622488
2014-05-22,5.196420159696785,-3.4516142194107937,0.0726429509361473,0.09239574095916125
2014-05-23,5.277469716567205,-3.4491979910104766,-0.46043121835169826,0.07558165323944918
2014-05-26,5.13699796757312,-3.4136502880301514,-0.05164429508040501,0.09428343013888593
2014-05-27,5.106997967573118,-3.4136502880301505,-0.051644295080396765,0.0942834301388857
2014-05-28,5.165735036271272,-3.5086814166530877,-0.011185581262493822,0.10050901282353318
2014-05-29,5.213555039678381,-3.58857505841297,-0.1464946329209491,0.09740865117427255
2014-05-30,5.159812470852567,-3.5139365023535314,-0.31718491861107634,0.09622609903027271
2014-06-02,5.17750243712067,-3.5423405417936715,-0.2646620081241175,0.09797543748104622
2014-06-03,5.191484077277594,-3.499599624690696,-0.3172764416075588,0.09930061538229527
2014-06-04,5.248478846821504,-3.5595832288577087,-0.266908770961587,0.1013481985276754
2014-06-05,5.223638429898616,-3.6381782806078737,-0.23410803506170996,0.10088076023591042
2014-06-06,5.178152032427823,-3.5525879963514204,-0.44670667947520726,0.10187207422544735
2014-06-10,4.986062948461517,-3.3564540620794516,-0.5685947931276524,0.10180824094318107
2014-06-11,5.029889506824949,-3.4019090679965256,-0.6026429427634347,0.10294824825005705
2014-06-12,5.030897024051834,-3.4147627057045806,-0.7253066920804765,0.10145353396048691
2014-06-13,4.963416777086182,-3.388193664175219,-0.6658138350038385,0.10718712291174516
2014-06-16,5.060262150785887,-3.5261050779827823,-0.6161781476674912,0.11580870348375578
2014-06-17,5.082660331161281,-3.5688787183183788,-0.7161907110647868,0.11688107898940346
2014-06-18,5.165260085139127,-3.6270244384012025,-0.7544051857797027,0.11443383172101246
2014-06-19,5.063696263498572,-3.4970673482033554,-0.8728131541349436,0.11363025200499156
2014-06-20,5.080859346668376,-3.468438491388368,-0.9836678544582086,0.11545434741777233
2014-06-23,5.250742700234343,-3.5037199123647933,-1.4225079318274123,0.09738331932133305
2014-06-24,5.036012784427361,-3.428857732223271,-0.9508370276838775,0.11456958821657637
2014-06-25,5.1334285418200585,-3.369264539047228,-1.4295284743580166,0.09783012955282877
2014-06-26,4.95974726810083,-3.237609997756306,-1.219295935097262,0.11373391921787968
2014-06-27,4.722821582191211,-2.948190179342544,-1.539713034880837,0.11372241276813361
2014-06-30,4.859001610844922,-2.942475282320354,-1.9913944522815366,0.09770056618861866
2014-07-01,4.7763791435283,-2.9787459364685938,-1.6452193304921496,0.11690999957212075
2014-07-02,4.872560319398927,-2.984276163273593,-1.618290946371507,0.11484036985206765
2014-07-03,4.890790800483204,-2.9761891193281445,-1.673457190022114,0.11512256888146817
2014-07-04,4.888728677428602,-3.0025153263142967,-1.660576216006525,0.11294520281322487
2014-07-07,4.868906386702081,-2.979887336540741,-1.7207717486262921,0.1138239534635889
2014-07-08,4.831120326018124,-2.9366792933842456,-1.7813970485095003,0.11537537964885897
2014-07-09,4.774319221235393,-2.905392267709302,-1.7921175420750737,0.11307452184719603
2014-07-10,4.744630277443674,-2.8778267976608847,-1.8249044315238145,0.11282851364423731
2014-07-11,5.04971213933671,-3.006434629709189,-2.315007646455234,0.08619584006790089
2014-07-14,4.860233320549569,-3.0280972487013895,-1.6130718814471579,0.11485823217470435
2014-07-15,4.881017782347352,-3.0425959173982537,-1.6010262681108731,0.11523830086856059
2014-07-16,4.906001996071368,-3.106721492133979,-1.5116211544601617,0.11447814619478372
2014-07-17,4.910121804720469,-3.109455976075856,-1.559008612030232,0.11261666564056878
2014-07-18,4.882379477371954,-3.105713408060796,-1.4599817954849448,0.11342269773267036
2014-07-21,5.018759712399126,-3.144497375873718,-2.025296445930268,0.09973086200702683
2014-07-22,5.028137558193588,-3.1370030728819973,-2.144369973507918,0.08815132043672755
2014-07-23,4.954471036360308,-3.190865013042779,-1.7991179652749547,0.0978545426490565
2014-07-24,4.937332027517324,-3.166558072170734,-1.9255981810155167,0.0976999308696842
2014-07-25,4.96385357350977,-3.1941830562694986,-1.8271169540628325,0.09689214601242584
2014-07-28,4.864346429152137,-3.1398579438708705,-1.496994982789965,0.11248664023443739
2014-07-29,4.91466521959448,-3.163277706544522,-1.536901637753852,0.11104028085135935
2014-07-30,4.912235863097579,-3.2298940557772116,-1.2585753444682408,0.11420845621673235
2014-07-31,5.061550201483672,-3.305886419159475,-1.2992188575966852,0.11211286487527664
2014-08-01,5.2288702352119465,-3.5495925528215344,-1.0148659698117675,0.1149258601484964
2014-08-04,5.276250664683545,-3.589912005259369,-1.1238918716813102,0.11631243345680818
2014-08-05,5.135497850417832,-3.4751808560375,-1.041138409122383,0.11374498984275709
2014-08-06,5.289587181561321,-3.5381317200147846,-0.9109980485931097,0.11020226865129924
2014-08-07,5.345759340940973,-3.58149754694931,-1.0319358320550822,0.11281105559863841
2014-08-08,5.3003333599140365,-3.5738550944210794,-1.0402035661758597,0.11624357295875824
2014-08-11,5.184634424085844,-3.5628478875548004,-0.9673793390205967,0.11633005786632453
2014-08-12,5.194457326558365,-3.547112029466892,-1.044026801364021,0.11507080550399229
2014-08-13,5.194457326558365,-3.547112029466892,-1.044026801364021,0.11507080550399229
2014-08-14,5.1088913241692415,-3.4234717883467023,-1.2223147666496372,0.11352686327417488
2014-08-15,5.033913233068269,-3.3964484273483992,-1.169737205795497,0.1134499754152628
2014-08-18,5.059970579990494,-3.357756707938689,-1.2987858888791453,0.11307458014666737
2014-08-19,5.020579994741303,-3.299306204190155,-1.4332793264281847,0.11455430863789205
2014-08-21,5.087829469054314,-3.2712898054726898,-1.7848762106588227,0.10066610129217267
2014-08-22,5.05575517984431,-3.288246892897582,-1.715314500078837,0.0937279471747301
2014-08-25,5.047018323006683,-3.247959358091952,-1.7642055310337137,0.08780885030761208
2014-08-26,5.025195410541643,-3.225363051182349,-1.8342877614567483,0.0889908742285208
2014-08-27,4.914067922822353,-3.104581805604456,-1.8977553160472216,0.09067433516587985
2014-08-28,4.796870715814618,-2.9447790042575903,-1.8020887723735812,0.08061897541655201
2014-08-29,4.78093947385258,-2.867074388602519,-1.5749734696839972,0.0759865214584913
2014-09-01,4.757182331487721,-2.7820198517819423,-1.715421148366677,0.07278089309319112
2014-09-02,4.752351849393478,-2.785381852996281,-1.7198065345670177,0.07442353474316787
2014-09-03,4.482826112236223,-2.7695584172949377,-0.823111759301799,0.09698222390057497
2014-09-04,4.42674116363828,-2.7286193620845443,-0.6916992248132439,0.09359193426457604
2014-09-05,4.380295692812128,-2.7364929936018565,-0.6118862162841062,0.09167312171747001
2014-09-08,4.384846296529492,-2.718498836487565,-0.8382196628763433,0.09041561090263363
2014-09-09,4.486223330726484,-2.8058348110740257,-0.8730910934089285,0.09068897669532919
2014-09-10,4.700616482217572,-2.9802527643472185,-0.8999338312748119,0.09514276430865919
2014-09-11,4.776091801529729,-2.941189553528821,-1.5986941755170478,0.06950742819941481
2014-09-12,5.225654781625744,-3.2941840404210767,-1.9862127854745208,0.07204247227897788
2014-09-15,5.126863241733211,-3.2587250329560633,-1.7897010307972976,0.0681540357056075
2014-09-16,5.020376861668515,-3.1713229387857935,-1.9053433277753755,0.06889109051229199
2014-09-17,5.027834561655333,-3.189436479527095,-1.9351088883948921,0.06983809548253135
2014-09-18,5.03270620793075,-3.190600730890729,-1.9842874257440097,0.06997606937175119
2014-09-19,5.075987617114579,-3.3052369699206094,-1.8889525407608487,0.07471618153639473
2014-09-22,5.082938219970831,-3.2994980969400505,-1.9674679725125082,0.07180045189753885
2014-09-23,5.03524132942567,-3.2519692616971336,-2.0173134301364155,0.06826827699162973
2014-09-24,4.995868430612537,-3.186564035668998,-1.9708732433169478,0.06737177901075762
2014-09-25,4.979389679778616,-3.1687909348544436,-1.9515064717574089,0.06784470811630569
2014-09-26,4.983261560493182,-3.1923953880289773,-1.8488386956000022,0.06665544784686775
2014-09-29,5.144787696821684,-3.398331841398083,-1.6990915158468285,0.07376356214707078
2014-09-30,5.068240129306573,-3.3413714991497603,-1.6223539491539753,0.07298461428711513
2014-10-01,5.089687400110512,-3.3735350834046587,-1.6568231770633495,0.0722627469497702
2014-10-02,4.960169928311297,-3.2049145743844125,-1.7821024032318082,0.06877824987514902
2014-10-03,4.996674298935885,-3.2545308239642385,-1.7918381810631112,0.07001942369255115
2014-10-06,4.948024184984645,-3.2349939690040617,-1.6566716535821104,0.0708697306090205
2014-10-07,4.921517394569284,-3.2274904843434538,-1.6924494284505243,0.07188601497023163
2014-10-08,4.90358312191696,-3.1583574827669625,-1.7780067881181574,0.07140852388831762
2014-10-09,4.634959939251909,-2.8250319377128905,-1.7899311070682646,0.06571499625380878
2014-10-10,4.628831819966475,-2.848636390887424,-1.6872633309108547,0.06450180852773045
2014-10-13,4.64430618372015,-2.840830678111421,-1.75963187500769,0.062469924476509606
2014-10-14,4.510184931135087,-2.7863617644614123,-1.7346899889248788,0.060188489985107896
2014-10-15,4.441811815314779,-2.6828249434192672,-1.803793785907298,0.05920421866434122
2014-10-16,4.542208414132132,-2.787055191474171,-1.446947371215664,0.06278756361815582
2014-10-17,4.493923117614861,-2.769130256947023,-1.4456043865516732,0.057290881194264114
2014-10-18,4.283883024878305,-2.5611195467592225,-1.359438056659391,0.06368120404057118
2014-10-20,4.302311305738761,-2.565136454590541,-1.506861798658034,0.05715171161448511
2014-10-21,4.48415773390827,-2.779873217984342,-1.6359175008761573,0.06045491662084447
2014-10-22,4.501840914149297,-2.798274451509326,-1.6696718773698345,0.06442065971535432
2014-10-27,4.562947124535704,-2.801693359333095,-1.8249172143813865,0.06555145513153914
2014-10-28,4.521299811230178,-2.791379712382769,-1.869774235961321,0.06723998717468418
2014-10-29,4.51560164380931,-2.734629337060576,-1.994784230383047,0.06489133493349515
2014-10-30,4.563485987801309,-2.7350334648983585,-2.046241313782201,0.06909392913287596
2014-10-31,4.407354847234228,-2.50369261600114,-2.319845904243933,0.06507330101510418
2014-11-03,4.486569472253399,-2.5638334918418013,-2.3843786762471515,0.06759113620937132
2014-11-04,4.526555160233336,-2.5844385729350132,-2.466336685813631,0.07037693893653346
2014-11-05,4.501651553190484,-2.5401060124740145,-2.4867002291040414,0.07030344250898743
2014-11-06,4.543464822698883,-2.5688663947822388,-2.3822951662810268,0.07240308740356144
2014-11-07,4.49555841519552,-2.5568742520942638,-2.2952630296770993,0.06912680493901231
2014-11-10,4.4420119027092975,-2.4850992477781033,-2.3487596857167627,0.06716966177697026
2014-11-11,4.391231551947301,-2.408073697263089,-2.4281958456155057,0.06501064367540282
2014-11-12,4.394782222428751,-2.450371152683191,-2.3311349671939285,0.06742607227942936
2014-11-13,4.31043242441123,-2.353625971769735,-2.4552321137295565,0.06287257070624107
2014-11-14,4.187685008223711,-2.220365603201807,-2.4711529485419037,0.055308911388640254
2014-11-17,4.1361050378409265,-2.152466692836844,-2.4944479605137047,0.05159439997331537
2014-11-18,4.070439265228361,-2.127003354524357,-2.380009687339737,0.05181077437554303
2014-11-19,4.112152582545945,-2.1899647846144603,-2.3293060321969024,0.054274891834641736
2014-11-20,4.180431365332881,-2.2310075911012843,-2.3874938488783104,0.05258612983483228
2014-11-21,4.120204938261762,-2.1594565916577686,-2.4039210264529682,0.05093972595369615
2014-11-24,4.104635803119145,-2.134625605551226,-2.4840953734717877,0.04885391880136
2014-11-25,4.114416453121558,-2.15283920000242,-2.451793441400004,0.053906557789489516
2014-11-26,3.967111516059274,-2.0410862839128057,-2.4063325090905887,0.05271571658103759
2014-11-27,3.9761259527125437,-2.0259789782226836,-2.4007794044682083,0.05421734031218137
2014-11-28,3.962191852078655,-1.9936455425808608,-2.4775330307593593,0.05284722060871366
2014-12-01,3.9389370233287138,-1.9688201396620657,-2.3999234803139387,0.055392366606127307
2014-12-02,3.984168137146286,-2.0053904542418075,-2.4033748886527353,0.0517142620623121
2014-12-03,4.079879398555985,-2.064162346940223,-2.470523672972114,0.05719498554081841
2014-12-04,4.0659019163942896,-2.0774257151471383,-2.3743450171067613,0.05608751497579817
2014-12-05,4.0890932059845735,-2.1110437123641415,-2.4169445740159934,0.05339649227566446
2014-12-08,4.143088129294333,-2.281543691081757,-2.050727412808252,0.052500251795705964
2014-12-09,4.062171902183166,-2.2142890389916716,-2.0081929040934092,0.05566826029581032
2014-12-10,4.131858124282034,-2.34166741414684,-1.8828551072320592,0.05113847933971363
2014-12-11,4.090871029834435,-2.2893380914049177,-1.859773841802749,0.05513731888515189
2014-12-12,4.063740573435339,-2.2713894343007577,-1.9339590007508247,0.05344348691636035
2014-12-13,4.05342951722706,-2.2989549043491735,-1.9011721113020914,0.053797941334240096
2014-12-15,4.0446797822752565,-2.3196380453952115,-1.8743744099240864,0.053556108496020466
2014-12-16,4.1333913304812535,-2.4124391880572604,-1.7272075684382424,0.05599074750510579
2014-12-17,4.254374427077768,-2.4366099257445146,-1.8892289947047054,0.05377192042264237
2014-12-18,4.2595316661867315,-2.422155830473246,-1.9350506817573225,0.0567986607251018
2014-12-19,4.20750038437326,-2.4141929619287175,-1.7867026031231747,0.05453504636411693
2014-12-22,4.242904211299724,-2.4420321368821005,-1.8574385539412157,0.05625575796470316
2014-12-23,4.215340009319663,-2.46071071787829,-1.7389629867904397,0.060224892771973404
2014-12-29,4.215340009319663,-2.46071071787829,-1.7389629867904397,0.060224892771973404
2014-12-30,4.257568490177053,-2.48866929593201,-1.9532823537029318,0.053929536813980744
2014-12-31,4.234604411411852,-2.486575134024399,-1.8029513846784209,0.053250454476793
2015-01-05,4.224899694232142,-2.4435717085641713,-1.9764441848855545,0.052779772824025586
2015-01-06,4.173216589679146,-2.4082338382488313,-2.1056283170829415,0.05697644005749853
2015-01-07,4.123728393543422,-2.317622123728413,-2.2357621966623866,0.05432184753399339
2015-01-08,4.003668421178127,-2.21572419092532,-2.1289596344368262,0.05722279717413096
2015-01-09,4.002174397275025,-2.1016910437380454,-2.3261762516469435,0.052751065928832185
2015-01-10,3.965555612096702,-2.123166390244484,-2.2284030338557286,0.05801571544782562
2015-01-12,3.9710672863425045,-2.098196436270319,-2.2810673401269015,0.0585536314743913
2015-01-13,3.8443456367886153,-1.9314502245907332,-2.3469568872269098,0.04974769826022244
2015-01-14,3.8784095381080737,-1.9499598809922927,-2.4232018351098246,0.04951816121996589
2015-01-15,3.789140624302429,-1.8930188758525364,-2.335810304815044,0.05118196592079072
2015-01-16,3.7608351234037687,-1.8481554626939425,-2.2336816613229127,0.047997171601738296
2015-01-19,3.6875411303742607,-1.7553906858307466,-2.2777227157782836,0.04770419970690044
2015-01-20,3.7155528452309885,-1.772714964397802,-2.392490755639149,0.050335180377362745
2015-01-21,3.694541664490083,-1.7557342713946402,-2.4181002568498404,0.042695724829013106
2015-01-22,3.7701059030616375,-1.8203726194678533,-2.4047066137627366,0.045717471263217666
2015-01-23,3.45404345595246,-1.5625757322331972,-2.3180449224980397,0.04303609977200306
2015-01-26,3.430219894886444,-1.5311707186184769,-2.3334723679553275,0.04212737469139418
2015-01-27,3.4815693838160917,-1.5686332976552628,-2.3984845440482427,0.03989052634534581
2015-01-28,3.389426200732031,-1.4110640262976688,-2.496586429364076,0.03456141567161314
2015-01-29,3.395058464148394,-1.4291995115884526,-2.299143738066513,0.03693047211711482
2015-01-30,3.4409555432045207,-1.4722141354191793,-2.4088980147572427,0.03695588086437265
2015-02-02,3.5443972224762077,-1.5320130490853092,-2.5011047752325744,0.03912417013349918
2015-02-03,3.433688177611921,-1.5134654034955306,-2.359934084836462,0.043333330040900946
2015-02-04,3.5231824544069843,-1.575453345089262,-2.4191804641880448,0.03738864196700533
2015-02-05,3.5368217511880293,-1.5849311901658951,-2.43306869293974,0.038435680806356454
2015-02-06,3.548301890939099,-1.641737856659556,-2.4015289730253397,0.039548812857950366
2015-02-09,3.7314396309026265,-1.9700749926547048,-2.1877238930648093,0.0468188022415025
2015-02-10,3.8185322223481224,-2.0842672557053405,-2.196677193915351,0.04977557004979631
2015-02-11,3.7655981939798187,-2.007379665106551,-2.192961541321962,0.05142954432173529
2015-02-12,3.768104632735197,-1.9983478266077002,-2.2804651710265844,0.047260600103157906
2015-02-13,3.6724552451601737,-1.8691498519843062,-2.285932740092007,0.04881203627991331
2015-02-16,3.6956228275967296,-1.8161494414167292,-2.4575575708909008,0.04976115785672622
2015-02-17,3.726801244426963,-1.8781219538096834,-2.282059632116106,0.051149793717628206
2015-02-18,3.9071472600432884,-2.117215255866241,-2.1372570250509852,0.05241894275397198
2015-02-19,3.8357080052383226,-2.059288572906285,-2.2771466456391813,0.05228997206272224
2015-02-20,3.8201919365438584,-2.048422694216502,-2.2332131737785885,0.05358929925657949
2015-02-23,3.856958270286519,-2.0799717139523204,-2.2503489442611815,0.051667803597891755
2015-02-24,3.778625393210452,-2.018278509125407,-2.2590702347212126,0.047788687715502584
2015-02-25,3.639290481611449,-1.8191937797384794,-2.38203371941201,0.047562529693859344
2015-02-26,3.611959589841412,-1.7139914062000872,-2.5464864733515675,0.04371344469121484
2015-02-27,3.664084399320578,-1.7083511534128342,-2.6450513586980753,0.03885318690163093
2015-03-02,3.648478723270254,-1.7535681834897225,-2.4687309259426296,0.046636852234428594
2015-03-03,3.658167667061973,-1.781133653538139,-2.435944036493891,0.046945028820022223
2015-03-04,3.7037560052784455,-1.8429055319330578,-2.3170108414858697,0.048828804850064265
2015-03-05,3.8053571569009184,-2.01650793604516,-2.245473481627359,0.05357698583498681
2015-03-06,3.767601808265413,-2.0029050355137246,-2.1189082342075456,0.04916897989387765
2015-03-09,4.037726733247566,-2.336761538705022,-1.8706906413796156,0.04511771908525629
2015-03-10,3.924047197729895,-2.2620024134762566,-1.6407564631761067,0.04832956928083811
2015-03-11,3.952449581192947,-2.3440118548447066,-1.3775925018702309,0.04572166799572821
2015-03-12,3.8578444905764133,-2.1075669664224526,-1.732406451221564,0.03973063663064325
2015-03-13,3.96811312605392,-2.331586833406391,-1.4719713209221361,0.0443304238056613
2015-03-16,3.8801503196501193,-2.3577052111521564,-1.2766596845637785,0.04493755924791758
2015-03-17,3.84121771756459,-2.3782470240217006,-1.2209712278911058,0.04351502500670041
2015-03-18,3.9265540843035165,-2.4684307060600257,-1.281135221499892,0.043488315069966484
2015-03-19,3.7246381949868246,-2.22986144923796,-1.4722436972867636,0.04462954768523043
2015-03-20,3.7226780917685844,-2.297204558276176,-1.2123820871025173,0.039976355561828866
2015-03-23,3.636822122973956,-2.107705168435128,-1.5188028633873478,0.03992945639197432
2015-03-24,3.630104583018669,-2.0617116334881778,-1.5878660819765478,0.03899033050205616
2015-03-25,3.584076006774004,-2.0256032476872634,-1.8254859406584898,0.0469259487351017
2015-03-26,3.601119567506046,-2.1337887518373986,-1.662440706697647,0.04452147462271142
2015-03-27,3.699037572456284,-2.247626809705699,-1.742593058656032,0.04731557386315818
2015-03-30,3.561951431149025,-2.159203297228777,-1.5628778908966445,0.047772376820675935
2015-03-31,3.5520859181552633,-2.112146375515252,-1.7100089203603774,0.04922752285973035
2015-04-01,3.547410218588221,-2.100003993062647,-1.6251723448506545,0.04892065597304274
2015-04-02,3.548446631237174,-2.0874989578758507,-1.701609033007311,0.05421338911648875
2015-04-03,3.5626888325323023,-2.0641200318217425,-1.7291345531676279,0.05479056084185988
2015-04-07,3.5320326152536783,-2.0328678865384817,-1.7992833512684596,0.04757849769195852
2015-04-08,3.4732416137166546,-2.005022120445953,-1.7756694446748784,0.048990733247682876
2015-04-09,3.4758922968054424,-2.004359107343836,-1.7018535352054844,0.04871584700476827
2015-04-10,3.508235370803785,-2.037073107963593,-1.6608954693518945,0.04870473145564168
2015-04-13,3.4929618446759707,-2.007934298363179,-1.748821870509146,0.0489802277487953
2015-04-14,3.512267311355809,-2.0124144552677814,-1.8066824978743534,0.04712004140815783
2015-04-15,3.4898097760190203,-2.0208434613877575,-1.7238422657516472,0.047929452573000964
2015-04-16,3.489150550183846,-2.057183006704425,-1.5271927237786385,0.04996313492237919
2015-04-17,3.5463947961951274,-2.117827265487471,-1.6081061179624305,0.04822838140572099
2015-04-20,3.5373119415236762,-2.1544878617317345,-1.5129464739309069,0.049301385940477505
2015-04-21,3.513134671977762,-2.1019524377091536,-1.5983976696508195,0.049186694974494335
2015-04-22,3.597413208457771,-2.235915461813722,-1.385076052078999,0.0478110498161176
2015-04-23,3.6635820369361505,-2.3286305323454215,-1.3416872254018828,0.047522163567165716
2015-04-24,3.608512247258065,-2.292358120441786,-1.4022942654780366,0.051278642418100706
2015-04-27,3.6068344146965488,-2.3563577528720354,-1.148655616862812,0.05054054179193377
2015-04-28,3.6342382369575352,-2.378674814407345,-1.1611251300449474,0.05113650706977603
2015-04-29,3.6787972084815044,-2.4199798375781696,-1.2292330265497446,0.04926549950530072
2015-04-30,3.84115051949653,-2.669572579646346,-0.9555143611512884,0.0514085383748861
2015-05-04,3.7901786838859035,-2.6679014824710467,-0.8300590927066769,0.050682550804187335
2015-05-05,3.8237247628451767,-2.7103187412055205,-0.8925090495968843,0.05085030463377699
2015-05-06,4.260750224929303,-3.3575468082647117,-0.43260667231970673,0.05908690941658887
2015-05-07,4.266821297502308,-3.353698694894733,-0.18891706516816317,0.055726771165320745
2015-05-08,4.067608563896624,-3.07913849527726,-0.7757755204017326,0.0584681501828172
2015-05-11,4.08199355213434,-3.2125023082730846,-0.36503423771050886,0.06072156654034186
2015-05-12,4.30291515747143,-3.5086964040299757,-0.10307927661275022,0.06562881730839792
2015-05-13,4.230308350224543,-3.4036196015797415,-0.32482366737101487,0.06282660277854943
2015-05-14,4.2593745462163275,-3.508384755571612,-0.008103077248324504,0.05796568499192229
2015-05-15,4.114949908521682,-3.2430217190736035,-0.4611507292349957,0.05587118682187006
2015-05-18,4.138609331214273,-3.314769507995599,-0.35134998768267106,0.059106994384278966
2015-05-19,3.997917325058639,-3.143127222463835,-0.44118035962421215,0.060293629012307365
2015-05-20,4.090117388409133,-3.225781046888399,-0.6000094206787477,0.06355475160180864
2015-05-21,4.0541728152088,-3.1364429200185784,-0.6071590922433235,0.05953293683708637
2015-05-22,4.09172199480532,-3.1324194950157787,-0.8628420503807211,0.05773014634549769
2015-05-26,4.067630053904421,-3.124179454768164,-0.8417416489257541,0.05893528867705449
2015-05-27,4.089995607509105,-3.2135306090229117,-0.7567143530517085,0.05962755898226442
2015-05-28,4.103840158830977,-3.2502538598756647,-0.8006573688628406,0.0634459647362887
2015-05-29,4.092233750272969,-3.1920380061240534,-1.039713823831274,0.06231617922950682
2015-06-01,4.055729564285665,-3.089480860026996,-1.1359085392949204,0.060226750778305124
2015-06-02,4.096416639182044,-3.2511389177555943,-0.8519505045375418,0.06561417445485673
2015-06-03,4.176029494352601,-3.443314115549266,-0.6980650154058285,0.0711139897759058
2015-06-04,4.450323710858282,-3.8876790288583885,-0.6908240203254669,0.0829941975271857
2015-06-05,4.312956184566412,-3.7520965808632196,-0.7348540793914132,0.08387201697591488
2015-06-08,4.395713426673656,-3.8800419563681046,-0.4467284500894732,0.08175707272199521
2015-06-09,4.484702751080162,-3.919630896649877,-0.3927947350219565,0.08342721950786458
2015-06-10,4.600290113035408,-4.0636899244463605,-0.1584720897631558,0.08510737955221094
2015-06-11,4.554581665684918,-3.9611766101890087,-0.2683537800846143,0.0782915139518007
2015-06-12,4.563835869392073,-3.882472810415921,-0.6805672864882092,0.07225139543989348
2015-06-15,4.644165296606004,-4.080763279706602,-0.31781085288794014,0.0799478659345015
2015-06-16,4.72163470056537,-4.2001749267042845,-0.19956963430972766,0.08014269013338747
2015-06-17,4.591201524774317,-4.109274666342161,-0.1986863806357667,0.07810757763674185
2015-06-18,4.525104587853888,-4.035169083298779,-0.27418884672928934,0.07776056481832043
2015-06-19,4.5697444935742135,-4.084933657580627,-0.2444759804697839,0.07889680683727653
2015-06-22,4.49618539724231,-4.035030115431155,-0.24667880598164463,0.08044446783073822
2015-06-23,4.446140520191177,-3.963357713183756,-0.4308112897994403,0.07405663710450297
2015-06-24,4.407660574862434,-3.907946477042808,-0.43998427265459955,0.0748330981585696
2015-06-25,4.457205463992364,-3.918247713868959,-0.5892404215954138,0.07680656574868149
2015-06-26,4.453967403286363,-3.9139609009408347,-0.6151070264885758,0.07625183424390511
2015-06-29,4.546801715688501,-4.037643419192273,-0.4438353855700794,0.07777836223420655
2015-06-30,4.559505285583898,-4.0712097562821254,-0.36038932841784105,0.07704711564450707
2015-07-01,4.538472497084503,-3.959469444905663,-0.6659188755560065,0.07364161112075003
2015-07-02,4.504886097147752,-3.972152121033782,-0.5011732135593505,0.07507993028892213
2015-07-03,4.545217904787992,-3.9999574235468787,-0.6231427130819078,0.07378498355661425
2015-07-06,4.587013998928535,-4.050709071336161,-0.6269546550428898,0.07833120405002965
2015-07-07,4.542539400910445,-4.039175325876823,-0.5597167974918267,0.07821634341469391
2015-07-08,4.366178171180718,-3.7796137729089323,-0.6307545369663091,0.07046776020849913
2015-07-09,4.29076964495741,-3.6639258192235173,-0.7903790501994957,0.07240033973441513
2015-07-10,4.219047865610318,-3.559720624514631,-0.9255146509519803,0.07034406671761606
2015-07-13,4.214723445578489,-3.610410720255847,-0.8487393274381759,0.07323232914756263
2015-07-14,4.250701341566178,-3.666644138867895,-0.828538874547227,0.06880246339969887
2015-07-15,4.243815852558844,-3.6323552746255805,-0.9038633597340161,0.07120895983404787
2015-07-16,4.168517301573642,-3.4908144022306082,-0.9970393860203747,0.06490013813634385
2015-07-17,4.202769077643986,-3.554394722279082,-0.863019970660958,0.06974658101936365
2015-07-20,4.220781599257973,-3.4682658662743293,-1.1504392968917272,0.06430887490824674
2015-07-21,4.120077266336466,-3.3824003247095185,-0.9562297361670492,0.06392970172407195
2015-07-22,4.081630061079373,-3.190575390821968,-1.089285410943241,0.05034998296957026
2015-07-23,4.032293444909778,-3.1247582966092344,-1.242370730534351,0.04850359143001416
2015-07-24,4.049017115296418,-3.1923538623666134,-0.9982787687867875,0.05311877733887794
2015-07-27,4.1186567657776045,-3.2473606270625277,-1.136219312174062,0.055967008813406154
2015-07-28,4.118506513191681,-3.2634794104372493,-1.0967481248151991,0.0587051115844649
2015-07-29,4.13451185566213,-3.2987340441252226,-1.1087864737338433,0.06001680401876678
2015-07-30,4.168632132160693,-3.438590850752348,-0.8716232826051193,0.05775327915544099
2015-07-31,4.1741471780485115,-3.4868169272105,-0.7731510486483175,0.06173080374484423
2015-08-03,4.236936683666268,-3.42429632418843,-1.2347157858802933,0.049744114544487746
2015-08-04,4.168316915061458,-3.276166216695206,-1.3463127316226415,0.04609144930519808
2015-08-05,4.217887239519498,-3.3743522423794166,-1.233291766579514,0.0471597565940761
2015-08-06,4.25662731887773,-3.434548420913467,-1.1681173687329873,0.04592885182467023
2015-08-07,4.258636467683423,-3.423790182545924,-1.259872899842756,0.04450159672779097
2015-08-08,4.279241404732124,-3.3906505079301557,-1.4336636835242094,0.044979206573509546
2015-08-10,4.2116401496066755,-3.3422759545302236,-1.3290147393864358,0.04521495786406207
2015-08-11,4.1638381365818296,-3.265755924643335,-1.444148420237561,0.03935692186554429
2015-08-12,4.0835240905040004,-3.15740992594068,-1.6514578235604782,0.041327974181762386
2015-08-13,4.119081669641918,-3.2107976651372447,-1.5771883577518293,0.048363349908851355
2015-08-14,4.120109412582186,-3.1966935898528632,-1.6737861358835933,0.04769756313230339
2015-08-17,4.123639915226984,-3.1877172571972077,-1.726162002630981,0.052257522648334595
2015-08-18,4.173458659704277,-3.201458948005358,-1.8463736873563232,0.05025957464570369
2015-08-19,4.214834509398971,-3.289488952262936,-1.7630551795371587,0.05107121342297984
2015-08-24,4.332262038638957,-3.3953236780072733,-1.7932150457903875,0.05270520665895389
2015-08-25,4.391145097505653,-3.5370181215865455,-1.685404712162946,0.059470295537022176
2015-08-26,4.452981338191196,-3.600080309555701,-1.674067409386765,0.061082588612915496
2015-08-27,4.390649484806163,-3.6108892875138707,-1.4709503028101905,0.07535137783036304
2015-08-28,4.396533637078773,-3.614632890654254,-1.5307786237594083,0.07259719498480896
2015-08-31,4.379817926212069,-3.5457871834701895,-1.6632432499912693,0.06964042925426008
2015-09-01,4.424984594619089,-3.639331316142238,-1.4833531348364057,0.07205443974065606
2015-09-02,4.494718325790262,-3.7849351533088464,-1.443859387889825,0.0744484743996935
2015-09-03,4.549388316229991,-3.867670876003081,-1.3921578022924908,0.0759288847773642
2015-09-04,4.502732745989248,-3.683087217128862,-1.8156976160828602,0.07054862848102904
2015-09-07,4.46427388832467,-3.7096735265285616,-1.6070851773810428,0.07851488847766641
2015-09-08,4.461953683310695,-3.7479972349445267,-1.4825427568225282,0.08039395751792702
2015-09-09,4.511320204558151,-3.8670497203448555,-1.4219463890901634,0.07888997509688442
2015-09-10,4.4807845762753535,-3.875802270750992,-1.3887038165830037,0.07649192657171766
2015-09-11,4.486685102963235,-3.883389420585828,-1.5101432523119844,0.07535077854131575
2015-09-14,4.413781459328886,-3.7557399310554302,-1.6623760058402612,0.06970010610869516
2015-09-15,4.383258122479817,-3.7075933337657005,-1.645346399305393,0.07133352598964136
2015-09-16,4.420312572665718,-3.7963089111128414,-1.46602522534243,0.07477367694199849
2015-09-17,4.347274559289926,-3.7109570996256758,-1.5032609162243384,0.0753703578312166
2015-09-18,4.306707615330691,-3.478528612137558,-2.094834797034853,0.06331628651202093
2015-09-21,4.153201978112862,-3.356206043517528,-1.8496998986752926,0.06684224588691023
2015-09-22,4.181561278826444,-3.3575585187550185,-2.0364268627783897,0.0700762771913999
2015-09-23,4.146677306794787,-3.305528837983691,-2.139639395225905,0.07047358384868635
2015-09-24,4.100927776302997,-3.315538580395225,-1.9492476712265454,0.07535181604364981
2015-09-25,4.227009870564585,-3.5863262588433895,-1.6860170419837457,0.08471574391163145
2015-09-28,4.238476321133609,-3.517194068154064,-1.9608882425663303,0.08242806349347816
2015-09-29,4.177417650270237,-3.4387008075854952,-1.9350109653293692,0.08055832911042504
2015-09-30,4.181706188640212,-3.397871969330171,-2.0639765106434473,0.0807320445914471
2015-10-01,4.192824924828454,-3.431112508542992,-2.0174320751856545,0.08113874298886328
2015-10-02,4.204981116273705,-3.3677056244656645,-2.275579566416605,0.07736847197135065
2015-10-05,4.112914477758347,-3.14698267423757,-2.6517153148309855,0.07340555245602812
2015-10-06,4.086228267841014,-3.1039103874045817,-2.6702874934429826,0.0730351735942277
2015-10-07,4.05273137417119,-3.0815279645010665,-2.587991171564989,0.07445130448602288
2015-10-08,4.0596778950219505,-2.996643135988368,-2.872892524964779,0.06692393442097892
2015-10-09,4.040714895773848,-3.027523923313715,-2.641537700392394,0.0712525962251016
2015-10-12,4.088169939043812,-3.067298954862605,-2.631017267972025,0.06656265723510194
2015-10-13,4.049966804609471,-3.0434750643511697,-2.5396535296089886,0.0646345833955347
2015-10-14,4.041952711925676,-3.1339895373674462,-2.1390361090119554,0.07251090752282785
2015-10-15,4.051145931803179,-3.11139750184395,-2.308906209414033,0.06732322478088137
2015-10-16,4.040433340689667,-3.083963557288762,-2.3481427363630387,0.07076918699307845
2015-10-19,4.054709303395104,-3.1270642514270586,-2.2952731283376346,0.07319225400752238
2015-10-20,4.062281327051526,-3.1095735843423644,-2.3516240515922107,0.07188965693130522
2015-10-21,4.0621183114922985,-3.126589054989642,-2.3213771308758275,0.07498675023987907
2015-10-22,4.052991021838946,-3.155794487135481,-2.162930145466166,0.07898114871530162
2015-10-26,4.0369172666410735,-3.1057138392746966,-2.4466180278535856,0.07420117176802397
2015-10-27,4.029336875178045,-3.0639053260742757,-2.548492654686447,0.07561718578986103
2015-10-28,3.9756269954996943,-2.92718425699077,-2.7576111616339896,0.07158217087526182
2015-10-29,4.013861985698181,-3.012820217233226,-2.6373039853047153,0.07625908360894411
2015-10-30,4.073593814618289,-3.0763392926614337,-2.5496170524671418,0.07601820470979703
2015-11-02,4.06094728952473,-3.0475247568674915,-2.579868739554628,0.07621209983358772
2015-11-03,4.0530506197764895,-2.996255199622011,-2.6808027259521077,0.07124915977286286
2015-11-04,4.006087829016569,-2.8682391573311095,-2.8248479992756512,0.0658165421691769
2015-11-05,3.9978619394544688,-2.8762063979621817,-2.6101709203132626,0.06802356519699895
2015-11-06,3.977507074609663,-2.934791623203573,-2.3735392470397705,0.07036796861359071
2015-11-09,4.108371456664671,-3.1634977788976,-2.129547283984561,0.078084807739309
2015-11-10,4.130634667287077,-3.08733010213254,-2.4466981192977313,0.06466627376171749
2015-11-11,4.1137928636014065,-3.1555686415370907,-2.244488055470941,0.07161692890683435
2015-11-12,4.092284447168089,-3.085479573510185,-2.3920884030344602,0.0674104391039097
2015-11-13,4.013239689341984,-3.002302349227909,-2.3847968390233363,0.06833569973764507
2015-11-16,3.989652811518085,-2.8899315316579934,-2.645829111287606,0.06566028766784568
2015-11-17,3.9337728172407025,-2.8567103796215485,-2.5424365679564724,0.06826723441249384
2015-11-18,3.9291778722284705,-2.873291791055177,-2.4742569008790105,0.0663995104025209
2015-11-19,3.9844425651819164,-2.9373543693979496,-2.5031656069346244,0.07000128919372371
2015-11-20,3.903066179730957,-2.7790647085736375,-2.612462819056803,0.06645587153979483
2015-11-23,3.937572621251689,-2.838526006800645,-2.578024629150952,0.0605335931538044
2015-11-24,3.862748417304325,-2.7654309803988717,-2.483039248870131,0.0658244493290945
2015-11-25,3.9086009773604533,-2.8335154343227407,-2.4441981231562835,0.06619386438083302
2015-11-26,3.9113819868610054,-2.877919463597416,-2.3622009131458492,0.06583969337105572
2015-11-27,3.9354892116644264,-2.9025254097059805,-2.358294540188129,0.06871618093966689
2015-11-30,3.9565623791851463,-2.907472692664104,-2.408144301153566,0.06616867424753609
2015-12-01,3.9443361205310903,-2.914596003338834,-2.353050956468848,0.06591790842503494
2015-12-02,3.928715236054061,-2.876062640795909,-2.4185185714186086,0.06556243201759525
2015-12-03,3.905847094433023,-2.8565820770071957,-2.376822318444939,0.06455343155041658
2015-12-04,4.015600680997676,-3.0967698251177547,-1.9902367390918367,0.07176775339896115
2015-12-07,4.10437663508561,-3.1735630669093373,-2.0736908080694425,0.06485511034916606
2015-12-08,4.0200131317982875,-3.0917357729696504,-2.196180794643224,0.06695464813052086
2015-12-09,4.024590083852081,-3.0838861166003464,-2.2544655955453337,0.06559222017037661
2015-12-10,4.073952269576805,-3.2177392702071015,-1.8056196105753228,0.07722213717620947
2015-12-11,4.216698359633108,-3.3986026260629787,-1.8764958889229042,0.07603089498981998
2015-12-12,4.235446692605045,-3.4153487059098135,-1.8708046843264972,0.07886432905794315
2015-12-14,4.205054882016688,-3.4172911256475493,-1.6746452594847552,0.07734397320330481
2015-12-15,4.3681371175247365,-3.5793187359208063,-1.5627335168156686,0.07699583688660618
2015-12-16,4.2167498600518885,-3.424807608696372,-1.652004339235335,0.06749350794464548
2015-12-17,4.1879816656364,-3.4422655330751235,-1.5555420102173056,0.07381025744902502
2015-12-18,4.143106173650804,-3.3202788697013235,-1.7375422803722755,0.06819249560540502
2015-12-21,4.100322944579803,-3.3000445509027814,-1.6689387134489568,0.06550702059401604
2015-12-22,4.082407979423482,-3.2345478921796684,-1.8661242546776866,0.06135787918263346
2015-12-23,4.078881259953991,-3.2728617979123698,-1.7191407163247694,0.06668585109594624
2015-12-28,4.088155950298033,-3.287749952397282,-1.7112517756332402,0.06749783033238874
2015-12-29,4.07537789634452,-3.2714928147701277,-1.7217567286409317,0.068933216685165
2015-12-30,4.072736349983579,-3.244472822032092,-1.7812217355735924,0.06587224521526548
2015-12-31,4.08868466508416,-3.259284261221052,-1.8101521248523353,0.06705457147514728
2016-01-04,4.018883864382048,-3.177808136475917,-1.7795576569200076,0.06377154534885122
2016-01-05,4.00329372772444,-3.2293005960336325,-1.5830387976896214,0.06811506767763988
2016-01-06,4.012103802903282,-3.132822908225273,-1.8823240502596499,0.06702249218938804
2016-01-07,3.924314698092503,-3.005085371472755,-2.065306697966837,0.0689951471702373
2016-01-08,4.059708614308031,-3.201452595540296,-1.9417669474643928,0.06936019114287359
2016-01-11,4.019569735452376,-3.1500272693956175,-2.002243304797914,0.07160923459122032
2016-01-12,3.949428394849857,-3.0515510575691582,-2.1631676922928205,0.06943699969884204
2016-01-13,3.7833069098763477,-2.7393308890918533,-2.528744381979087,0.06674263518442342
2016-01-14,3.788500476748357,-2.7277520633097407,-2.5170666401722257,0.06372566701093749
2016-01-15,3.8374974688027947,-2.8351598373020397,-2.348642299888755,0.06304162015091207
2016-01-18,4.010173491650301,-2.9597396197553105,-2.6225727247825956,0.058550751200835215
2016-01-19,4.025650394856033,-2.93503165984202,-2.703093295101931,0.05511645602523916
2016-01-20,4.060148949936151,-2.8983888512846208,-2.9755321018994536,0.05098827873678887
2016-01-21,4.054258529259332,-2.962736097758059,-2.6978164464008394,0.0528028597894928
2016-01-22,4.169425436350864,-2.9153785847003997,-3.3477407522230562,0.04093027444250173
2016-01-25,4.215348944253571,-2.9451987112089553,-3.4210206624367347,0.04118098280785336
2016-01-26,4.213836005723828,-2.936632874907101,-3.495667752583611,0.043986066391617534
2016-01-27,4.152084467337925,-2.879391151421526,-3.541010900631514,0.04453124700338495
2016-01-28,4.170228354657225,-2.903840814334522,-3.6453815293816745,0.04759970338415387
2016-01-29,4.059511025262852,-2.714306278405976,-4.071294296072071,0.04374230362071199
2016-02-01,4.0122425905542185,-2.645007994801089,-4.095819386862178,0.03792192321538534
2016-02-02,3.8767300619371623,-2.4928030056259285,-3.9383063731458012,0.03937688278079874
2016-02-03,3.861668086301861,-2.476319434136343,-3.823119211018516,0.03849789834634809
2016-02-04,3.9315916465617184,-2.5177286087976296,-3.83392980893351,0.038592358529090695
2016-02-05,4.0061777472580555,-2.5638578887333283,-3.9515412431032177,0.03605656903941369
2016-02-08,4.055351831630911,-2.6398552885462796,-3.9383920615165082,0.03450809074796456
2016-02-09,4.089271602987492,-2.711585942059983,-3.8331831475357165,0.03593429960617055
2016-02-10,4.0371936322915465,-2.636010706726499,-3.915979442332823,0.033822277181756025
2016-02-11,4.028274441679967,-2.635871738858879,-3.8884694015851746,0.03659574208295386
2016-02-12,3.9083285764209768,-2.473515679095688,-3.8924573565734963,0.03333305293880643
2016-02-15,3.9295104911185006,-2.463867806864008,-4.014774248487611,0.026311869130380347
2016-02-16,3.90455171532184,-2.4249806057920806,-4.040778800541064,0.026704616743424326
2016-02-17,3.926829723310306,-2.43155967155374,-4.110578877294827,0.025460739393814148
2016-02-18,3.93211337784984,-2.4232042719331783,-4.151102341469331,0.02455645777019544
2016-02-19,3.8679768011567943,-2.399931198000641,-4.000238728560653,0.028230840524073774
2016-02-22,3.8438569925076926,-2.397196714058768,-3.952851270990573,0.030090243973470494
2016-02-23,3.6929392916380737,-2.2331695571202776,-3.831383957534277,0.02655906498878107
2016-02-24,3.616479422581515,-2.174174870650416,-4.006545911812209,0.026328315553618795
2016-02-25,3.624840112812763,-2.2159141127520554,-4.02139688810441,0.017780830768285873
2016-02-26,3.676949391080356,-2.2660565007109135,-4.009618877114171,0.014056906134168984
2016-02-29,3.651328506603325,-2.227523138167992,-4.0750864920639245,0.014128397345834225
2016-03-01,3.4721443171014954,-2.18192093647288,-3.594447838774909,0.03011973233620532
2016-03-02,3.50894423015476,-2.2440629635472886,-3.4903252800135585,0.031229154108289036
2016-03-03,3.6960682108195364,-2.415663301915229,-3.7202504624741377,0.024278979401361454
2016-03-04,3.784791926087585,-2.4796821177195825,-3.904696935728363,0.022428690314120266
2016-03-05,3.782984896467021,-2.483264705478488,-3.8992532908638866,0.026900643399416165
2016-03-07,3.8310341220285897,-2.48891935234119,-4.074631219239831,0.024883592522885176
2016-03-08,3.8005949641880563,-2.494394301803943,-3.968703786225683,0.032278169489870515
2016-03-09,3.7478271908528145,-2.485761829018149,-3.793661842346603,0.03301224309250207
2016-03-10,3.746999889333556,-2.4583317055672227,-4.056041835244311,0.023042805575738484
2016-03-11,3.7007079163195327,-2.4833709306401675,-3.8866519258480787,0.030191805873440544
2016-03-16,3.7087321569780953,-2.530516840596277,-3.799630193239598,0.03264319860623792
2016-03-17,3.727969737850064,-2.3650689446204445,-4.401424879595949,0.019777594730218603
2016-03-18,3.7123344660518827,-2.417625893505146,-4.185353603858919,0.02233682192000572
2016-03-21,3.714180726432194,-2.3677630790652224,-4.382505880105829,0.018394993214080016
2016-03-22,3.7454971801297328,-2.3881531067338067,-4.455792038459872,0.021921492766491104
2016-03-23,3.632905160385951,-2.380992619373051,-4.42469732926011,0.02352279548192595
2016-03-24,3.5084806202594625,-2.451015671930401,-3.9665533127557953,0.035530738447401
2016-03-25,3.4453425339772368,-2.4707656518706957,-3.774987630866238,0.04287095147492082
2016-03-29,3.5425308134379287,-2.500251233227974,-4.105708151542657,0.030706289386128793
2016-03-30,3.6024916741522315,-2.536564995678315,-4.238041797194108,0.03013211982091835
2016-03-31,3.637204571980944,-2.5803478692947657,-4.185833173981352,0.03059567069778234
2016-04-01,3.6729476744967906,-2.657077553308614,-4.129774298738979,0.035517719095368584
2016-04-04,3.6284106199312176,-2.5684007002464178,-4.14850453031109,0.038269251113140695
2016-04-05,3.5524015461121277,-2.5543649075827397,-3.9051992609607225,0.042948826661779786
2016-04-06,3.566207343005912,-2.5565179699255167,-3.9912920860847976,0.04127026497258719
2016-04-07,3.54344558816658,-2.614589609327223,-3.6999112536189886,0.04361045289998295
2016-04-08,3.580863505876714,-2.614885334572115,-3.99105636778768,0.03487602836580486
2016-04-11,3.4907660955084205,-2.5168182183332184,-3.9882642649136226,0.040105474092618124
2016-04-12,3.511662992657281,-2.5520824320813316,-4.0406799158514435,0.03545415540553611
2016-04-13,3.5491904349369503,-2.5751665941946924,-4.09504707471537,0.037761209388735846
2016-04-14,3.636711549886481,-2.6157051050515046,-4.328507350678117,0.02834317214799328
2016-04-15,3.5552655297379383,-2.603323020267514,-3.9904597363163017,0.04327900238561227
2016-04-18,3.559527664874448,-2.622055356358174,-3.9890559955911162,0.038982248657459355
2016-04-19,3.5716011411141806,-2.647761865919342,-3.9932698656433274,0.038374556176627606
2016-04-20,3.572628884054449,-2.6336577906349614,-4.089867643775093,0.037414180734287206
2016-04-21,3.5947985609610877,-2.6998811503712203,-4.00755630635494,0.043763067314673054
2016-04-22,3.7851144329320796,-2.8553668031450155,-4.2817228702758685,0.033088518474816905
2016-04-25,3.7367479363399436,-2.810642336557937,-4.260773988741277,0.03522389458529072
2016-04-26,3.8054222829963735,-2.9725876773442006,-4.2524509945782585,0.03693033016400825
2016-04-27,3.9136614841995994,-2.933007506443145,-4.426870192943658,0.03141382903563815
2016-04-28,3.861444337954987,-2.910853317419773,-4.200155763921772,0.02788285921094163
2016-04-29,3.888736320562821,-2.860467587479699,-4.2596572169789475,0.030063719390360545
2016-05-02,4.000525605025618,-3.0064037636643337,-4.181540394202531,0.03230678325610241
2016-05-03,4.032880683308979,-3.0087199721725435,-4.368194459339734,0.035558983819504515
2016-05-04,4.132822470381463,-3.169357188523777,-4.224856759014732,0.03464767944804322
2016-05-05,4.0331589331050015,-3.0479962588184906,-4.330419160713683,0.03025207958998944
2016-05-06,4.069963051478619,-3.0557370825852055,-4.501290013142525,0.02927863881355265
2016-05-09,4.080628404971172,-3.1005452396976594,-4.470749886531258,0.033133091627471654
2016-05-10,4.079408716727096,-3.0492588814206076,-4.558736284612418,0.032374921372537356
2016-05-11,4.127566499971481,-3.0080543244555864,-4.66079318702134,0.03035105019055711
2016-05-12,4.054670493376214,-2.9345336453539126,-4.644970803358479,0.028012729931982398
2016-05-13,4.087841757298709,-2.974065557544712,-4.66423762878027,0.024164507008993155
2016-05-17,4.085198404315492,-2.998251832532378,-4.538791904286215,0.029745008678648897
2016-05-18,4.081638105535398,-3.0059727309264828,-4.513066695177251,0.03188811410245358
2016-05-19,4.12662474908026,-3.039354375692674,-4.513349199238902,0.03028504279583965
2016-05-20,4.146309118781773,-3.051348255852353,-4.603770815397312,0.027681267585588656
2016-05-23,4.048574397060238,-2.9827006649453485,-4.472864935508349,0.02891432501474008
2016-05-24,4.087040204976128,-2.9944072507126,-4.5163792851025235,0.02907001087895411
2016-05-25,4.122293061833536,-3.0097771927740813,-4.435264297648332,0.02595345984622666
2016-05-26,4.125179932389606,-3.072842603622117,-4.264762382860886,0.027569632940768647
2016-05-27,4.121560369237228,-3.0999814111964525,-4.141630766882929,0.027581270952956333
2016-05-30,4.132482485117253,-3.0763784802696934,-4.20622576550826,0.02745792179028428
2016-05-31,4.115267652613036,-3.091304960648299,-4.080664333115935,0.02761593112188018
2016-06-01,4.148769288048126,-3.091407562717064,-4.211300160894064,0.023845721988685897
2016-06-02,4.171488805250074,-3.1142403978456086,-4.158552716853334,0.02441555069869547
2016-06-03,4.16484762262696,-3.1206804957396406,-4.200842752859448,0.025747387841617723
2016-06-06,4.08718425963792,-3.0116714839348604,-4.334336246712984,0.028040141203644977
2016-06-07,4.125735349239381,-3.034624120554993,-4.382253768076641,0.026404860645610057
2016-06-08,4.017402774065391,-2.915230775540549,-4.529039518649003,0.02949689512204765
2016-06-09,4.0830729471060225,-2.9020123676962473,-4.830510736385304,0.018253797979164196
2016-06-10,4.170211412571941,-2.920656246838773,-5.131503114559214,0.015324880454134002
2016-06-13,4.187705811985922,-2.945268784086484,-5.08047469737703,0.016043472703746658
2016-06-14,4.307891595598705,-3.1272986702480043,-4.905324013020485,0.01996161945763924
2016-06-15,4.340990275326646,-3.1558033516620734,-4.997983634981964,0.020371178036417352
2016-06-16,4.341893987187588,-3.1399285257065426,-5.047121056577748,0.021658772973919757
2016-06-17,4.337249213108559,-3.1136915752209293,-5.175647526639326,0.020575242852130245
2016-06-20,4.315368743358609,-3.00041190920911,-5.4624795698270905,0.016220418335182826
2016-06-21,4.2431422482511225,-2.9422218383238263,-5.372552837171053,0.018094640113011675
2016-06-22,4.257127572493234,-2.929366828784977,-5.471685817664072,0.016661901099618313
2016-06-23,4.1831886032718595,-2.8678415152501495,-5.383730958593883,0.0183499225786197
2016-06-24,4.374699854296283,-3.1362317006084273,-5.060188370322295,0.008920919685522614
2016-06-27,4.166223733515055,-2.89747260699768,-5.130148601138642,0.018485088227137885
2016-06-28,4.071334783264699,-2.8024093655010938,-5.150188239714692,0.02215262612674795
2016-06-29,4.0582017229785485,-2.7728491399088777,-5.17258425109246,0.025588470427108816
2016-06-30,4.088173381495032,-2.8408188962503496,-5.089664337408093,0.017179288953415927
2016-07-01,4.082692346925819,-2.724277478183284,-5.441967666315292,0.01497613711352423
2016-07-04,4.024628572890754,-2.673914530853788,-5.3137143595344885,0.021469633166586184
2016-07-05,4.037135011646134,-2.664882692354933,-5.401217989239127,0.015361306730489549
2016-07-06,3.9639696175426566,-2.5777803027012602,-5.369654382260699,0.010543092986006187
2016-07-07,3.965031603197561,-2.5671698269332035,-5.400699218672737,0.010653300242066855
2016-07-08,3.944764946327995,-2.544454949106539,-5.462842152706374,0.011712817787809894
2016-07-11,3.9273611240670085,-2.522137887571229,-5.450372639524236,0.011639480956708642
2016-07-12,3.926757743184722,-2.55820725953313,-5.371477245252306,0.012611099167341025
2016-07-13,3.9247195611043924,-2.677213656659294,-5.255779140024355,0.016081315073125574
2016-07-14,3.8088827323054355,-2.5323027639706703,-5.355564459402251,0.013465436807876673
2016-07-15,3.8045303298598556,-2.530611244493663,-5.419244665342644,0.011491608152808006
2016-07-18,3.770122770626956,-2.551952252354012,-5.202540197342236,0.019072848518345543
2016-07-19,3.828744800266689,-2.5521407444858317,-5.395624823286939,0.013257541960925691
2016-07-20,3.873999702262063,-2.610751451113647,-5.347665662922879,0.010830862008527422
2016-07-21,3.9824606860047185,-2.7385806652179268,-5.326877921948827,0.013652943876866365
2016-07-22,3.918781908856681,-2.630147200520459,-5.436005250884425,0.0133545671595607
2016-07-25,3.908599041722955,-2.6300058723439688,-5.407114495589756,0.010327541949013476
2016-07-26,3.8654724968460554,-2.5443603320413777,-5.487044369899846,0.0132429811075415
2016-07-27,3.9016610227123834,-2.613873283157838,-5.379892894365894,0.01037023488833873
2016-07-28,3.915204109202862,-2.5830254883354873,-5.48356259164109,0.011051555678615535
2016-07-29,3.931292505607291,-2.591637813125543,-5.479944658207154,0.008980285142402712
2016-08-01,3.908751408042298,-2.5521269133232742,-5.537638253447483,0.012222092668302929
2016-08-02,3.9044065352339623,-2.59415387538252,-5.406617696777997,0.011418865388232004
2016-08-03,3.9603910402450238,-2.6947300699244057,-5.307879021918704,0.01365370486470646
2016-08-04,3.9772805779113884,-2.681997051453477,-5.4465567213083155,0.01217879588362747
2016-08-05,3.9173629140876116,-2.653027381671626,-5.3812248645184235,0.009152510904007701
2016-08-08,3.9100910367815582,-2.6632020607543287,-5.308857802190845,0.011710847740568018
2016-08-09,3.9014783282880505,-2.619926032949554,-5.437343156499074,0.010454143984328167
2016-08-10,3.901343843881058,-2.604336539468826,-5.489088679422016,0.011627916893373646
2016-08-11,3.8716035618155695,-2.564072343077129,-5.512731547655885,0.009933075114246211
2016-08-12,3.9095020432204235,-2.6081811212886046,-5.511501298605705,0.013479066687134729
2016-08-15,3.8848308503325013,-2.58306983913795,-5.5352748495822075,0.010901345122305218
2016-08-16,3.902684196596779,-2.628243106676417,-5.514492184025377,0.012776484018681512
2016-08-17,3.8859636984952095,-2.6167490952762043,-5.456171107230638,0.011942387769466432
2016-08-18,3.883100068587626,-2.6283451204811388,-5.437877986663767,0.013914200540447843
2016-08-19,3.886671249013272,-2.616654478211044,-5.4803733244241135,0.013619586870832886
2016-08-22,3.88844005756552,-2.618791597056664,-5.480456462193673,0.014917047189228295
2016-08-23,3.8885123393104335,-2.606859971291434,-5.5132100866605915,0.013915622420870705
2016-08-24,3.8954686537290857,-2.6372196619552,-5.444180133053204,0.015742414608929407
2016-08-25,3.9142694463989107,-2.6736180433382457,-5.397946279105699,0.013677352343383372
2016-08-26,3.941254820295237,-2.6676171762968086,-5.448605446809203,0.013388093358396521
2016-08-29,3.8419797258227018,-2.625267050975373,-5.250112988022129,0.019550526749838978
2016-08-30,3.86745318139668,-2.635986565057971,-5.318948399303214,0.015985575512168823
2016-08-31,3.857070769055152,-2.6412670408099026,-5.220638688498667,0.017864247261148967
2016-09-01,3.8148458275148394,-2.6486530824650054,-5.026730792865496,0.02257892019100906
2016-09-02,3.8188629646507355,-2.6700356024120206,-4.970623213926401,0.022938135350350053
2016-09-05,3.874197777822493,-2.6946431719099544,-5.1347683705123375,0.019231449306747656
2016-09-06,3.8864783252630177,-2.684319990534322,-5.212720473488601,0.015382475227945247
2016-09-07,3.8484819421478575,-2.617198945747242,-5.337543718760861,0.015929813106469386
2016-09-08,3.8504061886083134,-2.6216640409147596,-5.444692107271611,0.013274020195691608
2016-09-09,3.90950176769901,-2.6966094060661083,-5.344118727985898,0.01908546207109136
2016-09-12,3.979338038663139,-2.811560384477158,-5.224204210329285,0.014762593890760185
2016-09-13,4.036762196261111,-2.844199079789177,-5.405500616810494,0.01418945710080636
2016-09-14,4.028750687248964,-2.8784981595003263,-5.2720014529457755,0.01822658170583598
2016-09-15,4.101983565730596,-2.902165368424942,-5.514560643706757,0.01655942860223902
2016-09-16,4.0788665779576405,-2.9341488297147054,-5.460503309751968,0.013930040657990828
2016-09-19,3.999044230442304,-2.7754021673489975,-5.81081220192474,0.014747773747969931
2016-09-20,3.934780488903842,-2.789933044540947,-5.43119088158974,0.015709926285729637
2016-09-21,3.9222269153395204,-2.7217167328513607,-5.433425205414786,0.020642335039835674
2016-09-22,3.9000088460824878,-2.6711327486954466,-5.438356525668467,0.018746039861021004
2016-09-23,3.953733708779917,-2.6648262599271972,-5.6222701135568505,0.01672696420838801
2016-09-26,3.9432690283437,-2.6353144829180173,-5.701148576977233,0.017441506483893095
2016-09-27,3.9373929949880306,-2.6085714179638297,-5.704971812165399,0.01730999669692945
2016-09-28,3.956178226918809,-2.652011713967784,-5.623047501120878,0.01441251961535107
2016-09-29,3.9858942998828955,-2.684401440781071,-5.6397641493370525,0.015266983633504027
2016-09-30,4.004816446041511,-2.7126873002962077,-5.595781933081959,0.011052866416516545
2016-10-03,4.0247395902063925,-2.7090473361726968,-5.686236814222188,0.009980446184067434
2016-10-04,4.01584418898178,-2.6985832250118267,-5.692379711213726,0.009266342518327345
2016-10-05,4.040429805915631,-2.7515476699945784,-5.639808086662653,0.0158727150985143
2016-10-06,4.042976198948047,-2.7821079946563754,-5.514213389288506,0.015211018336571552
2016-10-07,4.140149397074705,-2.916093271981745,-5.454125119778733,0.015963856859382633
2016-10-10,4.113188895683814,-2.9028692007793238,-5.418811823149406,0.017159635866218704
2016-10-11,4.112277341742456,-2.9183356680667973,-5.3667200769259455,0.014640659293887975
2016-10-12,4.141639189820101,-2.9546670340895753,-5.315680946702189,0.015365030075200405
2016-10-13,4.1640491427635,-2.993737840469239,-5.325583474310515,0.01715389755673801
2016-10-14,4.128484691342302,-2.998320127083689,-5.201013724232315,0.015174699080637996
2016-10-15,4.138223419840621,-2.973008210934999,-5.281352018975593,0.015051525479866748
2016-10-17,4.072971279069674,-2.9694954085712504,-5.021335429943156,0.023358465851747067
2016-10-18,4.096554327254542,-2.924076164436727,-5.456256174717939,0.013215385554895235
2016-10-19,4.054276319266074,-2.917497098675069,-5.386456097964171,0.013122859212744349
2016-10-20,4.020917501889188,-2.911057000781038,-5.344166061958053,0.011013627980613129
2016-10-21,4.08160721708618,-2.8939115570439276,-5.671248710045563,0.010070970190312292
2016-10-24,4.042150867090937,-2.865303122530639,-5.592967935983832,0.012679021185431518
2016-10-25,4.004222306001015,-2.832268684598476,-5.530979910292415,0.016151419430929573
2016-10-26,4.054523536837135,-2.8906772043425883,-5.5917607131118165,0.014239514911040906
2016-10-27,4.105164431319987,-3.0624058536779537,-5.2673538798144675,0.015489797714108028
2016-10-28,4.258017028578597,-3.2536233200635913,-5.19501754365312,0.012004215350356673
2016-11-02,4.257169022412093,-3.200771013397691,-5.403975784493384,0.009083604502400295
2016-11-03,4.276283069514317,-3.1987515583579142,-5.485240713356412,0.0076717243365260635
2016-11-04,4.302917842540408,-3.1848113458863287,-5.649616889912906,0.012385288256916628
2016-11-07,4.3279649678001375,-3.2142867570966476,-5.673864213523011,0.012192251597150318
2016-11-08,4.3226927783811755,-3.2295727918874495,-5.5659837908134975,0.009459146004347512
2016-11-09,4.327314878178891,-3.264182314242517,-5.516823343039547,0.011323295523364198
2016-11-10,4.529499626678356,-3.5200888751937778,-5.303759412896678,0.01492025283759796
2016-11-11,4.79322583737109,-3.7782070628584106,-5.423398079091519,0.011185426027577387
2016-11-14,4.959581006854525,-3.985161402983966,-5.347731376107957,0.013883767051621618
2016-11-15,4.932725907376188,-3.959134490788396,-5.485052670887228,0.009429028747441169
2016-11-16,5.064111436674652,-4.112379236939355,-5.529033688561837,0.009744139769645844
2016-11-17,4.993280215727642,-4.144798920479653,-5.323519780996676,0.017468213608614478
2016-11-18,5.190365464430637,-4.310183165826209,-5.474085448986126,0.011097285423563601
2016-11-21,5.163861191001028,-4.2574233385397235,-5.639524573861112,0.008106776552266557
2016-11-22,5.07041482800792,-4.168211152152599,-5.752061910482799,0.009056672510272139
2016-11-23,5.066282727925091,-4.222375815906592,-5.68846148694043,0.016025115134870194
2016-11-24,5.115414953415239,-4.345394621775833,-5.713153683291885,0.009173487480516867
2016-11-25,5.111266803107889,-4.407529150599878,-5.72956193899819,0.013243676869405356
2016-11-28,5.055229323847919,-4.322520924676601,-5.907175170951666,0.013817814351772066
2016-11-29,4.98316681669604,-4.243047352428865,-5.850487020139502,0.012283036107582728
2016-11-30,5.026860397434936,-4.308540388059064,-5.796538671704695,0.010998595411876456
2016-12-01,5.235917884971043,-4.466944269010002,-6.004536192358542,0.01179948831468806
2016-12-02,5.590941926977991,-4.846655506695676,-6.354709338997952,0.016191262614830657
2016-12-05,5.2989728330501045,-4.707816663625581,-5.707872308222125,0.01896106866505113
2016-12-06,5.201252009164251,-4.549006711740099,-5.974204455365644,0.02063184675944073
2016-12-07,5.162189248342019,-4.486630071509364,-6.098245310741286,0.01882837091522899
2016-12-08,5.129562856762601,-4.401324746687614,-6.1476642884287305,0.015678381459826835
2016-12-09,5.182524330863345,-4.469190732279333,-6.250484683668798,0.018016634279933535
2016-12-12,5.168785623165018,-4.466820256203055,-6.154339292785275,0.02035792747572587
2016-12-13,5.1144944777737775,-4.3890210139708445,-6.238999851226684,0.017474031345001462
2016-12-14,5.178068492148761,-4.374048412567726,-6.577564206178013,0.010010004083721916
2016-12-15,5.1862989029662865,-4.480492087648388,-6.184026555495935,0.015948900417145258
2016-12-16,5.171039901019528,-4.399665836360888,-6.528633541239052,0.015319146680767034
2016-12-19,5.145298352070854,-4.388512264887426,-6.480711253504292,0.013016304089025597
2016-12-20,5.087172243745936,-4.267830512581759,-6.669317197894973,0.010034857075684921
2016-12-21,5.0917119077739015,-4.3054991928992035,-6.62579691283867,0.011417528605156324
2016-12-22,5.07412927112731,-4.241493713151093,-6.743914415254104,0.011910597664283614
2016-12-23,5.075559063523833,-4.247168782315502,-6.730156869245042,0.013302424586995277
2016-12-27,5.063644998550252,-4.247253596697399,-6.683513534257169,0.011098192347237294
2016-12-28,5.062719927123188,-4.242709635976641,-6.6904107926345695,0.011649508043481268
2016-12-29,5.056950929120532,-4.219464344399464,-6.735433717946135,0.015534188827219762
2016-12-30,5.037681835673344,-4.18278758203492,-6.762519858847918,0.013144549326449371
2017-01-02,5.029160830791287,-4.19280609382717,-6.692613618146441,0.013095334719233132
2017-01-03,5.136956877136365,-4.320876289603798,-6.622721720558416,0.015346071978978608
2017-01-04,5.245188392408169,-4.472800689608022,-6.5215433734968995,0.015891517868397497
2017-01-05,5.2136993528966045,-4.467751392845178,-6.548307809893077,0.012246411010457554
2017-01-06,5.202755499699729,-4.518461910888095,-6.282397011994273,0.015379452036704658
2017-01-09,5.5065389193277205,-4.851590919177148,-6.24123142096902,0.012784001879055517
2017-01-10,5.47432428692205,-4.766167805992666,-6.189512670685949,0.007714468964907588
2017-01-11,5.307036583785396,-4.539491513196891,-6.2349587625634255,0.012823374480063454
2017-01-12,5.249273325188641,-4.497541671819979,-6.307942634101619,0.01009892821742325
2017-01-13,5.306861450885731,-4.59033541774247,-6.213187772783902,0.012010550499594671
2017-01-16,5.365045576949271,-4.656628696870702,-6.257175895011672,0.010762330420293132
2017-01-17,5.302156730680985,-4.611725949867015,-6.162057889980555,0.010522970693786843
2017-01-18,5.316642098288898,-4.671195427387918,-5.982009288325443,0.011374171880784717
2017-01-19,5.360315333653127,-4.738435658228616,-5.900461332153707,0.013349067560904143
2017-01-20,5.346616928915723,-4.792165994511005,-5.743391963059522,0.013598052345523392
2017-01-23,5.3490666221721,-4.783328629722968,-5.823277870554561,0.010566797879754408
2017-01-24,5.326628307166404,-4.809906391352657,-5.812092087698754,0.01030424091907746
2017-01-25,5.407424934401551,-4.929805879832389,-5.698995093071341,0.0140986483434699
2017-01-26,5.404338361462434,-4.920780611176578,-5.7930463997614,0.014678959276269986
2017-01-27,5.352365206549056,-4.872872859696238,-5.766441607748157,0.016042637917639286
2017-01-30,5.3442070072096906,-4.869028277876455,-5.744028988564469,0.013638599810570714
2017-01-31,5.386474953372567,-4.896267951870629,-5.806989590717575,0.01709810070593933
2017-02-01,5.382730276022397,-4.930535803724415,-5.6547046848686575,0.013708993659552705
2017-02-02,5.368938203045731,-4.864391837776279,-5.794445362907152,0.016493199928250612
2017-02-03,5.38972538150203,-4.735032112674685,-5.960157651062913,0.014515966864845211
2017-02-06,5.290589398536207,-4.628104488475274,-5.925001760822333,0.013071087777141242
2017-02-07,5.349702088018763,-4.759210002444717,-5.663946462379904,0.012560777337613937
2017-02-08,5.3919030257123355,-4.770051925459811,-5.616892550750244,0.011117332775478413
2017-02-09,5.298449205321695,-4.606446685868756,-5.7830073533665,0.01165646403583542
2017-02-10,5.246952212187908,-4.611655488706056,-5.48880130325117,0.012727619147891995
2017-02-13,5.271770901646387,-4.6126963154851826,-5.580552067989834,0.012996279832721358
2017-02-14,5.291625527960265,-4.619677492382998,-5.501857903954144,0.018957755848743027
2017-02-15,5.319762057650285,-4.598745357487085,-5.5727820658103715,0.021628236491292564
2017-02-16,5.317746705711397,-4.5957403801843615,-5.491434929992376,0.022160849525717563
2017-02-17,5.2889611969440935,-4.5757079046622735,-5.51266200952718,0.020298407317122864
2017-02-20,5.317204972237526,-4.551699323649959,-5.563872702285434,0.022943569453997874
2017-02-21,5.296177229297256,-4.56580339893434,-5.467274924153666,0.022725195930304105
2017-02-22,5.307258275139112,-4.630977812626726,-5.474598271377357,0.021415199363418583
2017-02-23,5.299667811987533,-4.624999480221594,-5.564145082210914,0.024800414143396447
2017-02-24,5.215319362940367,-4.586563660662711,-5.382440537644374,0.021457307394114212
2017-02-27,5.196898074024477,-4.549787244802311,-5.487521590454797,0.022745042833063157
2017-02-28,5.127102802846724,-4.494704165024477,-5.40232779625513,0.019930521128377125
2017-03-01,5.169811438403124,-4.521506744029011,-5.332810223563029,0.020143225175469487
2017-03-02,5.212893142983532,-4.554059636481062,-5.337572520675026,0.022912032070152737
2017-03-03,5.205655446015359,-4.5832329141849995,-5.346264154641654,0.018234841415276704
2017-03-06,5.202750641888913,-4.602371515799186,-5.4156343960874285,0.018299750513691832
2017-03-07,5.1758000390326595,-4.608110388779747,-5.33711896433576,0.015878209675921517
2017-03-08,5.270949560284178,-4.707366048762429,-5.297478753835219,0.012798443737436039
2017-03-09,5.394389345491282,-4.868168548964836,-5.274019192295159,0.008731032737681839
2017-03-10,5.538895818249383,-5.0435629369369614,-5.250120555502581,0.010238684252068642
2017-03-13,5.471374043346642,-4.963982333927136,-5.211323705649889,0.012778927284930469
2017-03-14,5.480153863017852,-4.976270341293487,-5.216132687690071,0.008094578391554584
2017-03-16,5.450660723222336,-4.979671480903716,-5.081583270818323,0.011947846485886822
2017-03-17,5.4791790068841895,-5.024603766769834,-5.109904761875457,0.008347545230391442
2017-03-20,5.468364949163822,-5.014344273305236,-5.228915159190909,0.009603788426972168
2017-03-21,5.429513944678681,-5.016246229463538,-5.131111327278153,0.009740241601416367
2017-03-22,5.378712178392039,-4.94908758830307,-5.266334690565891,0.0056453335009076675
2017-03-23,5.31562771831019,-4.867344006184866,-5.283665947783916,0.008096858614645035
2017-03-24,5.303502976498529,-4.821099955140264,-5.434928404383418,0.010396634002352079
2017-03-27,5.165677261529021,-4.705107749736051,-5.447164738084028,0.01172603744536847
2017-03-28,5.190494449414106,-4.717667285588581,-5.446734902776032,0.010028614689575225
2017-03-29,5.237857448400483,-4.867626733041547,-5.561674207333607,0.01050276606443101
2017-03-30,5.183583421034684,-4.8273867131248815,-5.599522404925554,0.006366798409091197
2017-03-31,5.237219587661482,-4.873027398020905,-5.714173567797128,0.007626970542238116
2017-04-03,5.183774778235546,-4.849391324174166,-5.722729741441673,0.007553813431804928
2017-04-04,5.2470856870245255,-4.86463563260149,-5.857822819002104,0.0070076987462767285
2017-04-05,5.24846527861947,-4.8781389491782035,-5.810584372026267,0.007391500839831926
2017-04-06,5.243363353741469,-4.866108703219669,-5.82328854289834,0.008774443593511785
2017-04-07,5.278185925673765,-4.926100265880229,-5.704092514635303,0.009579789212614908
2017-04-10,5.212619257281364,-4.892205847776556,-5.627798540010031,0.008097487607385918
2017-04-11,5.197670540536322,-4.892203710090817,-5.608481641238221,0.008561315850192569
2017-04-12,5.195525288780467,-4.899947756736409,-5.620187881655802,0.005582764205156757
2017-04-13,5.175712724970065,-4.871615186109944,-5.611077125422752,0.005334157895298367
2017-04-18,5.150787481524564,-4.830271659454517,-5.626778117176628,0.006721224774101456
2017-04-19,5.129172857366502,-4.757875499480126,-5.710063360013971,0.0055423508672392974
2017-04-20,5.155371781115895,-4.830253871767647,-5.449498954410633,0.007083797363222947
2017-04-21,5.178274857067959,-4.809848889079985,-5.51338055305914,0.006047533438032969
2017-04-24,5.246526782690433,-4.881874679574542,-5.492066728107302,0.0038453631032844527
2017-04-25,5.225305475903187,-4.843163623056267,-5.631769374792865,0.005962819787274871
2017-04-26,5.236620317989711,-4.849670631740211,-5.55595309312691,0.0057501439148410554
2017-04-27,5.177232363546344,-4.771154811184193,-5.699894391503149,0.005875046154808726
2017-04-28,5.168551237034657,-4.749432073933554,-5.727666997157486,0.010276576933339021
2017-05-02,5.187035773885576,-4.8047235067601335,-5.55898317899053,0.0068914018998244755
2017-05-03,5.155096445591854,-4.715260216011316,-5.54646972848279,0.006153862925082021
2017-05-04,5.1259089497450505,-4.659943596935525,-5.5314404941444835,0.005497572962446837
2017-05-05,5.088739918559413,-4.587160508546183,-5.533297791208931,0.008715691563864961
2017-05-08,5.021973001046712,-4.548413760749049,-5.424258292444295,0.005453745734044891
2017-05-09,5.036830011581062,-4.557767774032016,-5.443090233839145,0.008067678663896833
2017-05-10,5.040120912134224,-4.563234604230023,-5.518548250207497,0.012370608811504383
2017-05-11,5.0012332451436725,-4.603755725791222,-5.5318109127141835,0.011380031982469582
2017-05-12,5.020028758394152,-4.662678080877399,-5.578827951714564,0.006967738520330607
2017-05-15,4.9617392048020434,-4.6070811657574975,-5.507397921333937,0.008767091499825455
2017-05-16,4.945720134595493,-4.558390323554699,-5.615261736237534,0.007961146985516903
2017-05-17,4.95262806888666,-4.5415517643284415,-5.66447205679922,0.0072815316182859
2017-05-18,4.905812826691073,-4.466560088279803,-5.727879882814126,0.008259411850534085
2017-05-19,4.9116353072368595,-4.548819626058541,-5.479104855397913,0.006471247469414592
2017-05-22,4.859606244993838,-4.5166870470378795,-5.481357553697517,0.006250160125793744
2017-05-23,4.878041968190322,-4.495422484392748,-5.546860622629511,0.00609518221047524
2017-05-24,4.903514713400824,-4.500192073375518,-5.670945415330756,0.009818879544257888
2017-05-25,4.879951459073695,-4.479766080122109,-5.716712463224534,0.008484814143203163
2017-05-26,4.860130986422019,-4.464758008240483,-5.7297526185934675,0.008251667028492653
2017-05-29,4.857173405120177,-4.463508942494954,-5.7272174162322145,0.009103952530487775
2017-05-30,4.8537524772804534,-4.459080801390329,-5.724193265830724,0.01103724917015053
2017-05-31,4.876359347399808,-4.453249449030351,-5.846227813547666,0.00978574151281316
2017-06-01,4.854476985688808,-4.473730110065858,-5.725879510617566,0.0056382211656804794
2017-06-02,4.932624943561032,-4.518499542893368,-5.855930326397151,0.008514567822871261
2017-06-06,4.843946855004352,-4.431080889787973,-5.828173259716835,0.008543068689386518
2017-06-07,4.8600913314478165,-4.43011212008656,-5.882038853397898,0.007574803014799159
2017-06-08,4.823954786311931,-4.446110486531718,-5.6845130243307835,0.006759392502755644
2017-06-09,4.839805376705907,-4.403569689130402,-5.829297344819297,0.01081280668147779
2017-06-12,4.812114387631159,-4.412525847458628,-5.7394145494888695,0.008508923349158167
2017-06-13,4.840006741378635,-4.375486923240976,-5.965373969022979,0.01097021086881905
2017-06-14,4.8151873083099845,-4.3407304208407576,-5.982046679913546,0.009957965572169587
2017-06-15,4.762326282830458,-4.257272784609247,-6.024170499941902,0.008051887846109803
2017-06-16,4.85479310596848,-4.36540512375173,-6.0101493346026125,0.006433420078839954
2017-06-19,4.881091209239127,-4.358867185913655,-6.151226127801236,0.006644906415953617
2017-06-20,4.829223970825864,-4.340574137645189,-6.090323681621437,0.008035145909381012
2017-06-21,4.825349660290452,-4.3477136144401936,-6.10330384006647,0.007058282494736716
2017-06-22,4.73989661506714,-4.25709549084793,-6.114332950895054,0.004408085283318537
2017-06-23,4.75285257782581,-4.270919858352234,-6.1685844018607146,0.008119180865911147
2017-06-26,4.734244443422513,-4.243215420436194,-6.173861250561816,0.006918321365010406
2017-06-27,4.704611406960437,-4.199874777928098,-6.177790649697703,0.006935740924925834
2017-06-28,4.882484511138206,-4.401498104208305,-6.0203878467078065,0.0072667378898538006
2017-06-29,4.9133092612389175,-4.428243306848234,-6.0358815102914445,0.005761908700689782
2017-06-30,4.978180842538339,-4.5075589725110285,-6.032795133267838,0.0060548354731515585
2017-07-03,4.929208765120153,-4.473190654451441,-6.014915240203037,0.005100807951717559
2017-07-04,4.942859151567771,-4.468693182218887,-6.092841655293359,0.005380022387583363
2017-07-05,4.971376297757432,-4.493098494329421,-6.1455000261024,0.0053601419595494535
2017-07-06,5.021791251530898,-4.523794563979963,-6.206579981487164,0.0033380366920992455
2017-07-07,5.170775252415741,-4.695603655610679,-6.1985549707984715,0.007569059648198048
2017-07-10,5.1563941722649576,-4.667557255520115,-6.231505807971671,0.00917098584368718
2017-07-11,5.0943162067780765,-4.639128252453888,-6.082379481728594,0.009698457605646752
2017-07-12,5.058835114165016,-4.574279927942567,-6.181599207638642,0.008336765425113897
2017-07-13,4.983288117547451,-4.470816713399835,-6.20838623667286,0.008792069374509093
2017-07-14,4.983537063292893,-4.44526320014083,-6.280439011726217,0.009986113415235727
2017-07-17,4.989896147968676,-4.448360656822973,-6.31826703157893,0.007582730589866986
2017-07-18,4.962874665347376,-4.42860193467589,-6.239486881334749,0.005114850851670683
2017-07-19,4.915973847197723,-4.381463421459347,-6.274096633775094,0.006789999774613619
2017-07-20,4.990783918941298,-4.458000029754679,-6.189846725465073,0.005901010015443601
2017-07-21,4.9773055302047595,-4.403770948569346,-6.319661228353567,0.005254413105406331
2017-07-24,4.969605502111065,-4.39602751736172,-6.365344664239874,0.0073821404973564075
2017-07-25,4.948119587925127,-4.414030442033949,-6.200650831038114,0.005111436463013125
2017-07-26,5.027181735578866,-4.467313579458202,-6.307034259788922,0.00614322646983418
2017-07-27,4.956883460289783,-4.437051951361606,-6.1747611999667855,0.004980938113993912
2017-07-28,5.016745528251035,-4.456889931876769,-6.2148215638514674,0.004118253954309164
2017-07-31,5.094813255065268,-4.528395038495314,-6.275216813392309,0.009517665824743319
2017-08-01,5.181988466917792,-4.586587247066339,-6.384460444820141,0.009589153865636144
2017-08-02,5.1472781085411405,-4.525902126312608,-6.444821094255397,0.010733588494087525
2017-08-03,5.108755966186891,-4.515393664349275,-6.39925173330582,0.0105130450881242
2017-08-04,5.097419709089646,-4.477514547350532,-6.47689564433449,0.009102559622976954
2017-08-07,5.093348691628671,-4.522981963391781,-6.316830623449527,0.00962403379629161
2017-08-08,5.082620209862374,-4.484869307095089,-6.46463909433954,0.010039081386679985
2017-08-09,5.08435862864633,-4.493722836180615,-6.393980820066846,0.010269239741614289
2017-08-10,5.095712275571207,-4.50170786632134,-6.415428773777856,0.011059785045861978
2017-08-11,5.074079598181483,-4.4863052010272355,-6.343916764351313,0.009858604664238524
2017-08-14,5.039728128611279,-4.497873904120001,-6.18143956241477,0.005378314185558311
2017-08-15,5.060609876554383,-4.496321575133748,-6.254693624878026,0.007775227246470234
2017-08-16,5.076234008617572,-4.520471261699425,-6.250309871639226,0.00788486086991532
2017-08-17,5.117421145392022,-4.54784990356122,-6.340780514539969,0.009595165732839143
2017-08-18,5.095143137403558,-4.541270837799566,-6.270980437786206,0.008378099338074612
2017-08-21,4.973915223529356,-4.4644353383500555,-6.0679944533241885,0.007430999064872874
2017-08-22,5.00514971518956,-4.469680523984286,-6.181902662704579,0.008975400186459101
2017-08-23,4.9993504580350185,-4.480874559037181,-6.131469357510357,0.008020696578033715
2017-08-24,4.90476574928086,-4.4093848871958246,-6.187574114877178,0.012182114596031876
2017-08-25,4.82480721776822,-4.362743097101603,-6.124305654669602,0.006485714828213438
2017-08-28,4.870138052586294,-4.396563972720392,-6.2175373624408765,0.007175357372238761
2017-08-29,4.846380633384907,-4.33491725638168,-6.2972878096138345,0.007439703492246705
2017-08-30,4.904955240471381,-4.409123508572919,-6.217107527132884,0.006764280930213602
2017-08-31,4.910108503623151,-4.433852480874738,-6.21354737747568,0.006713030146024694
2017-09-01,4.896569448534464,-4.436470529762508,-6.213466567520779,0.00765405489547558
2017-09-04,4.966848281925796,-4.479843800894209,-6.414310624137528,0.013108493356683404
2017-09-05,4.98930441528272,-4.50884401566711,-6.464661950285825,0.016581240590773365
2017-09-06,4.940000350582748,-4.466934637869634,-6.439290228895027,0.012001534071897685
2017-09-07,4.982585256784265,-4.4754257824789345,-6.585441417479436,0.013274906389257223
2017-09-08,4.939214824014615,-4.424070180277029,-6.6402930698498,0.012424885731725992
2017-09-11,4.89064026892192,-4.426958749699583,-6.524311589306943,0.011308197618882807
2017-09-12,4.973577000623157,-4.472841464775185,-6.848811077554862,0.012841882645206948
2017-09-13,4.999084516873733,-4.4773490596970795,-6.945039606207944,0.011824799559299055
2017-09-14,4.9818885898223515,-4.447042514567644,-6.977561082311061,0.006992993851258825
2017-09-15,4.920085512352434,-4.369524195152278,-6.947284339068534,0.00749191002782078
2017-09-18,4.947211810756301,-4.416950401152501,-6.916663402502368,0.00734289070023583
2017-09-19,4.95787938399403,-4.440689591364377,-6.890008425864089,0.00641351928061272
2017-09-20,4.936566482756805,-4.363127585490696,-7.117251887561822,0.007846082890720302
2017-09-21,4.9068504097927175,-4.33073785867741,-7.100535239345649,0.006050699462317598
2017-09-22,4.864424853239915,-4.271134426673494,-7.11137260990051,0.009981232529470627
2017-09-25,4.752850386178461,-4.1577409602224105,-6.984321748412292,0.008663754253197323
2017-09-26,4.720907315984483,-4.142804357154459,-6.935728237061211,0.008201985667582347
2017-09-27,4.809305341406714,-4.275335145437611,-6.765527200809962,0.011113543675965811
2017-09-28,4.907191964904787,-4.4057008169266405,-6.6321373728576125,0.010066961182653867
2017-09-29,4.93295016510526,-4.397290114612689,-6.8023680068818635,0.012549511168271672
2017-10-02,4.996313054624682,-4.4980457406016345,-6.632783779841225,0.012468980536850095
2017-10-03,4.96303199915908,-4.443963639461458,-6.795086019613106,0.010135427736863168
2017-10-04,4.9364050363567875,-4.400265580226913,-6.800651307837977,0.013209963503711362
2017-10-05,4.949514907988232,-4.4322591913799485,-6.770888568790738,0.011862890189647866
2017-10-06,4.958248390584596,-4.461997110947519,-6.674257525677151,0.010356610924042048
2017-10-09,4.997063273707829,-4.509050809782167,-6.68629110822468,0.012865508239179327
2017-10-10,5.022891952177747,-4.557927330963924,-6.659030306556869,0.011420182244200225
2017-10-11,4.97090627146253,-4.4801979480945295,-6.834215287012962,0.013480046123582409
2017-10-12,4.952358140007351,-4.42274578792766,-6.913682061033241,0.011094733314247407
2017-10-13,4.880623782023643,-4.387558287652713,-6.765601210217744,0.012709143205759573
2017-10-16,4.926925919092572,-4.382760365332299,-7.031798502841492,0.012181886360933944
2017-10-17,4.831248411425958,-4.28717100493001,-6.960836339121783,0.012577665493690611
2017-10-18,4.8838907785242895,-4.345463089620019,-6.974148874416209,0.012840153430923276
2017-10-19,4.909936977903209,-4.398978188587689,-6.915788597177522,0.012732558092890072
2017-10-20,4.9756888005380056,-4.444214745645936,-6.978982676649939,0.012539803254146605
2017-10-24,4.95916672622012,-4.420345355124371,-7.039767225931049,0.015589633498514015
2017-10-25,4.905943306258544,-4.351754462597993,-7.039960135295801,0.013611731625104269
2017-10-26,4.871769944799558,-4.404536451480673,-6.747620885497679,0.012945544052448273
2017-10-27,4.830051938764815,-4.344838402411595,-6.782660473246015,0.014097360876593384
2017-10-30,4.854761881046491,-4.360474384380527,-6.801944107036,0.012025125610297038
2017-10-31,4.828449346094495,-4.362406885529876,-6.689159744481643,0.011967060385939008
2017-11-02,4.8478585208455325,-4.392884533495519,-6.629525280867174,0.014226671032767653
2017-11-03,4.789737359327214,-4.196202508594435,-7.037480192976796,0.01764085106445568
2017-11-06,4.735441061284794,-4.142780180679429,-6.921522907703131,0.015981641473156567
2017-11-07,4.612559615602158,-4.086692862544452,-6.623516377509551,0.01409842992511135
2017-11-08,4.5281587538165455,-4.061654074371457,-6.371399713349731,0.014845942222175518
2017-11-09,4.348061491379782,-3.872251733060602,-6.1926242283975785,0.014737789615293038
2017-11-10,4.322473574467353,-3.9026752257177386,-5.999990519140189,0.01155451303927865
2017-11-13,4.391396616839175,-3.894848690425991,-6.2455671184046855,0.014366346060976434
2017-11-14,4.393815363485451,-3.996917149136016,-5.8892788939490295,0.011203929016661434
2017-11-15,4.395582686138035,-3.8815938516093924,-6.24317053664174,0.01799591902138706
2017-11-16,4.5092728092074905,-3.9945831902226945,-6.318764314730807,0.022700231485828195
2017-11-17,4.555302108739966,-3.981661269893933,-6.53600361289591,0.026728525034581497
2017-11-20,4.546218837973538,-3.9732727273533954,-6.5204882520896215,0.027762918167228964
2017-11-21,4.40330369226468,-3.9574931455254108,-6.061237270688331,0.015136311303200336
2017-11-22,4.283060182271359,-3.8020217750734715,-6.060616752152939,0.012221069184575403
2017-11-23,4.296177843989439,-3.7573289232807787,-6.229970100757166,0.01965355308105946
2017-11-24,4.299400696268735,-3.677865343589096,-6.4458915435692035,0.027166702122714118
2017-11-27,4.229322408464142,-3.640078117705731,-6.272766313492851,0.02415529873153696
2017-11-28,4.254720349909644,-3.6579901863879054,-6.319643125800041,0.027243677691240066
2017-11-29,4.280099803679102,-3.6889567765732276,-6.264822410596851,0.02287726734024366
2017-11-30,4.181632615787517,-3.7201977506599126,-5.761566186762304,0.012349290736762374
2017-12-01,4.212695445661851,-3.596380058471183,-6.278331601717731,0.02632449225807686
2017-12-04,4.146229938801547,-3.5988783312185104,-5.9688796076151815,0.020491812255218473
2017-12-05,4.116660192063477,-3.6366779487651466,-5.724558934919407,0.012155170233784547
2017-12-06,4.119354072042789,-3.6433590283315227,-5.71774481431156,0.013577764250204877
2017-12-07,4.109970470297704,-3.6147759397846198,-5.731987426181411,0.01675077997310574
2017-12-08,4.124373514366328,-3.628499842905904,-5.674919948140752,0.015242547352553856
2017-12-11,4.197241429386376,-3.635195316547732,-5.942048641255362,0.020696579971691914
2017-12-12,4.183049338992362,-3.644392458371086,-5.861907559218365,0.019645843330216503
2017-12-13,4.197537664746557,-3.669362412345254,-5.809243252947191,0.020037838804510863
2017-12-14,4.151272068585335,-3.604112318482236,-5.799540740097708,0.021017307742584174
2017-12-15,4.093821066045807,-3.539618981707582,-5.734362983318793,0.023485731419768653
2017-12-18,4.091535944515075,-3.5343705731944755,-5.779619385949672,0.023654358304156093
2017-12-19,4.069332740291611,-3.5146490277334164,-5.787027289589965,0.023143330549443748
2017-12-20,4.054734839732343,-3.503083547519532,-5.7903398795152405,0.02641209291124722
2017-12-21,4.021824029546217,-3.4725032974851278,-5.719338515351585,0.023253212253340396
2017-12-22,4.027648313567473,-3.485543986002933,-5.700808548094355,0.021033405165529873
2017-12-27,4.01352850491837,-3.4828095020610585,-5.653421090524272,0.02001210495099947
2017-12-28,4.01352850491837,-3.4828095020610585,-5.653421090524272,0.02001210495099947
2017-12-29,4.01352850491837,-3.4828095020610585,-5.653421090524272,0.02001210495099947
2018-01-02,4.018680630597949,-3.4870115006072915,-5.674197820618973,0.019788249591295402
2018-01-03,3.9993649456765894,-3.4594016797564104,-5.655272452126597,0.02179385935115906
2018-01-04,3.84462926870992,-3.3013158758090104,-5.548840308470745,0.023272769886943327
2018-01-05,3.5307775552326714,-3.0542395138824254,-4.996547861792475,0.01891439510438929
2018-01-08,3.451771314908576,-2.9851812039984873,-4.861306942728826,0.019124857381564126
2018-01-09,3.4916297143600707,-3.033568782960563,-4.829232392649735,0.021976828201273602
2018-01-10,3.5034715150207068,-3.0297242011407817,-4.8068197734660485,0.021796011783453056
2018-01-11,3.4617512894155165,-2.994195862547835,-4.691258584280641,0.023022547983805663
2018-01-12,3.2644926944496353,-2.8630428546140463,-4.1468672351268605,0.025269991560442413
2018-01-15,3.1601191620567177,-2.824885268762828,-3.7481397789984965,0.023459524152082578
2018-01-16,3.1936816727736805,-2.811595586395145,-3.810796206733958,0.031105307342297828
2018-01-17,3.067671552304861,-2.715364337538819,-3.519470634310403,0.03307424486515238
2018-01-18,3.0934086651376504,-2.907070157880098,-3.2446980214206,0.02767481754016817
2018-01-19,3.484412186632231,-3.391805688191793,-3.3331369577016488,0.01513792993340055
2018-01-22,3.709718713339259,-3.6936906635605466,-3.1967070908223314,0.005983957870412557
2018-01-23,3.4275609872989734,-3.3940597563878936,-3.2319537322243304,0.008705637493942701
2018-01-24,3.555973094000804,-3.5974801475000255,-3.155533513900304,0.006067274488597189
2018-01-25,3.626114070829206,-3.5933069123880363,-3.6132192076942413,0.013860580677660718
2018-01-26,3.7760738389582116,-3.7095460998644483,-3.921262285658966,0.005204774794006492
2018-01-29,3.8857741226212816,-3.8704553589982362,-3.623951137213945,0.007313257091888628
2018-01-30,3.8229904304958584,-3.772122568492803,-3.7459466224602367,0.006226202191619814
2018-01-31,3.6828176981160876,-3.6825077863223186,-3.382096844163885,0.008216727111977795
2018-02-01,3.749597788921627,-3.8679342454185406,-2.890318250563807,0.008306553630957827
2018-02-02,3.615298249190764,-3.837903551654243,-2.28067928155197,0.011829642154966043
2018-02-05,3.7902130952153312,-3.8992174136661246,-2.724134864349379,0.02328822995449794
2018-02-06,3.881453950986347,-4.050923683289495,-2.645686793116809,0.020181770933380264
2018-02-07,3.8463725300024723,-4.113693254810293,-2.348701814149865,0.012103714988118462
2018-02-08,3.8906475694561933,-4.143342516102704,-2.5187333529502607,0.019604703974010998
2018-02-09,3.914139143065691,-4.164105726403986,-2.6425297061277258,0.02013057373455308
2018-02-12,3.8371366392877206,-4.0531368895149065,-2.685777611258544,0.02014510804456349
2018-02-13,3.7820053400537867,-4.014085420243808,-2.665221120048281,0.018597689575548217
2018-02-14,3.7309292169860333,-3.980991245638169,-2.686863616085589,0.01789443719424727
2018-02-15,3.784265052634172,-4.00643738452783,-2.8312727516332927,0.019518307264087462
2018-02-16,3.8361442841909272,-4.0221195633117155,-3.0523839886832715,0.020970584710960388
2018-02-19,3.988535426621622,-4.277852698757322,-2.96816126324745,0.014958907392142135
2018-02-20,4.1691208253621745,-4.471116821310781,-3.1393785050095544,0.007959598309188244
2018-02-21,4.133004463975966,-4.394431488099391,-3.247149638193046,0.00899505337626188
2018-02-22,4.144531542517811,-4.38405555958069,-3.3186917679835197,0.009912613446737788
2018-02-23,4.120239811633445,-4.372663142297837,-3.280344665727128,0.010229339757327632
2018-02-26,4.109372451011492,-4.283125159856466,-3.488629493950659,0.009394101552074744
2018-02-27,4.074178946516237,-4.279198986533669,-3.353695597743586,0.009283331151862707
2018-02-28,4.076929871297383,-4.290631867395958,-3.2936871070709794,0.009665395943394313
2018-03-01,4.113237600267427,-4.29672199093793,-3.358673435413463,0.013578223648432065
2018-03-02,4.124252759362014,-4.304489377820238,-3.4039773830174247,0.011364646190161198
2018-03-05,4.0789721253455165,-4.2628402547891495,-3.34422657621292,0.01068485643245049
2018-03-06,4.090685736931599,-4.2867024711942765,-3.317917822875169,0.008997749298624706
2018-03-07,4.104453217958577,-4.327688579300468,-3.2450068503028753,0.009207293216891219
2018-03-08,4.0892381386124645,-4.265872350103085,-3.312227787369787,0.01177287612716357
2018-03-09,4.077904311336067,-4.197249303134805,-3.479559316110827,0.010996770097912086
2018-03-10,4.067239373938492,-4.1974902848071505,-3.43045515949686,0.012046532636858452
2018-03-12,4.068320183326914,-4.197351316939528,-3.4029451187492166,0.009715920014482763
2018-03-13,4.013007820434726,-4.0889396702310075,-3.5837429324032675,0.008031562593419195
2018-03-14,4.041667293111794,-4.129342834490324,-3.5876101049170446,0.00785874504625017
2018-03-19,4.014948598485696,-4.048629973829177,-3.759534088281293,0.010343445212331003
2018-03-20,4.129684545939442,-4.0742420043073775,-4.118555796636368,0.019296830170631562
2018-03-21,4.13608652057224,-4.054078005114844,-4.192179108578305,0.02161779410030608
2018-03-22,4.115730587312826,-4.009971072915859,-4.343524702947361,0.027140998257213184
2018-03-23,4.142710527827494,-4.0696291727018785,-4.258106077356166,0.0208273582628894
2018-03-26,4.129473869101363,-4.027913138880878,-4.3164615882237465,0.023280236141088862
2018-03-27,4.118847270036896,-4.017675170278395,-4.304851905522076,0.02126466653581814
2018-03-28,4.123873748693224,-3.9700353047179955,-4.528761080071886,0.019092258589225093
2018-03-29,4.097195452651496,-3.957684007831866,-4.439975353002459,0.01687044628370841
2018-04-03,4.038058235574302,-3.9908020623217424,-4.094489714636429,0.009215315236672059
2018-04-04,4.075158432646778,-4.040089302480428,-4.071563952143311,0.008119514069028468
2018-04-05,4.120664429652693,-4.0867853619655,-4.103169608004605,0.009810921798002078
2018-04-06,4.128147629768891,-4.111531533690144,-4.069638595973666,0.011243325406962008
2018-04-09,3.998856838072832,-3.9482206921042513,-4.0279581202504495,0.013198310263261325
2018-04-10,3.9927598361764054,-3.9522665233600303,-4.0511956719712465,0.010022425660169691
2018-04-11,4.007014019601287,-3.956748817950377,-4.128373198108254,0.01325492575087049
2018-04-12,3.9813150837730986,-3.9457416110841006,-4.055548970952999,0.01175678990754007
2018-04-13,4.0507046447931465,-3.994094961933061,-4.145917106676196,0.014591182122472261
2018-04-16,4.093236708373526,-4.060951760891183,-4.138582748573157,0.016360051627444586
2018-04-17,4.103793262695496,-4.043260251579648,-4.231737254037007,0.01540758098823632
2018-04-18,4.1015236805574835,-4.044287272547366,-4.256795230192955,0.015084792226202235
2018-04-19,4.1333684736869145,-4.113707744284406,-4.193162870624284,0.015284625288414136
2018-04-20,4.149734491182039,-4.170789489336613,-4.1021951310739935,0.0162911450893067
2018-04-21,4.156392769364287,-4.173554518269538,-4.134602058002477,0.015744302858925797
2018-04-23,4.181642195847182,-4.205559797548245,-4.152215208766142,0.012096162438404338
2018-04-24,4.183532379234551,-4.186267050424232,-4.210438867800064,0.015417354570324813
2018-04-25,4.179412570585449,-4.183532566482358,-4.163051410229981,0.016472419971933237
2018-04-26,4.197622519259226,-4.2010795247385175,-4.200170761482731,0.01668733224584766
2018-04-27,4.160128721561174,-4.126734304679657,-4.252841003216034,0.016163285742513984
2018-05-02,4.188645451655857,-4.106090478005386,-4.385143657250315,0.015747628321423016
2018-05-03,4.2095988043268555,-4.2128244363994645,-4.126012619376107,0.012256038302238075
2018-05-04,4.20878433051151,-4.157515804150065,-4.324667299916796,0.012434230916307756
2018-05-07,4.232606279966507,-4.1750377987801395,-4.160137414439498,0.010368051606152843
2018-05-08,4.25965013756629,-4.181477674051045,-4.2203636346704005,0.010962510501072819
2018-05-09,4.328971211743921,-4.303665753977214,-3.8886001891675455,0.01003049775347311
2018-05-10,4.254542240951123,-4.227493153547478,-3.924092164164128,0.01336928120615644
2018-05-11,4.260201463761263,-4.255547565815572,-3.896119023126667,0.010691855470121763
2018-05-14,4.31324717444936,-4.346766448115508,-3.835730581142149,0.010589103596561825
2018-05-15,4.353532379531029,-4.46838111862011,-3.547650199329025,0.016481679187642446
2018-05-16,4.408188724642626,-4.4438378252972415,-3.6318133622220254,0.017766751200730468
2018-05-17,4.413860611107172,-4.418824383090627,-3.4722200839937893,0.013099308476018926
2018-05-18,4.435861269845726,-4.3862028618502835,-3.4696590338821083,0.013288791219327578
2018-05-22,4.491267873366331,-4.424314897132604,-3.3827051979069283,0.008631596042655613
2018-05-23,4.560428409130707,-4.50785086332487,-3.4289400829721766,0.007521653701262071
2018-05-24,4.4617713662744825,-4.436703769096007,-3.514760528170767,0.008260454978587775
2018-05-25,4.431685790320413,-4.464556931928103,-3.4859624545962005,0.01106777091281281
2018-05-28,4.4206418578971745,-4.418173913015875,-3.6097148704480597,0.01010011536884693
2018-05-29,4.416695173417606,-4.407711939540745,-3.635174666211408,0.011558282193666246
2018-05-30,4.4186110674797705,-4.384774952921736,-3.7452194088419413,0.009837685015514517
2018-05-31,4.397860848396623,-4.373769883741203,-3.6917120804584886,0.009996300264827658
2018-06-01,4.412799226479545,-4.417840450141328,-3.643492273119903,0.010931084842499843
2018-06-04,4.415756807781386,-4.419089515886856,-3.6460274754811572,0.012111881249732429
2018-06-05,4.422071160808225,-4.424776932629431,-3.7116564607846887,0.009422686588190605
2018-06-06,4.425134695364825,-4.47422045598369,-3.5804536965836813,0.012157097576816147
2018-06-07,4.486579335537674,-4.529550100621618,-3.4587594367051313,0.014297522325721136
2018-06-08,4.4872034125820495,-4.540998923158273,-3.4259147634796503,0.011338529775708872
2018-06-11,4.611687343887586,-4.5301330444684895,-3.3819812916190632,0.013042092436730011
2018-06-12,4.654960061492602,-4.607470736798206,-2.811365708407207,0.014373334067561114
2018-06-13,4.500502592571579,-4.502758118841915,-2.5461904140295086,0.010315922184858165
2018-06-14,4.678570271546764,-4.640425897541439,-2.3419876040245233,0.01122104414546925
2018-06-15,4.738495483694787,-4.509610889508535,-2.7195133310500457,0.009287294287989802
2018-06-18,4.687194060014366,-4.45596477934401,-2.6226893400166045,0.01026285940018717
2018-06-19,4.735102187149833,-4.434363810538168,-2.7079428487923254,0.010885430986770838
2018-06-20,4.676492083084386,-4.296034121296942,-2.896845143695795,0.012741787912822497
2018-06-21,4.65802041942359,-4.073903210260307,-2.987493717556066,0.011650228460938073
2018-06-22,4.593802932242744,-3.836717246222781,-2.8409750582590614,0.015482814956651459
2018-06-25,4.476620575610583,-3.6639226051551828,-2.836248353102592,0.021457130887228785
2018-06-26,4.508813543401242,-3.768614490315667,-2.8512716519787715,0.01803527117545658
2018-06-27,4.5467931934465575,-3.9746635404220334,-2.850767675457967,0.012747883966562488
2018-06-28,4.65988248012012,-4.150865492551649,-2.7704110914181848,0.009514389478326779
2018-06-29,4.609661038199854,-4.0958897330899715,-2.669192474239892,0.012532124962155401
2018-07-02,4.707942248897042,-4.130696750707715,-2.417516155259962,0.01626329496000072
2018-07-03,4.775043155723144,-3.978886083114313,-2.0885950203936123,0.022356105148140102
2018-07-04,4.608462038424901,-3.9400734596526044,-2.058463343704969,0.023559089849729133
2018-07-05,4.56657756919918,-3.932818355226688,-2.05157085169868,0.020956997839634225
2018-07-06,4.4746106174189935,-3.8986738194166186,-2.0145576643936516,0.01945831942311765
2018-07-09,4.463723556809848,-3.8949843715847408,-2.0877285890873485,0.019765481172073926
2018-07-10,4.464333803925347,-3.9297328889813588,-1.9162178332251807,0.018192274617742598
2018-07-11,4.448329304658596,-3.954104442733944,-1.855447702749561,0.016670187353568348
2018-07-12,4.46998364666333,-3.950238336052043,-1.963655163582994,0.019610161023743355
2018-07-13,4.466449876028324,-3.974377899928378,-1.7851164666007922,0.019761138099777774
2018-07-16,4.486788909441291,-3.952047812830926,-1.9093704476355107,0.017432301789458985
2018-07-17,4.41219396442906,-3.9686292242645513,-1.8411907805580587,0.018084959196047634
2018-07-18,4.38949297090748,-3.963278801946724,-1.9630613805505404,0.01902586235165609
2018-07-19,4.359068962567724,-4.001867643158911,-2.0123263514794143,0.01669950359096752
2018-07-20,4.430988559462157,-4.058145635196551,-2.025901972304799,0.017925003191980916
2018-07-23,4.429057583628393,-4.022265520411055,-2.144301427827217,0.017320379801257633
2018-07-24,4.434738713533972,-4.018117675350545,-2.1976780734680377,0.020590419874132296
2018-07-25,4.361938506168627,-3.983918986054751,-2.086511510427486,0.016470779503679447
2018-07-26,4.3530193155570505,-3.9837800181871295,-2.0590014696798415,0.014226218973263927
2018-07-27,4.2543036436783375,-4.028221001524698,-2.081128497778685,0.01824579557459067
2018-07-30,4.271120826209297,-4.0733966980529495,-2.223107425821827,0.01437082702494609
2018-07-31,4.393780260654403,-4.157173647740347,-2.2790840241805004,0.012573101016484487
2018-08-01,4.404093281490497,-4.196187940325419,-2.213452461506283,0.01338155964738382
2018-08-02,4.442437303510623,-4.22832074196921,-2.193263578981896,0.011368712401940642
2018-08-03,4.508157598904936,-4.25974673551177,-2.210053126163982,0.011407069540435601
2018-08-06,4.491356494122205,-4.228459709836829,-2.220773619729556,0.01377891855517902
2018-08-07,4.4972366854731,-4.225725225894958,-2.173386162159465,0.012197890553446254
2018-08-08,4.546441531294973,-4.19474084802277,-2.0509277145966527,0.013023891473159382
2018-08-09,4.558909931020076,-4.201134234805468,-2.0401247781146408,0.016318736135324002
2018-08-10,4.494942984594016,-4.134373538319675,-1.8607028274584698,0.01758594062413864
2018-08-13,4.501596872660511,-4.13749082903949,-1.5021453477864382,0.014641089386121473
2018-08-14,4.3156016025672645,-4.0282677404624305,-1.3017596138800624,0.014814852571352545
2018-08-15,4.356224829301061,-4.003447952726388,-1.6651810377967329,0.01753126298664284
2018-08-16,4.39525038926238,-4.096830516987537,-1.4793088287569005,0.01527193487907478
2018-08-17,4.427112525259997,-4.103307568944472,-1.6257231028722652,0.01796179837960158
2018-08-21,4.479715237384125,-4.126953765480554,-1.791321872971124,0.017769618536428694
2018-08-22,4.448428262871076,-4.111840456915323,-2.0401408377129364,0.018931789308289933
2018-08-23,4.402238335024882,-4.079756726691737,-2.114803407272482,0.014184135266854563
2018-08-24,4.449741334207877,-4.085803893295702,-2.330037566869912,0.01697130214836011
2018-08-27,4.385264032682122,-4.102174279783996,-2.088731500625083,0.01126166600546026
2018-08-28,4.459382923113844,-4.135502819571687,-2.273813110941534,0.016345365064396985
2018-08-29,4.443709430247347,-4.193779475060916,-2.052381328109587,0.009867785410646295
2018-08-30,4.4797285004538985,-4.242470317263716,-1.944517513205986,0.010229897129952746
2018-08-31,4.470851569244579,-4.181923576113569,-1.8251381782491414,0.011137823458845546
2018-09-03,4.484971377893682,-4.184658060055445,-1.87252563581922,0.012673322851443344
2018-09-04,4.496871620507397,-4.207351119893165,-1.7387122170671294,0.016383859390252227
2018-09-05,4.594377702519516,-4.202159101089372,-1.5346258089725726,0.01914350845182175
2018-09-06,4.555629486812375,-4.1806537775722346,-1.5724509803863638,0.014518140466912313
2018-09-07,4.528988211990018,-4.157560799430899,-1.6599742781777145,0.013262462095762154
2018-09-10,4.556741819821823,-4.2211748991334295,-1.5857136428930518,0.013877060767803385
2018-09-11,4.584321795189876,-4.217934273549051,-1.5634832992854302,0.017706928673628598
2018-09-12,4.683674278857301,-4.3042142581085,-1.624010560524414,0.01096601740130938
2018-09-13,4.683258406866456,-4.304112244303775,-1.7006247578860292,0.012517693659665362
2018-09-14,4.610689042656902,-4.239250113981042,-1.7331516952133594,0.011536220266780545
2018-09-17,4.6533656524698666,-4.301035798187375,-1.6809112887880482,0.011312442223863477
2018-09-18,4.669507115322448,-4.323613230394192,-1.5531855364746965,0.00928719035816874
2018-09-19,4.607003091323506,-4.246486815282123,-1.5053753481497731,0.013785383450588044
2018-09-20,4.575714076881556,-4.235278974417814,-1.4891158647612872,0.013020498354218172
2018-09-21,4.505977778204083,-4.229846960596961,-1.498465187730382,0.013808203936043427
2018-09-24,4.54027671208666,-4.307249460396194,-1.5386633397518015,0.01275452163974665
2018-09-25,4.5554299752384315,-4.331978432698009,-1.535103190094598,0.01164173103278915
2018-09-26,4.597438801737997,-4.379699889761428,-1.4237152925681857,0.014297276403990401
2018-09-27,4.53192516286438,-4.338090081102106,-1.4694694384199676,0.015042811684130637
2018-09-28,4.5695055543274075,-4.379898594302526,-1.3675948115871006,0.016499879168015794
2018-10-01,4.574337655259839,-4.360258640344487,-1.487523992250797,0.016686547565338158
2018-10-02,4.629072506968702,-4.401787845978865,-1.5524260137326953,0.016919892258422112
2018-10-03,4.632704475747709,-4.420499169680999,-1.4740618523453832,0.016846762039243835
2018-10-04,4.760535960323463,-4.520896845173793,-1.567363736282875,0.01904247767377265
2018-10-05,4.80224084675626,-4.53220669984283,-1.5070090223097465,0.01727300246138705
2018-10-08,4.761684292434292,-4.54989820915436,-1.4138545168459045,0.016945387273513104
2018-10-09,4.826388566554452,-4.411882055592288,-1.313537477632319,0.02124195298756516
2018-10-10,4.803921950448335,-4.41770837152158,-1.2452956246305305,0.02514277871314742
2018-10-11,4.847885773827027,-4.497274330658897,-1.1779461938214102,0.022344063835015776
2018-10-12,4.857578875613976,-4.495362251811253,-1.1015950819907592,0.02152492341841135
2018-10-13,4.858473640929708,-4.501296206239992,-1.1101963620519444,0.02528335631007271
2018-10-15,4.811694289814415,-4.462260903089178,-1.15771337397142,0.02287703984636239
2018-10-16,4.826320784060792,-4.532706258108188,-1.0998220917868955,0.02414494270495412
2018-10-17,4.757882815680746,-4.531773854205635,-1.0505618984374736,0.025446547367834558
2018-10-18,4.722344012262572,-4.5519195514149295,-0.948394054501385,0.023505017699095528
2018-10-19,4.72056574833708,-4.612718697706304,-0.6602244878738482,0.027812474789760476
2018-10-24,4.717726109814032,-4.683902745998065,-0.6785282807845017,0.030834029399652744
2018-10-25,4.648612933969745,-4.62227881226993,-0.5705239681194774,0.028374345734455488
2018-10-26,4.588376763934438,-4.542858995116667,-0.6309076437328985,0.030550478824516888
2018-10-29,4.5024479560026185,-4.4330818476085145,-0.7617019875007076,0.030179043714662707
2018-10-30,4.525591359985222,-4.462619133178047,-0.7216356881538993,0.02933902025146161
2018-10-31,4.601904311032197,-4.505735770813498,-0.7547757674830186,0.02806160197611165
2018-11-05,4.6334491006981615,-4.543628233380463,-0.6921221881864872,0.02887239788452247
2018-11-06,4.559606768946739,-4.482735272051583,-0.7987799493090958,0.03083183629636559
2018-11-07,4.545486960297636,-4.480000788109709,-0.7513924917390141,0.02929876708754586
2018-11-08,4.605003492882542,-4.458597257596952,-0.7893855199233636,0.026234236533657165
2018-11-09,4.604031241176937,-4.4118770216368555,-0.7435745347039837,0.02913574095302367
2018-11-10,4.584345252932255,-4.412458443235951,-0.7048691671499844,0.028268779245025178
2018-11-12,4.588465061581356,-4.4151929271778245,-0.7522566247200618,0.02988204385092825
2018-11-13,4.6022024578889305,-4.423207886871628,-0.7013343714856045,0.03061119076377849
2018-11-14,4.5784137233075874,-4.40249420083454,-0.7431126035052036,0.03196944745147086
2018-11-15,4.488215580079651,-4.370486783870093,-0.7061825539697268,0.03221882812526529
2018-11-16,4.473589811772176,-4.364426859961946,-0.6832080877798907,0.03473367239715275
2018-11-19,4.4106322304703385,-4.363177794216413,-0.6806728854186452,0.03385178289826265
2018-11-20,4.359526511479996,-4.334322794843031,-0.8092801654351233,0.0331412519691445
2018-11-21,4.356565974631119,-4.304926837449989,-0.8782372200766091,0.03385834141193354
2018-11-22,4.278742304624847,-4.22907465303655,-1.0703450078280994,0.03197082079337919
2018-11-23,4.311055293903783,-4.228817505243925,-1.0513756613123215,0.0315044553648205
2018-11-26,4.305086656390553,-4.148704201048751,-1.3637269170017148,0.029189988601947943
2018-11-27,4.264893730030478,-4.106577065910523,-1.5268732394930515,0.024220417347080855
2018-11-28,4.24186862860548,-4.0135412531225505,-1.8492137682078074,0.02154539132214516
2018-11-29,4.229980875038955,-4.002090070277025,-1.8806777268862556,0.022226323351027318
2018-11-30,4.258321941512047,-4.006075980273299,-1.9319811013646127,0.02307492474786446
2018-12-01,4.2549911013398445,-4.004871265330232,-1.9811581569444734,0.020898489591776984
2018-12-03,4.263456909255734,-4.016577851097481,-2.0246725065386495,0.020922282184962684
2018-12-04,4.266933034061626,-3.999280894642597,-2.0540885480474564,0.021123439637425703
2018-12-05,4.258095261408888,-4.000766312838939,-2.0989408032562866,0.021406497242426388
2018-12-06,4.2906391149892436,-4.048228884638026,-1.9651940796596337,0.020448633726955875
2018-12-07,4.235353906882539,-3.9910081717181947,-2.028651778462276,0.021881559373936786
2018-12-10,4.274083508320199,-4.026815819699964,-2.036282189240316,0.022289934672749413
2018-12-11,4.244622584234752,-3.9826357952979374,-2.0812099207857346,0.022395469311304858
2018-12-12,4.232501753109266,-3.979062741964339,-2.0535584842538714,0.021062980290893624
2018-12-13,4.221105909158881,-4.0159804860012285,-1.9773681867381303,0.020088696084616105
2018-12-14,4.22434396986488,-4.02026729892936,-1.9515015818449506,0.01848603206837538
2018-12-15,4.1990222712607315,-4.000002435139769,-1.8978785455632257,0.021879209314100426
2018-12-17,4.167361726122804,-3.990105326151401,-1.8000794800215765,0.019419197412379706
2018-12-18,4.185965466077441,-3.981973931403492,-1.8035334657310604,0.020696187872851553
2018-12-19,4.172439087105363,-3.8537081380595213,-1.8761974123706973,0.022007391732557037
2018-12-20,4.128793672529893,-3.7479130179909954,-2.0949871936019093,0.02299979047386211
2018-12-21,3.9107780003769492,-3.4209329693102886,-2.3515548009951703,0.02447636289997819
2018-12-27,3.7670897663377394,-3.1628945554690144,-2.4768343390009138,0.02793748130400429
2018-12-28,3.7412505003160397,-3.0757878209027205,-2.658435540783172,0.02833825360462955
2019-01-02,3.617303779603367,-2.9820694114244928,-2.4529476189417356,0.028540383858374666
2019-01-03,3.5235273002150285,-2.8446378056253385,-2.5564195553030338,0.03358812548502449
2019-01-04,3.526115786988285,-2.9697798263036077,-2.3535594907734105,0.035858537357428166
2019-01-07,3.7286746549937795,-3.269576830689855,-2.0037491914278056,0.036171831016874594
2019-01-08,3.7862570161189577,-3.422010595215466,-1.7182491183925634,0.03236223935619047
2019-01-09,3.825157828914487,-3.501765269107729,-1.8260481293033664,0.031475768690939855
2019-01-10,3.8290537134757963,-3.5071417576120565,-1.9643421604088107,0.030932169842804117
2019-01-11,3.837796339919665,-3.531834762506271,-2.020989347092016,0.027104376467947295
2019-01-14,3.8556100260006754,-3.4952159096235564,-2.3844155373797995,0.027131228691723446
2019-01-15,3.6366715743889433,-3.215837456116322,-2.6673983855842636,0.021842844460292166
2019-01-16,3.7147038705780555,-3.3921310767381905,-2.3542088446642433,0.019178025858675816
2019-01-17,3.6618912663665433,-3.134726958199622,-2.148314251666265,0.026731918528563787
2019-01-18,3.7460023472631163,-3.1875554955996543,-1.962779196214309,0.029885557663446697
2019-01-21,3.615775076988303,-3.056378308715578,-2.0279381553459475,0.034385701985036786
2019-01-22,3.574874789451804,-3.1844057126234286,-1.4308272295113484,0.02483422348367836
2019-01-23,3.5229328567300238,-3.1899960833110623,-1.3578968384083716,0.024407367649949774
2019-01-24,3.5053069185931296,-3.1931105167929044,-1.3836901801121315,0.029987470734136254
2019-01-25,3.4778843673971114,-3.127208608198271,-1.5834188346911129,0.03176668762798702
2019-01-28,3.5371665125394434,-3.2791362310813748,-1.3230758756183327,0.03311103815776877
2019-01-29,3.517586362883973,-3.270024938765248,-1.3173751270713785,0.03564245465955023
2019-01-30,3.5597111046956336,-3.3162689898098496,-1.166112670471876,0.031233621515732234
2019-01-31,3.4715878202928825,-3.1366762433824777,-1.5372374309020274,0.028517885735036712
2019-02-01,3.480527036397519,-3.12780055270075,-1.7347958300978585,0.026586801101419883
2019-02-04,3.496831260393391,-3.228868638035224,-1.849501643336606,0.022754514324708364
2019-02-05,3.518547654817117,-3.274683668119659,-1.665359615568262,0.020798106902478266
2019-02-06,3.37243098930997,-3.184569257180118,-1.488470018834413,0.015985658478028686
2019-02-07,3.397995433097587,-3.1985878970682196,-1.4993702106053675,0.022224710621808478
2019-02-08,3.3662254304193766,-3.1973360181698274,-1.3843533955351894,0.01733874342351833
2019-02-11,3.4112881214524893,-3.26381500345094,-1.3590841821628883,0.012764101462554711
2019-02-12,3.557589214592685,-3.3931885343639436,-1.2600646825898478,0.012691071199390837
2019-02-13,3.5502266195600725,-3.2675903141719433,-1.4982224044716337,0.014995784826994768
2019-02-14,3.474522688255942,-3.2323416833590737,-1.231811986188795,0.016420001639822858
2019-02-15,3.464475333370189,-3.254475139586641,-1.2083744197091548,0.016902066952692897
2019-02-18,3.5099297831726126,-3.2450176270917788,-1.4287107672416501,0.017602049256951822
2019-02-19,3.4599842516006314,-3.221553513615662,-1.3370918543366481,0.015384123301246732
2019-02-20,3.4629130595738187,-3.1841869473312774,-1.508683420153714,0.014321945037179887
2019-02-21,3.446610800907191,-3.157556018871157,-1.6100474017236803,0.014059297803206776
2019-02-22,3.462791806999231,-3.168180915888593,-1.7030850301982425,0.013664785321380749
2019-02-25,3.4529388248416377,-3.194991114255819,-1.563219293113204,0.008727822762289438
2019-02-26,3.4762523898131565,-3.2072549451471395,-1.5538229457952983,0.013770982022981743
2019-02-27,3.4548306191385945,-3.1817239918755824,-1.4560571452354663,0.01410970632811586
2019-02-28,3.4580642853959334,-3.1501749721397636,-1.4389213747528713,0.011835431962970239
2019-03-01,3.556910229260504,-3.1628910322718946,-1.5356110857635883,0.02383267651545508
2019-03-04,3.533212004164648,-3.196357125779069,-1.264064045472846,0.019025144927526695
2019-03-05,3.4919478412807705,-3.26583634571151,-0.8936237198183711,0.017114118280677694
2019-03-06,3.4508890610812033,-3.1697987513257617,-1.1253128495397238,0.018171099820138488
2019-03-07,3.4550750583796495,-3.1722401218901832,-1.2727841668418551,0.01803922212238754
2019-03-08,3.4421872193706635,-3.1759616775167125,-1.2948505627250213,0.016228078425795354
2019-03-11,3.4225553203807784,-3.1531480087642043,-1.2744430821090014,0.017308521223301825
2019-03-12,3.434784945642513,-3.175175239830091,-1.2636068806451666,0.017476584720751375
2019-03-13,3.396907722826358,-3.154839528241206,-1.2107628761686124,0.015602649257071739
2019-03-14,3.398749523486994,-3.150994946421426,-1.1883502569849276,0.014721115617032833
2019-03-18,3.386592683230061,-3.147572815718774,-1.1922695319846495,0.01510186972543521
2019-03-19,3.297986978647607,-3.0891244478331967,-1.287233998398106,0.015715407270071015
2019-03-20,3.3756345708479016,-3.1200490890319097,-1.493322967689642,0.014427143368214202
2019-03-21,3.2369052636787385,-3.0451422273651687,-1.510087458716678,0.014963253025059329
2019-03-22,3.2136982007004615,-2.9960862747363532,-1.6081938125658377,0.01366072885381417
2019-03-25,3.263205888969472,-3.037393435592921,-1.6956186078424362,0.014556523002340272
2019-03-26,3.2535356741127823,-3.053412812603825,-1.516207329530054,0.014071295054217432
2019-03-27,3.3057422362251336,-3.305821291948598,-1.872902947213866,0.005635179886375016
2019-03-28,3.373631404711357,-3.0915988921684914,-2.62576832463115,0.005506241181943123
2019-03-29,3.377433450759096,-3.077598904360045,-2.6904478389753064,0.00705543732692554
2019-04-01,3.4621408509894693,-3.172783548660517,-2.502702894156123,0.007434113259030733
2019-04-02,3.4360168896992622,-3.1669104529389864,-2.3564708956168032,0.007499818199761312
2019-04-03,3.5206365697062028,-3.2436327402132736,-2.3528240005425665,0.008975952022932375
2019-04-04,3.545111651661509,-3.251432064201113,-2.443529289853653,0.006285972160071872
2019-04-05,3.502077226491034,-3.264130202280356,-2.245423285928779,0.008026778860568585
2019-04-08,3.518551898963724,-3.277083716107396,-2.2721559391124035,0.008540371451806665
2019-04-09,3.5575132667443237,-3.3137584617703197,-2.045118474022009,0.00809074714490452
2019-04-10,3.5444564615610323,-3.2957299580340433,-1.9507733941898386,0.008656690421903953
2019-04-11,3.526977835535042,-3.286555376198137,-1.861095900613637,0.008312766225709228
2019-04-12,3.5403474251009968,-3.2782847909594754,-1.8549760298002607,0.00828515299496129
2019-04-15,3.573755956678435,-3.3613565839691706,-1.5529427532159426,0.010370592792261695
2019-04-16,3.5646701464599473,-3.369870288565918,-1.529275366187156,0.012401840754784016
2019-04-17,3.685407244126484,-3.605282154968129,-1.4626213799514731,0.006853013593762924
2019-04-18,3.611092323097572,-3.528201915374909,-1.6703085160964521,0.008226087958228179
2019-04-23,3.659330949476553,-3.5721037542446297,-1.7381572361163944,0.007569931167810488
2019-04-24,3.584131648552767,-3.5697709691507606,-1.5794652683454808,0.010345662365754403
2019-04-25,3.622757588878677,-3.612630458993576,-1.5936360011588393,0.00809721534360111
2019-04-26,3.7031336136168402,-3.673066071601057,-1.7261364429736668,0.012092343831927185
2019-04-29,3.6297826177492043,-3.641275480106068,-1.4920089340579066,0.006879162843409715
2019-04-30,3.6915036553207226,-3.6204969163944565,-1.548298788573059,0.009432995405887937
2019-05-02,3.760693669742888,-3.7045529510247683,-1.4554349228417442,0.010217432297406202
2019-05-03,3.748005381664692,-3.708759917320778,-1.2610380791683309,0.0105283083741446
2019-05-06,3.7007018010960624,-3.698538749749874,-1.2623759847829799,0.008938475071345967
2019-05-07,3.7247391739754168,-3.70433239165413,-1.3154036050707067,0.00946968670316577
2019-05-08,3.708668765495096,-3.642942823108043,-1.4141233987594404,0.01092269921060306
2019-05-09,3.664689003827326,-3.526244647663705,-1.5027916542455941,0.009804624437026151
2019-05-10,3.6424389730435456,-3.524900964853016,-1.5244586690778108,0.005249459859342913
2019-05-13,3.6233527467300815,-3.4883655306649626,-1.5804355652742625,0.00766241665011006
2019-05-14,3.5844140220215097,-3.4718051297970804,-1.6667297831064576,0.009190592789483195
2019-05-15,3.537162667296583,-3.3532764670081168,-1.7915682037853573,0.007936909347784737
2019-05-16,3.455236356375489,-3.271299459674297,-1.714401970875538,0.0083099764404446
2019-05-17,3.5629719836774734,-3.3840682389169556,-1.6499644311935735,0.01054508345424082
2019-05-20,3.571720316649409,-3.4008143187637936,-1.6442732265971636,0.009347644732620664
2019-05-21,3.6400728911134252,-3.4393054041754665,-1.5717892872802939,0.010238928474334493
2019-05-22,3.6351624980434982,-3.3849700377993064,-1.6784301175513534,0.010313929305617371
2019-05-23,3.569617244487091,-3.3793469844348847,-1.7470241405241214,0.010880731869143598
2019-05-24,3.5699328124088248,-3.3828581033801135,-1.8032141623796574,0.009098819848330091
2019-05-27,3.542991525408045,-3.3818887454146647,-1.6498297309209748,0.011733809028324736
2019-05-28,3.49492788157536,-3.3711263331864356,-1.6348326301876246,0.009739060831487649
2019-05-29,3.52249545779668,-3.3629973674283073,-1.8010482094970917,0.006523604561344194
2019-05-30,3.439244177895208,-3.2844118482806652,-1.7419079940932276,0.008308010174330851
2019-05-31,3.410928191123615,-3.205821336032096,-2.1066475712007495,0.007112071603386158
2019-06-03,3.311097415158582,-3.1021150021312756,-2.1632218580771236,0.006196471397420974
2019-06-04,3.34844817600575,-3.1545124449415245,-2.2145921960592463,0.009109676369104105
2019-06-05,3.3525465670448846,-3.1885212357628525,-2.0649307306053646,0.009615182590824424
2019-06-06,3.3849360803108413,-3.1670494208066073,-2.3839809363644537,0.0061087087314889085
2019-06-07,3.3449917511870515,-3.085960866786917,-2.3202900580802743,0.009592947521925408
2019-06-11,3.3472697591755174,-3.092539932548571,-2.390090134834041,0.010066174043187926
2019-06-12,3.3331739075884412,-3.0416288945899588,-2.547903626510419,0.008050764154244239
2019-06-13,3.2974052371009797,-3.00705013984907,-2.5641473594179955,0.011654969904189278
2019-06-14,3.301027750766059,-2.9640127352305536,-2.700993712472636,0.008298751483560882
2019-06-17,3.308309360022564,-2.992178963986635,-2.6188474918679714,0.009542945350887731
2019-06-18,3.3140805775956683,-2.991254545087684,-2.7244253434901506,0.00863962395601775
2019-06-19,3.1997164313249757,-2.831858009264344,-2.6995327819874593,0.00812948641613753
2019-06-20,3.1984294568119274,-2.816744700699112,-2.948351746729281,0.009440161358052744
2019-06-21,3.2380157290904417,-2.862958206752665,-2.8120698207713755,0.008857980849834694
2019-06-24,3.241436656930167,-2.867386347857288,-2.815093971172872,0.009824970936295353
2019-06-25,3.1921957203292077,-2.815680725668498,-2.8191695324640733,0.009938205431382572
2019-06-26,3.2641362484718774,-2.9101659910679922,-2.6607344652059717,0.012556505651170832
2019-06-27,3.3256189276750057,-2.950070410424372,-2.6373467715140637,0.011231662563163275
2019-06-28,3.3425539911385402,-2.9380561079629857,-2.73606062974066,0.013473361543317163
2019-07-01,3.3521854740334467,-2.9158206379306946,-2.8361123935819164,0.012647187244886945
2019-07-02,3.2526080460708267,-2.806896440507816,-2.9229625524475717,0.013039110983180668
2019-07-03,3.1246658999259895,-2.618321246942594,-3.141741661335005,0.015477836095262815
2019-07-04,3.0953928281251173,-2.5908577906988985,-3.097914353422134,0.01684033948289856
2019-07-05,3.0616119356241884,-2.5705524633298733,-3.142646910069404,0.015859667612345408
2019-07-08,3.0880418926707356,-2.6027700793555595,-3.0758146925571452,0.014202450768100897
2019-07-09,2.9884954499736365,-2.5268927299890187,-3.0305397065934816,0.015717221899141206
2019-07-10,3.0574813549607485,-2.5856294060962473,-2.996953732358066,0.013478103436855904
2019-07-11,3.050998446131596,-2.597333854177756,-3.0211511831804323,0.011320824307298924
2019-07-12,3.119045176601305,-2.7155864962940908,-2.878545764002834,0.011795290919102518
2019-07-15,3.1711831032859252,-2.7283646764546465,-2.9808941634692876,0.010548640355917717
2019-07-16,3.1235538033699712,-2.6431135069414045,-3.163312386799647,0.010420778330360899
2019-07-17,3.12757094050587,-2.6644960268884184,-3.1072048078605623,0.011033503519620801
2019-07-18,3.1072640422928175,-2.6625839480407714,-3.0308536960299146,0.01199918901511863
2019-07-19,3.116564451119965,-2.6583276801036932,-3.0417397702814877,0.014784112887157603
2019-07-22,3.114171976583984,-2.645745388814517,-3.0800640165916,0.011245234164530353
2019-07-23,3.0671942558144956,-2.565018322127924,-3.169367792155791,0.012176561178022075
2019-07-24,2.9405728529872994,-2.45441349310444,-3.1638577639731658,0.014857648163762921
2019-07-25,2.8127262067695535,-2.3002140143383714,-3.34810478575726,0.015150974418659018
2019-07-26,2.9063294415767538,-2.4321197718058483,-3.184985957977405,0.012619829690691564
2019-07-29,2.931329496595567,-2.44482063583487,-3.2134468779640843,0.013785346490194302
2019-07-30,2.939247367904392,-2.3987229493974516,-3.339807395143091,0.013880985647244251
2019-07-31,2.9639199627721795,-2.3864050106552357,-3.3485227501409947,0.014856231572280967
2019-08-01,2.9734487741538813,-2.3828175766280832,-3.3450794774730817,0.015327754379415933
2019-08-02,2.8477211555861515,-2.301410000456547,-3.326732875630051,0.013722268289424236
2019-08-05,2.709009608068805,-2.1704705837007015,-3.2732245161288627,0.018515541259507023
2019-08-06,2.6409752033553358,-2.103083370992064,-3.2634388655098236,0.018398584714811143
2019-08-07,2.6778908718805634,-2.137230044487878,-3.3197689515866595,0.018927606085132498
2019-08-08,2.5683205574602095,-2.0269751898164516,-3.291562631067667,0.015358066809531293
2019-08-09,2.5605970118815033,-1.967978143037717,-3.4653438707985753,0.019675330545388878
2019-08-10,2.553083404565046,-1.9656397747560956,-3.464435800491914,0.021358893826547404
2019-08-12,2.5248467454131243,-1.925671283325607,-3.497045180735693,0.01663323799187345
2019-08-13,2.4648122343190395,-1.7790694865979466,-3.7179003823578607,0.017789722297579007
2019-08-14,2.4861749150537986,-1.756607874007264,-3.835704725892319,0.019437052529743735
2019-08-15,2.2799390804765807,-1.5321291356129956,-3.704433502009933,0.02035075150381641
2019-08-16,2.2547340679903964,-1.493697786874796,-3.693286919598077,0.02129939410661266
2019-08-21,2.3977048394574143,-1.7109183961901344,-3.50705247404577,0.018815316474405465
2019-08-22,2.5201997335889748,-1.9278149524993453,-3.3017106884310503,0.01468046603336348
2019-08-23,2.5898126349267803,-1.9663285707245386,-3.2092685223368442,0.01792040971273785
2019-08-26,2.495857892317416,-1.8893653017779057,-3.2620195740250484,0.016125605000498287
2019-08-27,2.4527692742403353,-1.8370992685557606,-3.322915053624986,0.01678502860497166
2019-08-28,2.26153908086006,-1.6303022254550015,-3.304775980514475,0.014652161750926965
2019-08-29,2.316472750156013,-1.6792518388397957,-3.38393304167031,0.01930684942413413
2019-08-30,2.4367966972035706,-1.9132526856113916,-2.8493379567589536,0.014875320523769615
2019-09-02,2.3981083671797516,-1.866758883513722,-2.929219086674544,0.013395391501046225
2019-09-03,2.351518605238377,-1.7920549002487594,-2.996615728563624,0.01325545260608678
2019-09-04,2.4195209842084147,-1.8944252181591956,-3.0236785454494637,0.013728638208783898
2019-09-05,2.5137312841578168,-2.0232482548044484,-2.8392580319903633,0.01742523757505045
2019-09-06,2.548267500554028,-2.096344409117782,-2.7840525878958085,0.015480129060677209
2019-09-09,2.5862562785561276,-2.1871314591274653,-2.637148831940924,0.015194411040318271
2019-09-10,2.6112775085037785,-2.273192006350009,-2.503644578659466,0.009195571701459227
2019-09-11,2.629201565513827,-2.2565489287859704,-2.655899030251338,0.012587577522707265
2019-09-12,2.4579562104915613,-1.9959500824119345,-2.9153088628624166,0.013612203724123136
2019-09-13,2.5675009493067185,-2.1669567928588758,-2.7900304827393527,0.01192869216378033
2019-09-16,2.5685968783734237,-2.154893641600418,-2.816334469706003,0.014989778960900806
2019-09-17,2.4980781266283003,-2.0918465440703886,-2.7866531424574736,0.014734088218805237
2019-09-18,2.4607794170176214,-1.9954513375089897,-2.8880539966567347,0.013094530612928423
2019-09-19,2.420102864227283,-1.950776814873466,-2.936091528419248,0.014315018769256898
2019-09-20,2.4195765068551776,-1.952634740235388,-2.938289264514375,0.011218911170183197
2019-09-23,2.3593015874261134,-1.8826902232638518,-2.9556157553612965,0.01498879670853284
2019-09-24,2.3205473706550293,-1.778789394356105,-3.0734774856571647,0.012562318854463923
2019-09-25,2.3245948975592183,-1.793455504063208,-3.088111318760326,0.01363973467598944
2019-09-26,2.4131461387479867,-1.919413474116601,-2.9995587711724405,0.013051376468952818
2019-09-27,2.4419371402850096,-1.9472592402091309,-3.023172677766015,0.015672307817803297
2019-09-30,2.4908273076596377,-2.04357753784816,-2.885512858833354,0.010610228393836754
2019-10-01,2.5629641311945757,-2.1435933213566902,-2.8435941022827906,0.012933910723103325
2019-10-02,2.525149123263409,-2.087941103543396,-2.9018712417519215,0.010637065908052301
2019-10-03,2.4526934819912003,-1.995366523127093,-2.934697331644607,0.01464348068705949
2019-10-04,2.347424289786504,-1.8224113680336476,-3.0867503869675073,0.015861772309957334
2019-10-07,2.34046797536785,-1.7920516773698798,-3.1557803405748923,0.014622436073049338
2019-10-08,2.3195832692784637,-1.8281035299028747,-2.9551419827276995,0.015169753957698436
2019-10-09,2.33926609044714,-1.8185667862138652,-3.0643377677838215,0.015098560062792013
2019-10-10,2.3512524841250757,-1.8395996789888311,-3.0327799582942414,0.01240928107110405
2019-10-11,2.4588751592955815,-1.963391829395264,-3.0503942789898755,0.014683635943920924
2019-10-14,2.5131883521501135,-2.0392056879150053,-2.975958982939184,0.0152435926889857
2019-10-15,2.4775876933864676,-1.973714612379643,-3.0153606267036697,0.014357710684098924
2019-10-16,2.5215745711957473,-2.0264357153811785,-3.010512444219543,0.013481035827849286
2019-10-17,2.5772367222579984,-2.1134979850626716,-2.9418610344853606,0.015952372853310155
2019-10-18,2.5995021464007833,-2.141948512991016,-2.9603672807113237,0.013415270160866383
2019-10-21,2.619913332070964,-2.1752836692690027,-2.8896206280600523,0.016529315902695726
2019-10-22,2.5904398016735284,-2.124621011545082,-3.004763852861728,0.016561423709418252
2019-10-24,2.5660457215820847,-2.0733969348364076,-3.0660651427323518,0.013975958428717553
2019-10-25,2.535484772811454,-2.0552526114839935,-2.981641471679081,0.016134679378660418
2019-10-28,2.5413545082354387,-2.1013457999268,-2.834583341181242,0.013452567768088522
2019-10-29,2.5362269771047923,-2.0596552440282565,-2.9458534580070124,0.012551808779952867
2019-10-30,2.5757960654731655,-2.0930005229955877,-3.049261749099144,0.01442963846076405
2019-10-31,2.511632032092562,-2.0762366554618854,-2.8776737909295558,0.011945237806520655
2019-11-04,2.5480258703764456,-2.094763511286268,-2.9239478764387417,0.013596975292538694
2019-11-05,2.5673664648997248,-2.1513672993781494,-2.841776005662288,0.01303817582280483
2019-11-06,2.6037095006661044,-2.227455085425985,-2.852927365653588,0.011931709812245162
2019-11-07,2.565521216607335,-2.1906393551938175,-2.852503465807726,0.01141812723376348
2019-11-08,2.721760029886546,-2.433480806630395,-2.59009790791627,0.00856409936752313
2019-11-11,2.7360717394792564,-2.4059099760173575,-2.762732510604469,0.010165247278318898
2019-11-12,2.7181584372263035,-2.4235337636518164,-2.598370481897742,0.010137146147289233
2019-11-13,2.6979751616311805,-2.359742370187969,-2.7627935681355575,0.011436799440389188
2019-11-14,2.567141518005285,-2.1913695017089725,-2.7902768733802543,0.008433273255273991
2019-11-15,2.5716640864741156,-2.219833055199461,-2.6720596253893527,0.010141815081836873
2019-11-18,2.5793850926007615,-2.2957323491154806,-2.4901263594359437,0.014135511623283031
2019-11-19,2.6094553222755574,-2.26701827952734,-2.690542845437148,0.01134537525572187
2019-11-20,2.5653914235553428,-2.18586220793153,-2.8131744499408957,0.013920978598815404
2019-11-21,2.5271395483431367,-2.0807442503837827,-2.9739023195826353,0.010463946228814
2019-11-22,2.513019739694034,-2.078009766441909,-2.9265148620125556,0.01009233362700224
2019-11-25,2.4970866615365304,-2.046514900191814,-2.983532467265482,0.012303618037850577
2019-11-26,2.4413522287293654,-1.97138425627555,-3.019430252532744,0.011730199928637735
2019-11-27,2.4082300783011266,-1.9215745486369082,-3.0906292924322525,0.010871455025964805
2019-11-28,2.4561474526966136,-1.9982662890973617,-3.0431170580922178,0.01165629541390415
2019-11-29,2.4154036367922567,-1.9799806375684539,-2.9298026317442782,0.010660909624137588
2019-12-02,2.6392786358087212,-2.2522860715325272,-2.77275301863477,0.010726741764951652
2019-12-03,2.5965607545819136,-2.201186541442096,-2.7374818843664475,0.011661226824128146
2019-12-04,2.5195102484271827,-1.9954930808705411,-3.156320542912995,0.011711706094667965
2019-12-05,2.584791298538659,-2.082191342686433,-3.1364270664922613,0.010362594010442263
2019-12-06,2.550623107162825,-2.0949050240487943,-3.0084033307045748,0.00806140986391949
2019-12-07,2.565393969057469,-2.0401720456247068,-3.2705718421843435,0.01623168015815059
2019-12-09,2.4990390598088856,-1.9919056468433896,-3.152877270245083,0.012193865641472687
2019-12-10,2.48922945154552,-1.991719967864437,-3.072274257009294,0.01240109425699957
2019-12-11,2.4689839534318296,-1.9818460071275523,-3.01190664099418,0.013187980753722253
2019-12-12,2.591902931204235,-2.0896684918901616,-3.120796784703858,0.01442020147167108
2019-12-13,2.6380064068426856,-2.2459254274557727,-2.8236673608802376,0.009421714925053495
2019-12-14,2.627874461887752,-2.213433686837758,-2.883564910025677,0.00937609314856309
2019-12-16,2.6302539140167673,-2.1744842060202387,-2.995100440197062,0.013611615972965596
2019-12-17,2.607028032514037,-2.162102977758245,-2.9198390501657188,0.013116417122426565
2019-12-18,2.5928363756469706,-2.20065786516329,-2.7237513551988433,0.009236141435379876
2019-12-19,2.644531926193078,-2.297013759175702,-2.5756914182507007,0.008445896280220197
2019-12-20,2.693687997203442,-2.382522469296411,-2.487568401964777,0.009180938300652221
2019-12-23,2.7202324155884394,-2.3735970785823657,-2.54453448242882,0.00793495784159844
2019-12-30,2.714573192778299,-2.34554266631427,-2.5725076234662763,0.013110551891541778
2019-12-31,2.7724657045313075,-2.4262897724558123,-2.5151378594506975,0.008265433289365375
2020-01-02,2.791600313571506,-2.447377041339628,-2.539797241471857,0.009873552821366652
2020-01-03,2.7011350074091593,-2.3215038856681316,-2.581706454071872,0.006504228721724939
2020-01-06,2.694538129326274,-2.310776974845971,-2.565283022958925,0.009185354399697455
2020-01-07,2.716816137314739,-2.3173560406076255,-2.6350830997126904,0.01008652799023292
2020-01-08,2.8226764316049264,-2.4364257272535665,-2.603361739513979,0.010662539049661175
2020-01-09,2.8207627827263253,-2.4815596804202658,-2.4770741213008662,0.007700678402239618
2020-01-10,2.8189209820656895,-2.485404262240046,-2.4994867404845573,0.008288604328791908
2020-01-13,2.844291055762988,-2.5088218872279557,-2.520076496676635,0.010941644815803514
2020-01-14,2.852295496840831,-2.615905819974092,-2.238249166466065,0.004636957215330911
2020-01-15,2.8738522440071015,-2.5934519010829713,-2.3674468601439522,0.00589442176854229
2020-01-16,2.8700200182667395,-2.604493336062364,-2.317828401496928,0.006501309171536124
2020-01-17,2.950754506092715,-2.6923248440076515,-2.310391536216337,0.008794708501440525
2020-01-20,3.0160471814599106,-2.8087690375686445,-2.198844712817752,0.008732399454970244
2020-01-21,2.9933568064547713,-2.707109996209769,-2.1559393485293334,0.008149588012508665
2020-01-22,2.9677545941239543,-2.5760428081340176,-2.2993221552709646,0.008613537851230467
2020-01-23,2.9483762151444495,-2.5463479595867944,-2.081043317140416,0.010306197047376304
2020-01-24,2.8366271065793947,-2.458362306131679,-2.2160740829006977,0.010855686931292411
2020-01-27,2.7983477823132086,-2.341152628480213,-2.4697471655887684,0.014669758373441866
2020-01-28,2.7623779473733445,-2.316713585185661,-2.153799944659205,0.012752847640601821
2020-01-29,2.8268598749830836,-2.393009610199899,-2.0757357422730887,0.00928383976089387
2020-01-30,2.7179268224800652,-2.2607377071810824,-2.2682956045945795,0.008619679641830299
2020-01-31,2.7492794835200547,-2.35120109699948,-2.1776103691059463,0.008036622497143547
2020-02-03,2.723710348377436,-2.326370110892938,-2.2577847161247604,0.00950115228925363
2020-02-04,2.79730837374464,-2.3465341100854697,-2.1841614041828254,0.006435748699709252
2020-02-05,2.8725736316593733,-2.34228425122024,-2.314152247185255,0.011476445030091313
2020-02-06,2.8394815659505404,-2.3254456919939837,-2.363362567746943,0.010149412604950109
2020-02-07,2.8062189805002307,-2.221280960864534,-2.400142575570437,0.012520697733148537
2020-02-10,2.7848211668876965,-2.1475734535762374,-2.507577724257063,0.016063853433463962
2020-02-11,2.7487872932650155,-2.1449237840162594,-2.413546931699112,0.013991980066861098
2020-02-12,2.7622321026909504,-2.168559857862998,-2.4049907580545606,0.01343193566194763
2020-02-13,2.6984656606558737,-1.841537825830337,-2.1742310982653823,0.01792293428939065
2020-02-14,2.709418035272597,-1.7610753878194576,-1.9249765007267334,0.02385090262997209
2020-02-17,2.734011373882877,-1.7777571896684412,-1.612131106744007,0.01840366727142909
2020-02-18,2.8052340545957475,-1.902308601502315,-1.482924968277861,0.01781370460594019
2020-02-19,2.831105074816986,-1.9814756663343396,-1.8282367171356857,0.018757819967623435
2020-02-20,2.827678429364794,-2.0697368767549276,-1.5235125860722956,0.009751606397621269
2020-02-21,2.8232578736420573,-2.0017587080218866,-1.5855273844035902,0.01549122600190304
2020-02-24,2.6762378689903614,-1.8359472605537255,-1.7020578394000394,0.020267393895427872
2020-02-25,2.6246253891016598,-1.8098666204376146,-1.572446958917868,0.017120673561815535
2020-02-26,2.6193036981310933,-1.771000830145471,-1.6324934809433922,0.013331071239449759
2020-02-27,2.643076890720472,-1.8480855018959883,-1.4120371230120483,0.010920767022958494
2020-02-28,2.4496106867044767,-1.688408670028533,-1.330743765467049,0.013438300884535582
2020-03-02,2.360502506336129,-1.6510261602469911,-1.416325643929599,0.011680869965888204
2020-03-03,2.3881545584337287,-1.5947731123621143,-1.7169148509515462,0.0064620049770151835
2020-03-04,2.2847817993566784,-1.4873964716249068,-2.0776086857331446,0.0076589478985748085
2020-03-05,2.342986487358192,-1.5767964746767316,-2.064991261119041,0.004326444290949183
2020-03-06,2.3331942245622614,-1.4510209607234108,-2.393311433953985,0.005867395584653579
2020-03-09,2.074837516728738,-1.130704774818982,-2.436038877962174,0.008254504011041745
2020-03-10,2.2379646873317665,-1.3127116937838899,-2.3930782544724485,0.0079076108179007
2020-03-11,2.3634032184271616,-1.4158450457559915,-2.6999941481909655,0.016571617110014408
2020-03-12,2.489077719376138,-1.6930634117581616,-2.837025537358594,0.008444769889127122
2020-03-13,2.9206392187454626,-2.2885237637740676,-2.225679684081018,0.007537815857221908
2020-03-16,3.1275376439517837,-2.5868118515133807,-2.3541188457379127,0.011012377376528817
2020-03-17,3.093404412864731,-2.5385912478526027,-2.8063982096403017,0.020334625441018512
2020-03-18,3.084610407335798,-2.5489660660509856,-3.029423069995457,0.012500007381483828
2020-03-19,2.8764752468761277,-2.3724267955124807,-2.7136764508459907,0.007580098729769399
2020-03-20,2.970899698961099,-2.4859768070908177,-2.811170949272522,0.009149991080458147
2020-03-23,2.8081211621487614,-2.3319358853054997,-2.8559481975483405,0.0111283131843842
2020-03-24,2.5764400785039547,-1.8761422759509045,-3.4956461424336576,0.016927921822001386
2020-03-25,2.359243536916528,-1.8551132283048684,-2.790026773248322,0.012961659167950312
2020-03-26,2.427158108077201,-1.9120010121197195,-3.1124897861238203,0.012428805568843265
2020-03-27,2.5371947695291848,-2.0362545872077766,-3.1387417721006154,0.02088701997767487
2020-03-30,2.539509269093872,-2.0632794750147645,-2.860091346988366,0.01208273415181828
2020-03-31,2.7342834440948343,-2.261293673027244,-2.797784604779712,0.011859097493366829
2020-04-01,2.984508228068271,-2.42111271318953,-2.8897561868734525,0.017960491539983983
2020-04-02,3.0948234884020147,-2.083574623912066,-2.9493461995658423,0.008672454365746594
2020-04-03,2.9907352263326885,-1.6584257763875325,-2.9808311150390687,0.012121035357676004
2020-04-06,3.055944125399418,-1.5742243410195291,-3.189937594300942,0.02160059211498439
2020-04-07,3.046226289954148,-1.5397842163637747,-3.2260697024257605,0.0219936849539745
2020-04-08,2.8726912712397317,-1.226185758377848,-2.6647495520621938,0.021055282116903128
2020-04-09,2.8490492940639744,-1.077003320078234,-3.2746312152267145,0.027737969073184734
2020-04-14,2.814186688944557,-1.1207102000969436,-3.131372933122475,0.02382031022970237
2020-04-15,2.8257208438981944,-1.3004773998077848,-3.2460227685142162,0.0239899475294383
2020-04-16,2.855595302070496,-1.3459239916127375,-3.1939332700996976,0.024855218944981973
2020-04-17,2.810811634952132,-1.422202855764881,-3.001888065617868,0.0210641286451404
2020-04-20,2.793753218218863,-1.4067589956072564,-2.962597835910302,0.02091118000685592
2020-04-21,2.8240324553515186,-1.4611001973261748,-2.946174129266286,0.01787900585020611
2020-04-22,2.8695531256541034,-1.4695731135461447,-3.023601414020495,0.02361637460909624
2020-04-23,2.970380635305531,-1.5966058520238438,-2.8693208265678902,0.019107950307853512
2020-04-24,2.971254548112169,-1.5455122221979734,-2.966845476435286,0.021110587837679565
2020-04-27,2.938364282962994,-1.5181229204462563,-2.9930014088770047,0.020211696513051238
2020-04-28,2.8822997591591206,-1.467002980088926,-2.933618353176431,0.019975763094601192
2020-04-29,2.6638311483940837,-1.1867945682058572,-3.0065788382144003,0.027057411143881657
2020-04-30,2.6477131870658472,-1.0911694934294458,-3.0987746558093545,0.026238128001839115
2020-05-04,2.63042721875969,-1.0471200907709126,-3.1965477315319477,0.029866533665382257
2020-05-05,2.6790080374318426,-1.0829034186184814,-3.29944688499166,0.027212623524847882
2020-05-06,2.6458100652919576,-1.074898923295308,-3.244307726320102,0.03197413583082156
2020-05-07,2.68212669959621,-1.1115345853259968,-3.2994502109426826,0.02809318890769168
2020-05-08,2.691356170570888,-1.1255420695410985,-3.332792947474975,0.03267696701466856
2020-05-11,2.6402185794673767,-1.1218057218349606,-3.2084497243644443,0.024646827167636
2020-05-12,2.655485291315987,-1.2305822168837235,-3.35383197238609,0.018408849450475124
2020-05-13,2.666386349486894,-1.4159404724948466,-3.2406541527010413,0.020101463028023007
2020-05-14,2.660144744880596,-1.4062132535217367,-3.1554112558423166,0.019881194776559356
2020-05-15,2.6404416547931535,-1.4004653612604299,-3.0636478458284837,0.016645768492362132
2020-05-18,2.618944610649247,-1.378478505864789,-3.0771591036509296,0.014666898068614173
2020-05-19,2.601487301823721,-1.3718878460141761,-3.144863179583181,0.01619044652222557
2020-05-20,2.623748436473145,-1.373228529974019,-3.3586951260824787,0.015817096768136286
2020-05-21,2.5835958015532237,-1.3718814752406656,-3.2381418120202543,0.014915153494810216
2020-05-22,2.5791331315883976,-1.4069620408734416,-3.197599988159855,0.01339678165011804
2020-05-25,2.6185407903369495,-1.4674496575103284,-3.2530631580216274,0.010660524695071942
2020-05-26,2.6240879286751397,-1.4675315481056626,-3.27549134428489,0.01216636248484265
2020-05-27,2.7760379119582472,-1.6646042191473704,-2.9117647608049033,0.013441208068555924
2020-05-28,2.8065099215104126,-1.650329831299221,-3.063944238239323,0.012977927339923008
2020-05-29,2.6449667450189303,-1.5785290460510666,-3.0337951543889,0.010758349047368885
2020-06-02,2.624580003987205,-1.523603390593472,-3.3284691759207607,0.01651676568509547
2020-06-03,2.6018417899909645,-1.5289702218115255,-3.3160214300250814,0.01570186884834281
2020-06-04,2.6029653543744145,-1.5430341094834221,-3.3061612753881837,0.011391191390424533
2020-06-05,2.625577204642612,-1.6332960344750767,-3.0790579215782876,0.009443849955652188
2020-06-08,2.737105732894333,-1.6655607060194175,-3.321209536162788,0.02006006261151835
2020-06-09,2.7345414471877887,-1.6855416235286125,-3.2196780410675117,0.01001538888996434
2020-06-10,2.7033952771698377,-1.7040051561685778,-3.160078356502505,0.008043710192883122
2020-06-11,2.6892368517214513,-1.6692275996865489,-3.3277329180006125,0.009834523305642696
2020-06-12,2.6838156573368863,-1.6476529514548148,-3.3653238066734383,0.007908614288552952
2020-06-15,2.678390773496403,-1.659494805131881,-3.3152519137186247,0.005625826017426226
2020-06-16,2.705808524835867,-1.6399379323817533,-3.4290998817526273,0.008487446156568561
2020-06-17,2.7041496302301713,-1.7179181563595332,-3.2031507663918357,0.014900872821771622
2020-06-18,2.7909062519950214,-1.7574809975459376,-3.421674923194907,0.017421476215641732
2020-06-19,2.780649691758279,-1.7512919090779606,-3.3893084325915677,0.007740176959183076
2020-06-22,2.7383505998013127,-1.7223955003298375,-3.403200573137403,0.009069204910979392
2020-06-23,2.7383505998013127,-1.7223955003298375,-3.403200573137403,0.009069204910979392
2020-06-24,2.565106288299941,-1.6284096570608608,-3.6773895743151224,0.006792935128522271
2020-06-25,2.5469789014005757,-1.6225777592078887,-3.561667845338172,0.01984490455482246
2020-06-26,2.5313561359471684,-1.6153982625388428,-3.603839144808579,0.0185825074024367
2020-06-29,2.551224419120664,-1.6424560032831588,-3.572673121725263,0.014409838549522535
2020-06-30,2.5698861046826345,-1.6809291625584994,-3.4821243451709547,0.012694019889839564
2020-07-01,2.627010098880427,-1.7074192407434055,-3.518578634880619,0.017944963501458747
2020-07-02,2.674911512114794,-1.7343410991934558,-3.530439461090204,0.01707661748494001
2020-07-03,2.7168348704055227,-1.7109933219441478,-3.688647499375971,0.01432731272149059
2020-07-06,2.6416556931032877,-1.7099875364988868,-3.4048534912106843,0.023072907252212085
2020-07-07,2.6181246133112603,-1.7348989067939682,-3.26146711042196,0.007411316587018469
2020-07-08,2.7358143385296088,-1.8627237020875744,-3.320223830566025,0.0211233174542192
2020-07-09,2.6979722153672645,-1.8787421227453645,-3.0575307957434767,0.020728384307466402
2020-07-10,2.690748276069403,-1.87407236173156,-3.0182632452145923,0.019370671227898074
2020-07-13,2.7349920087873074,-1.8518500448563349,-3.2418018099209767,0.016676834057036544
2020-07-14,2.81543319113744,-1.873812261064517,-3.423920090695326,0.018254288648586726
2020-07-15,2.7105962589534704,-1.8199933418526044,-3.1228937690399623,0.009695305800564193
2020-07-16,2.737401485705807,-1.8767983004516178,-3.0005471949137235,0.014445108801305345
2020-07-17,2.731432910102844,-1.874805068591059,-2.9996146310132477,0.028800091865576916
2020-07-20,2.6064593263523657,-1.7956819900327567,-2.986886268898562,0.01679316616379264
2020-07-21,2.6161588502686457,-1.7651956254242716,-3.1603675694357416,0.01272133755485462
2020-07-22,2.5907512932021217,-1.71302816673539,-3.2576893204519464,0.011473228788585072
2020-07-23,2.561754303044465,-1.6690091785167813,-3.29425436762034,0.013774390236521062
2020-07-24,2.5660585110242127,-1.6973931305329746,-3.2384683476336633,0.011440390982204379
2020-07-27,2.586540675352131,-1.6985219899763286,-3.313259988572882,0.008391975873738468
2020-07-28,2.5319026817064745,-1.6812533543269934,-3.16120946583419,0.009733059488809752
2020-07-29,2.508447217379437,-1.6017264869193866,-3.2840011932608872,0.01074045615265742
2020-07-30,2.4246736265389233,-1.4735226306412466,-3.3027186964174193,0.0106787811232188
2020-07-31,2.386191229731686,-1.4757951036846553,-3.149619800017351,0.008195590500685461
2020-08-03,2.3531633959435423,-1.4761702936471146,-3.0080051499147493,0.006543772227126968
2020-08-04,2.394931512108943,-1.523121256445082,-2.9850613028700166,0.010360723573500806
2020-08-05,2.3499079179545137,-1.451203342370239,-3.0019211731997566,0.012345652825718065
2020-08-06,2.3529550506781454,-1.4714976887587654,-2.9532210334485747,0.014669597814159314
2020-08-07,2.302031978654441,-1.4633398713318102,-2.7788220818051896,0.01093589075874708
2020-08-10,2.395323503307923,-1.5198491794513442,-2.9780366201255455,0.01470276750202503
2020-08-11,2.5670601283368506,-1.7215294944131576,-2.989326325656505,0.010753645495964977
2020-08-12,2.7047044925806807,-1.8998578123776606,-2.6770103217433574,0.022642976410752018
2020-08-13,2.6985309831989124,-1.8826801587585444,-2.7218528870512166,0.009148904074293503
2020-08-14,2.769031704434901,-1.8431937496553163,-2.7495422628192503,0.011998403348540935
2020-08-17,2.728692481374361,-1.8311262772019332,-2.6240659643134605,0.010881888967344456
2020-08-18,2.7556609425793313,-1.810458581331695,-2.744537879837553,0.013050677775501394
2020-08-19,2.7305119260569573,-1.8228423281862904,-2.5795825788368822,0.00946214872186847
2020-08-24,2.747970934028553,-1.797385356895918,-2.66861487710594,0.011944930611881878
2020-08-25,2.783561227548512,-1.8320184129493495,-2.5408781775651015,0.011722675033554552
2020-08-26,2.783268859939265,-1.8577622451396776,-2.4907126945705524,0.01434526583718404
2020-08-27,2.6640431509731775,-1.7928824764784,-2.185132234526769,0.014826482839980745
2020-08-28,2.7414131482633293,-1.83969875536568,-2.276638425558136,0.013710738596288834
2020-08-29,2.777133388648756,-1.842231565250839,-2.367220661419443,0.017674647306817583
2020-08-31,2.8145021834525745,-1.8713380269584914,-2.346519442928131,0.012262182271780341
2020-09-01,2.7496682405219373,-1.861583662686123,-2.22299781289042,0.011009841132986685
2020-09-02,2.802504806610476,-1.9445009104876947,-2.180663296464135,0.015965513076039554
2020-09-03,2.813520044019574,-1.9854408893961215,-1.9909393336780212,0.01689052005698076
2020-09-04,2.729025368333322,-1.8922431188030306,-2.140281060562254,0.019080170608139418
2020-09-07,2.737684535680136,-1.895435825106263,-2.1842225007575813,0.017994652360455183
2020-09-08,2.723359216723371,-1.8986280339023023,-2.1821525861127085,0.0186275225914855
2020-09-09,2.7986149560591946,-1.9267358584860739,-2.0425663912365994,0.01994566414942285
2020-09-10,2.722965190418075,-1.8748148894613543,-2.077549978936838,0.02097578581044257
2020-09-11,2.723282474737027,-1.868546985221788,-2.071350420449713,0.018529126819729205
2020-09-14,2.708904447560876,-1.8841630405459993,-2.006292700744324,0.016283822294119614
2020-09-15,2.6508016226222084,-1.8480092718089252,-1.9092831936558017,0.014741697367788728
2020-09-16,2.6080425482250593,-1.8195565183076496,-2.073091033063312,0.010963104868529652
2020-09-17,2.613062195329477,-1.8415593627238611,-2.0298342117670245,0.005543789631767166
2020-09-18,2.63085271372532,-1.8295263330020042,-2.099975361611121,0.006973723973235135
2020-09-21,2.614187287936672,-1.8345857646355652,-2.0110433144749233,0.005454346632156687
2020-09-22,2.7081724036786543,-1.8181400074772072,-2.14690007840111,0.010339923418509337
2020-09-23,2.72075465233919,-1.8376968802273344,-2.0330521103671075,0.008862632345422347
2020-09-24,2.8597192495952553,-1.8812074472989353,-2.1292492437496295,0.012339038110621356
2020-09-25,2.755713228881496,-1.5681091284815722,-2.3614121338011502,0.013671573381467978
2020-09-28,2.7365278438083354,-1.5288320415215981,-2.342631714407795,0.0152924672905563
2020-09-29,2.7436478449816604,-1.4298127491169366,-2.344696515304625,0.02168111883749503
2020-09-30,2.7112917841138113,-1.3211076224645857,-2.333003491545502,0.02602389970936408
2020-10-01,2.61496351566375,-1.3761671463766392,-2.217488772757054,0.01865688872946141
2020-10-02,2.5308969197167626,-1.3538518449650345,-2.0652063134691434,0.013844624232963065
2020-10-05,2.5556035003196067,-1.3554766258870303,-2.1394850464208544,0.013071327397541741
2020-10-06,2.7252963511962203,-1.5205336086469532,-2.2823788320375087,0.0181651125181626
2020-10-07,2.7526007743882026,-1.541341912837364,-2.3145813727281297,0.017166066099042546
2020-10-08,2.757143396687053,-1.6101884131435773,-2.439299915802948,0.013801765507082144
2020-10-09,2.6571973384679524,-1.6036108793692065,-2.425720808114874,0.014509443378476468
2020-10-12,2.6553319440141263,-1.6073523885502596,-2.358290073893635,0.01302677818563631
2020-10-13,2.6666366829317716,-1.601253482712463,-2.5049169184581386,0.014153927144191093
2020-10-14,2.7243413175146776,-1.6076816319572844,-2.5705906878043008,0.014558920577192512
2020-10-15,2.7210127797582517,-1.582721078979895,-2.5709758042971593,0.00935407173622741
2020-10-16,2.698339642516528,-1.533064901698208,-2.6078704233981655,0.011018234202033272
2020-10-19,2.6986824093157327,-1.5285908169501,-2.6193972560661534,0.011664569421915386
2020-10-20,2.6986824093157327,-1.5285908169501,-2.6193972560661534,0.011664569421915386
2020-10-21,2.7216593637742346,-1.5740069094214482,-2.5935183268351563,0.01132092741162358
2020-10-22,2.721209970201543,-1.579727900483897,-2.5593507997764005,0.012535222622169818
2020-10-26,2.750593707365856,-1.6008593118718042,-2.5622528760370638,0.013649288613581022
2020-10-27,2.7477538087343696,-1.6112646575596408,-2.5756741179430067,0.01383881235773621
2020-10-28,2.6942444281760465,-1.5882979322022717,-2.4910088567823587,0.009447641412139354
2020-10-29,2.723197561112076,-1.5969254804594,-2.514399924698927,0.014395815351675728
2020-10-30,2.7034787050186337,-1.5725547745883648,-2.5082434668097373,0.011474370881246585
2020-11-02,2.7149724805358324,-1.560240579538293,-2.5870881916862762,0.012179894615483041
2020-11-03,2.678643566298949,-1.5052712313524925,-2.6476218472907327,0.012549910200122402
2020-11-04,2.610965710116295,-1.496623839331549,-2.6700998459141294,0.01356978328253495
2020-11-05,2.537511225362693,-1.4433371511950228,-2.81092796296759,0.015407655717342365
2020-11-06,2.4721195256711774,-1.4166384107536742,-2.7445641497121067,0.01381175227588121
2020-11-09,2.435962207568034,-1.4355693866953032,-2.6469477064958027,0.01120484388232424
2020-11-10,2.6395392185997717,-1.6396160741309402,-2.729909320510767,0.011974186590824469
2020-11-11,2.7149122811230524,-1.8027305498834232,-2.512606041891649,0.011807359618640063
2020-11-12,2.7101714681575793,-1.7725583395129951,-2.5862525714452884,0.01294107973599211
2020-11-13,2.679856529938124,-1.753847482406491,-2.6978790367740055,0.01454311851174977
2020-11-16,2.6139461794393024,-1.7065828369005758,-2.599431443785806,0.011303763816707049
2020-11-17,2.6305365511927103,-1.7073068963875104,-2.6996660423441314,0.011108174383200598
2020-11-18,2.6331708083475833,-1.724928655447265,-2.687195563013194,0.01235538407730878
2020-11-19,2.6367478586531177,-1.7354891306794562,-2.69259194292169,0.010436852449347143
2020-11-20,2.634200187369374,-1.7427259765218936,-2.6645479509144994,0.01016894134029701
2020-11-23,2.661677893979962,-1.747282732023251,-2.752447883989868,0.012595095905926008
2020-11-24,2.6593422596817766,-1.7594718358444201,-2.6771449762426918,0.010602605630846897
2020-11-25,2.6764563333635687,-1.7819774143937295,-2.6890753249987607,0.010069068199447825
2020-11-26,2.6691794409988936,-1.8078329224204868,-2.5934067864291177,0.005921649326527601
2020-11-27,2.64525361040393,-1.7710553699105493,-2.588852501123194,0.008206125588502634
2020-11-30,2.6741418240113823,-1.8377368439283976,-2.473635204287283,0.012678887775486302
2020-12-01,2.680479221918072,-1.7732574129776655,-2.7185770986870263,0.013376492600401416
2020-12-02,2.6551218939869643,-1.7919265806163847,-2.5568500910972145,0.011640787951710006
2020-12-03,2.7696523863501903,-1.909123062579048,-2.615399208131481,0.009411031535990981
2020-12-04,2.7510005779146782,-1.8996149936539206,-2.577621294890458,0.011902470075720034
2020-12-07,2.793374767296427,-1.897747320566931,-2.705277233671421,0.01457575717140289
2020-12-08,2.797823178672796,-1.901983574945576,-2.696647895451068,0.015603196719103447
2020-12-09,2.86451933873082,-1.9170082427676045,-2.8502853284976677,0.02096733727499754
2020-12-10,2.7941885296335327,-1.871192011438297,-2.7316828204831274,0.018192142871437177
2020-12-11,2.8187382910336125,-1.8780920706937052,-2.78043122407581,0.020266070048005385
2020-12-12,2.8124970308923967,-1.8916026526333274,-2.751627539405476,0.018476755710489266
2020-12-14,2.786567041579908,-1.8681541683075285,-2.728993223518578,0.01679568335721598
2020-12-15,2.791722604373152,-1.8813583158298266,-2.7944151579705525,0.016746419085029746
2020-12-16,2.760668881540381,-1.8371807342799351,-2.910942647956792,0.016832988948560997
2020-12-17,2.7771134490533114,-1.8445363216876114,-2.956543875384654,0.01727104781442127
2020-12-18,2.74474539854946,-1.8201386651635836,-2.9396578652292544,0.019053812796005293
2020-12-21,2.7241953796616722,-1.8076400276124347,-2.8783443706436773,0.01953718921167163
2020-12-22,2.733289303093592,-1.8027202547078875,-2.926120602277105,0.019757250735146715
2020-12-23,2.7478868073480185,-1.8111593332678824,-2.9625791257562426,0.019751522853082536
2020-12-28,2.7403412135052934,-1.811757699656065,-2.914061298825312,0.015785825805371696
2020-12-29,2.7403412135052934,-1.811757699656065,-2.914061298825312,0.015785825805371696
2020-12-30,2.74596932520704,-1.80110842536926,-2.9597735077454876,0.0188632704496865
2020-12-31,2.74596932520704,-1.80110842536926,-2.9597735077454876,0.0188632704496865
2021-01-04,2.758702895715532,-1.7964924501419015,-3.0218885397301327,0.018527226270062317
2021-01-05,2.7319106161377102,-1.8065411106797045,-2.928306537968182,0.018778108882694183
2021-01-06,2.743491510306684,-1.813982252882866,-2.8794723522284627,0.016128423699551715
2021-01-07,2.7995695945347854,-1.9153480928780162,-2.6056773228879773,0.01380030796676136
2021-01-08,2.8118066585939436,-1.8899273997915411,-2.720855666425952,0.016990962528386458
2021-01-11,2.849038606916339,-1.9890854344468492,-2.5262257570622326,0.014082952374848998
2021-01-12,2.9659946194799893,-2.1091186707130607,-2.3701465943031983,0.020344449215717153
2021-01-13,2.8544534648229014,-2.0081183906846607,-2.3840289665646055,0.014719488352135442
2021-01-14,2.8060986674843855,-1.9721156335785106,-2.346749250229168,0.012548397948623016
2021-01-15,2.8522901873236624,-2.083953929315667,-2.0948930546602478,0.01143279641289019
2021-01-18,2.863153718747308,-2.05497787733303,-2.182744628715531,0.0093192267110656
2021-01-19,2.8533128270033408,-2.0577634701742475,-2.0978825857488075,0.007990770189902418
2021-01-20,2.899646043950283,-2.1179735179894124,-2.1548167504154763,0.01213651653016495
2021-01-21,2.872002537095539,-2.1019182199772524,-2.0496999793900867,0.00967571490596848
2021-01-22,2.8670745913438047,-2.0632788262379416,-2.1658423817148615,0.012065106053294037
2021-01-25,2.850746697755094,-1.9982400592674259,-2.2686646033333213,0.016796650150612567
2021-01-26,2.801557746510772,-1.9227287154376567,-2.331602074463313,0.015526231430761542
2021-01-27,2.8201865706120994,-2.0025906051921543,-2.1446403001201886,0.010948812808684373
2021-01-28,2.850590003114411,-1.9662347822883517,-2.356935567759681,0.01587490816451666
2021-01-29,2.8690906172688067,-1.9944664208604392,-2.2947243299858338,0.012364205624084957
2021-02-01,2.8679160344707553,-2.0535537375336177,-2.12633149914125,0.008407607459347608
2021-02-02,2.904912957309515,-2.0783232051042226,-2.20890574762864,0.007914490627730785
2021-02-03,2.9652282883340195,-2.1185147776872295,-2.3325375855094554,0.014588936107529123
2021-02-04,2.9475397892152215,-2.1536414583060886,-2.119581382077633,0.009379435535120436
2021-02-05,2.962431187291191,-2.1433893058770295,-2.2972150056357385,0.012283523727425106
2021-02-08,2.991313882342005,-2.26355144799895,-1.9251742245003711,0.008787324384237877
2021-02-09,3.0045496592284975,-2.2452645450135096,-1.9862270546768435,0.011151509709880299
2021-02-10,3.0194033444109993,-2.2243709339232045,-2.0747268821620954,0.01259786249393035
2021-02-11,3.04765327919298,-2.1828725740684725,-2.286020452906487,0.018299144044642588
2021-02-12,3.033658069133437,-2.1958773304289094,-2.1146559823327435,0.01643984269256991
2021-02-15,3.16589442421919,-2.2786076369344257,-1.8567267068575672,0.01771765618796359
2021-02-16,3.163424031339796,-2.123935593776283,-2.0459992065933146,0.019845235963313744
2021-02-17,3.2696265964535782,-2.1266249726343984,-2.117978975027891,0.024771378092731867
2021-02-18,3.254725550443302,-2.170966101224055,-2.0108748606697926,0.021592794982899264
2021-02-19,3.2476869109732025,-2.216755543177115,-1.913224155665879,0.01662282948971051
2021-02-22,3.3065480907442386,-2.273675666565572,-1.8126138608555646,0.018243080084368066
2021-02-23,3.3944507102933312,-2.2928346406910447,-1.9174926008365358,0.02260738233479202
2021-02-24,3.3111460317393457,-2.235272999723901,-2.089090135324106,0.016588529023744573
2021-02-25,3.47264840267124,-2.4278759429512133,-1.8657979041113384,0.023434350499258377
2021-02-26,3.480967301334653,-2.4718558896100458,-1.7248985513810822,0.018352283460462644
2021-03-01,3.511611611133065,-2.5091818828210894,-1.7965942206304588,0.02068837091178066
2021-03-02,3.4551505106567264,-2.5446369207786055,-1.61184806195298,0.016414517267721078
2021-03-03,3.4972475115715813,-2.5968462839715905,-1.6703982366451242,0.018333265679275297
2021-03-04,3.4927757360032814,-2.652433584072635,-1.5243686104083431,0.018538042087689287
2021-03-05,3.5851751545876156,-2.6687639730832444,-1.570484335416603,0.0192851880592614
2021-03-08,3.657100010445329,-2.6907660675907623,-1.5519135909387274,0.022781917067717906
2021-03-09,3.5972582424018076,-2.621127420725927,-1.5355853572282114,0.024380696937812883
2021-03-10,3.5311359692714603,-2.6008680844038676,-1.429439881180988,0.023197209380856582
2021-03-11,3.5099268159845556,-2.4642067727052344,-1.9524130906430721,0.02825123037973275
2021-03-12,3.5751804184432823,-2.602444607232281,-1.694208694932772,0.024377838691021995
2021-03-16,3.6181359293246813,-2.659049092900945,-1.593780200945266,0.024545427610890697
2021-03-17,3.6021822718352245,-2.600904640171032,-1.7012810264957692,0.03012620821955761
2021-03-18,3.5968522984745537,-2.587270706670051,-1.69339197834631,0.030655796731420968
2021-03-19,3.570899117903908,-2.5845455444816814,-1.5818254551191628,0.028289018732608
2021-03-22,3.613639860671253,-2.585001587660987,-1.782001572383876,0.034205812764673695
2021-03-23,3.563577906455844,-2.5770874023892496,-1.6920452733361397,0.028275702999125164
2021-03-24,3.5942409697920334,-2.559817684971432,-1.7986992357618818,0.031131661283717228
2021-03-25,3.579713884420082,-2.562513005462381,-1.7559036263447767,0.031138110482269932
2021-03-26,3.560298625033278,-2.519311703115319,-1.7861475361593715,0.034628551106445464
2021-03-29,3.592404655360192,-2.571455343100978,-1.739809212159071,0.033468762535848254
2021-03-30,3.6193309945964836,-2.7246343492436855,-1.2253393641290875,0.02128434056628388
2021-03-31,3.7667732176354622,-2.8079070623064317,-1.4146294948254308,0.02793990144566169
2021-04-01,3.758682179798082,-2.8143717265408754,-1.1382253870799488,0.024812440113923948
2021-04-06,3.7666713250551402,-2.7601645316451187,-1.3981103982540481,0.03559153717173489
2021-04-07,3.723631426650463,-2.73500089323385,-1.3728721073455852,0.034685669507224876
2021-04-08,3.6272064408667126,-2.695605725940022,-1.1181767193427539,0.027386732527827792
2021-04-09,3.5701477220020856,-2.610505160914483,-1.1263106980236464,0.030566824372106394
2021-04-12,3.5345593270317632,-2.616323368859401,-1.1286981815253232,0.03216373653878003
2021-04-13,3.5025054563056535,-2.5989709557832903,-1.038097815178484,0.027803390349032328
2021-04-14,3.464405046006431,-2.5550984077424728,-1.220378067411321,0.029347638835781373
2021-04-15,3.445073455436986,-2.517698615968477,-1.3743426995288182,0.02331724049694259
2021-04-16,3.493210682792822,-2.532832935268604,-1.5438370523914438,0.03086996883239527
2021-04-19,3.425457810191085,-2.4953419968289285,-1.433326870922429,0.028337252422824914
2021-04-20,3.399859548903482,-2.4536068344808784,-1.5547994161107823,0.02225878134126082
2021-04-21,3.37412938512282,-2.436622878417006,-1.5943765904584324,0.021543571865154147
2021-04-22,3.4336753713943873,-2.5343646814524714,-1.360471305690533,0.02246098315693628
2021-04-23,3.4626600107005316,-2.5630754613226423,-1.3808145963256497,0.023563172903569816
2021-04-26,3.493680638890787,-2.590058520487625,-1.3883247824761469,0.02438372273224778
2021-04-27,3.4827779646521426,-2.579866798711415,-1.3695298398403783,0.026739959670041693
2021-04-28,3.4990301815695464,-2.612144710968191,-1.2954652709562515,0.02575979619491559
2021-04-29,3.5756094259461344,-2.6599890253076612,-1.4262491977586316,0.029217903166307915
2021-04-30,3.5714663293535303,-2.6968625578755026,-1.2691154430853608,0.02868345112725889
2021-05-03,3.5858438636983383,-2.705531249367696,-1.270454702360837,0.023799954344323037
2021-05-04,3.580789779923957,-2.7058627768631136,-1.2256925458140986,0.02793589832666006
2021-05-05,3.604645419521011,-2.726355308653477,-1.2680654509997111,0.026737014864544023
2021-05-06,3.5931990870599417,-2.724360334846898,-1.2177628862045535,0.02700375489986024
2021-05-07,3.6053067117974784,-2.7201344125467717,-1.2902966133607991,0.025845741426722347
2021-05-10,3.571755154371834,-2.6989660069017654,-1.2942213834414171,0.026730802762645747
2021-05-11,3.6541436734639126,-2.757266029096281,-1.4023679706354513,0.0314359252393818
2021-05-12,3.647052313041645,-2.7740725507751156,-1.2567268699305283,0.027402136703877443
2021-05-13,3.6959411879964907,-2.7533457711513942,-1.1885981525346048,0.02963413135185935
2021-05-14,3.698686658376877,-2.6540232226298723,-1.3325660835104316,0.03327530094274622
2021-05-17,3.629417578255752,-2.3916092487237086,-1.1145773333500448,0.03824355449467978
2021-05-18,3.5812705396873996,-2.36517247320457,-1.0704956576977536,0.03543295067436956
2021-05-19,3.565050839965001,-2.347802738230172,-1.0104157373399516,0.039259584166865064
2021-05-20,3.592911548656356,-2.412452428061915,-0.8602056209887545,0.0380117201185469
2021-05-21,3.5882677390659117,-2.429675425422099,-0.7713173510596127,0.038874333259763146
2021-05-25,3.6075101084025394,-2.4231060650427367,-0.8628386848907372,0.04208707954677151
2021-05-26,3.4928795905112975,-2.337864835843991,-0.9589777367827222,0.03580818482462916
2021-05-27,3.555684407509457,-2.351748439757038,-0.9494486893105202,0.03708561645612944
2021-05-28,3.6031600245449353,-2.3831509876539103,-0.8613502789929413,0.03441901669461261
2021-05-31,3.5691162399983605,-2.329582097755193,-0.8680807501722917,0.03532743786115705
2021-06-01,3.5769952851486924,-2.3364400329786976,-0.8762216332159378,0.03599239473073995
2021-06-02,3.567303852418863,-2.307895506642286,-0.8663057710195395,0.03674177436593177
2021-06-03,3.5433767806655867,-2.266596861251382,-0.8448475975333861,0.03945691322997722
2021-06-04,3.451997353530075,-2.1793980695775095,-0.7437187051605457,0.04372072617189525
2021-06-07,3.4676698658053864,-2.193708539999014,-0.7316530520362765,0.041900317067257276
2021-06-08,3.4296697588829197,-2.1838536048098334,-0.6360657138006316,0.040308030665574215
2021-06-09,3.362744265867239,-2.1260817341330966,-0.5391689018072962,0.03806014160213443
2021-06-10,3.3277101729972283,-1.9703744939891332,-0.6992522438936889,0.03929351997982859
2021-06-11,3.1671003196022873,-1.7319221105721785,-0.7344320449024461,0.0340973440761193
2021-06-14,3.190610626608613,-1.667917530130596,-0.9908797691203731,0.03505464399671595
2021-06-15,3.2017944447538125,-1.6537385460357705,-1.003518253866946,0.030675285472866527
2021-06-16,3.3630125485499316,-1.8565677990187113,-0.8619009698617129,0.030241124672920585
2021-06-17,3.297275162954329,-1.8088485759081423,-0.7275752259299699,0.031097380161384552
2021-06-18,3.292836994840499,-1.7980444685207329,-0.6377361934258281,0.03302828958237596
2021-06-21,3.3566030713459494,-1.8147914044449227,-0.583755694812353,0.03688148092474904
2021-06-22,3.362795320259448,-1.7815489216478182,-0.5506365702463628,0.04080443842421201
2021-06-23,3.270799001421033,-1.725530770788962,-0.36949865346798405,0.04087394137468564
2021-06-24,3.2934161914176063,-1.6654840733955298,-0.4808330419417931,0.03906627032067837
2021-06-25,3.237964627160383,-1.5664331237177356,-0.4962061475533016,0.04105420109213115
2021-06-28,3.2266259904916397,-1.536282280760555,-0.4142578358794684,0.0390475085702917
2021-06-29,3.2229689332883793,-1.545760679719063,-0.290239264798184,0.04203554947033497
2021-06-30,3.2177260861762815,-1.5505568635984825,-0.24814210696127567,0.04137726829296035
2021-07-01,3.2790734422269474,-1.656792845359182,-0.3272145541508627,0.03901145720088388
2021-07-02,3.3609734490585264,-1.7346753893919682,-0.315766218619977,0.03789019915128374
2021-07-05,3.372526318697274,-1.7364349410674609,-0.22456586268467674,0.03632652865136695
2021-07-06,3.3841750178700267,-1.7295826127383898,-0.1264116975919725,0.03824366936071446
2021-07-07,3.348173181603654,-1.617381439445121,-0.3118285329747314,0.04016454639879489
2021-07-08,3.315307541590232,-1.4744567058946252,-0.4580679289236928,0.04102220672615208
2021-07-09,3.2547171735727187,-1.4305531789092114,-0.3727931519862402,0.03931251097130572
2021-07-12,3.2279463395517225,-1.4013859508817843,-0.4807139829308015,0.0381007878254512
2021-07-13,3.2267487794886756,-1.3816576083237952,-0.5462437740501196,0.039493524651584
2021-07-14,3.2726405831757077,-1.4177166781693666,-0.4548495769422143,0.038998932551787886
2021-07-15,3.22495298824028,-1.3754237695957368,-0.38233549567023134,0.038887608998471455
2021-07-16,3.22146138608576,-1.3783689922022098,-0.3603122307922242,0.039364936611305947
2021-07-19,3.230683152020942,-1.3924077256596097,-0.342758321322581,0.03989025601875868
2021-07-20,3.1641314920790764,-1.2790821931438938,-0.5242471558522733,0.039689904787013924
2021-07-21,3.0777823755911227,-1.3194196313041828,-0.5799104877277386,0.034207869799100316
2021-07-22,3.111370879817054,-1.3772648752551258,-0.666518174268175,0.0334251227914263
2021-07-23,3.0992125433966797,-1.3614989159661917,-0.6577982697295292,0.03325609055163379
2021-07-26,3.0929880853524727,-1.3917360821154139,-0.5564143770974064,0.033669960338712335
2021-07-27,3.1166842492498237,-1.3767712762440922,-0.7430697207159519,0.033806413045933785
2021-07-28,3.126208269012762,-1.3134248297776574,-0.7282280778165832,0.030457160396614166
2021-07-29,3.102297915732069,-1.189075736065982,-0.757517267457184,0.02972908843761732
2021-07-30,3.1269302327618638,-1.1376941026921645,-0.6336041244071976,0.030684802483787278
2021-08-02,3.141531966788605,-1.1088741662175385,-0.5839632044324007,0.03427351139441765
2021-08-03,3.1817265157319823,-1.1402512935280293,-0.5374477445102833,0.03435114012644175
2021-08-04,3.1573106215203537,-1.1150887317184248,-0.4456319296601538,0.03759854787729565
2021-08-05,3.1517750157751205,-1.0488754648813206,-0.5195671174567453,0.03464107695964531
2021-08-06,3.1647167732832147,-1.0625360605608818,-0.4567249303290298,0.034138491984560336
2021-08-09,3.191155889966335,-1.065699791179939,-0.41715116502037686,0.03509811771153998
2021-08-10,3.2232380619609264,-1.1696441205891308,-0.4349084221882543,0.030444462528898552
2021-08-11,3.3431647625406713,-1.347450925197438,-0.3562575431546928,0.0294127853812469
2021-08-12,3.275955066995571,-1.2493633102280872,-0.42740038032094074,0.026131591524041767
2021-08-13,3.2836916436105135,-1.2439078142806035,-0.5111206378531027,0.025573336826690978
2021-08-16,3.3004789779226478,-1.2467893169401745,-0.568248697948947,0.026955536904861112
2021-08-17,3.274110975821558,-1.1866018056691525,-0.6635937617977536,0.028578054201341997
2021-08-18,3.2475832596105176,-1.1613996416931691,-0.5158218058476569,0.027919142269436977
2021-08-19,3.1906177035446506,-1.060358218429703,-0.5517559867501594,0.031812794136590244
2021-08-23,3.172242968741975,-1.043629158357528,-0.49211257923467167,0.029295426740545485
2021-08-24,3.172214507108186,-0.9981919949166803,-0.5300102462713758,0.0312595399100346
2021-08-25,3.178623634636168,-0.9165583490210644,-0.719797536970224,0.03171247765801349
2021-08-26,3.2136805965336253,-0.9829182647950685,-0.6572468671045757,0.026572295024266526
2021-08-27,3.2513584192869445,-1.1048640290778038,-0.5350975342961148,0.024356649917196136
2021-08-30,3.2563148573292287,-1.122553228740945,-0.5489055050430706,0.02410060708856289
2021-08-31,3.258680491884589,-1.1223620526961502,-0.5689747619323596,0.024118818304816214
2021-09-01,3.414120562947619,-1.367614445858639,-0.5499555837953786,0.022202965084691613
2021-09-02,3.4790206455936548,-1.4211008634340017,-0.5739337407707811,0.021678564781807415
2021-09-03,3.4774135216430144,-1.3686638905692363,-0.7345426539486111,0.0279425953662519
2021-09-06,3.4731272905504595,-1.377074262450493,-0.697661331059399,0.02708489709550028
2021-09-07,3.455396325165763,-1.3857493247162018,-0.6057219578977895,0.025073782548745878
2021-09-08,3.4861054174659993,-1.38874957790302,-0.6582874351078057,0.024858718103364284
2021-09-09,3.4826401809568526,-1.3888755662045151,-0.5864157484540673,0.025599574660258084
2021-09-10,3.5012494916019206,-1.3997626407889214,-0.6321054432798071,0.025768704928691204
2021-09-13,3.4975546615861375,-1.4015152840051368,-0.6144418624364331,0.024702116051168035
2021-09-14,3.4955301238753176,-1.3476408657236998,-0.5688602808928495,0.021967169804144118
2021-09-15,3.5063923994281456,-1.3007644494256168,-0.5278521081773936,0.025999407423942134
2021-09-16,3.5608289970372455,-1.2237189703922176,-0.5909026597201121,0.027120357469822623
2021-09-17,3.5966908108667437,-1.235378362557134,-0.546336872304113,0.02594759735292175
2021-09-20,3.6624101785933485,-1.2875001376223532,-0.6095820346910786,0.02976197922442227
2021-09-21,3.6639253681707604,-1.3189922948036166,-0.4530742168313734,0.028387721381409308
2021-09-22,3.619739355465738,-1.5921580013941912,-0.40704260314196516,0.022232368683117565
2021-09-23,3.717267289150625,-1.557725290019593,-0.6962210094819969,0.021033516032999293
2021-09-24,3.7918536965286838,-1.5639530945855824,-0.6004530720289617,0.022125117405359475
2021-09-27,3.80437102038012,-1.5547140974718416,-0.6415559151973099,0.02566861837112983
2021-09-28,3.8992327221839553,-1.626983540150205,-0.5896290837187768,0.02373900542934735
2021-09-29,3.953399634942879,-1.6643255223818223,-0.6315791894943075,0.02217161216985085
2021-09-30,3.8923887570146416,-1.611359133063548,-0.6023011108603196,0.025223734884709248
2021-10-01,3.9566964475366757,-1.593747027331089,-0.683633789712224,0.023644772594172296
2021-10-04,4.010434031077529,-1.3828793896536817,-0.37982629211039426,0.029482488163999454
2021-10-05,4.0415393267427175,-1.4570887343185488,-0.3435820253597739,0.030127429148830407
2021-10-06,4.064943344818285,-1.5148284757693506,-0.39910782978438264,0.02729284618170525
2021-10-07,4.058043931755129,-1.4976962986204059,-0.3731730910375443,0.0276847751587851
2021-10-08,4.028740766971722,-1.4707323301088333,-0.3421254707093233,0.027012769900621826
2021-10-11,4.042715897836179,-1.4063722754440664,-0.4451563501254962,0.030023825217901975
2021-10-12,4.130962031485895,-1.464259175991573,-0.43206080418124887,0.030663842314212427
2021-10-13,4.184810153812922,-1.4997837586260956,-0.4280245948674492,0.031039758115061787
2021-10-14,4.1470645948792635,-1.456095230263256,-0.4081972071098849,0.030480301041949223
2021-10-15,4.122242576267869,-1.4165650738219406,-0.39737376881959335,0.032243058407735045
2021-10-18,4.286738168002489,-1.435193288520351,-0.4282197461586381,0.029792202388122666
2021-10-19,4.2921104310545495,-1.3923658678306268,-0.3452360896515454,0.029967237490844897
2021-10-20,4.283914837177992,-1.4150719860485501,-0.5046718937230261,0.03201750933194759
2021-10-21,4.261914435500792,-1.4143940833790931,-0.37559770276615356,0.03201301929383352
2021-10-22,4.2848079843392295,-1.262399844167336,-0.5250458581610741,0.03561551277070184
2021-10-25,4.27600930960187,-1.1992623832712526,-0.29988379273602056,0.033388483414106836
2021-10-26,4.226711406345433,-1.034623814290123,-0.30364368184408685,0.03908976585527914
2021-10-27,4.193290393289254,-1.0201384449196227,-0.3522294417286162,0.04109589421435979
2021-10-28,4.157667927634066,-1.0288071364118143,-0.3535687010040955,0.037569925854813
2021-10-29,4.169572404498479,-0.9836057444537609,-0.3074964055636002,0.04264135964154911
2021-11-02,4.142944497032357,-0.9301206319818185,-0.25277672035109827,0.04743448851887618
2021-11-03,4.105856125285137,-0.9025610713490917,-0.18420087474426416,0.04498422859867626
2021-11-04,4.057557911227434,-0.8256104746620802,-0.16823250612211507,0.0459989462871847
2021-11-05,4.0150625338365735,-0.6516947755644225,-0.10183457332615382,0.04224147135803633
2021-11-08,3.935767840094375,-0.5578798240626819,-0.06658639496688798,0.035593869088279065
2021-11-09,3.8845969081105434,-0.4067070993196786,-0.018714338191412303,0.03335309235037875
2021-11-10,3.779922837738509,-0.20259776853879885,0.05167347479135841,0.03884211717880748
2021-11-11,3.9172048974299876,0.0378342269717601,-0.20829647025786813,0.03694597678553392
2021-11-12,3.9190464437834103,0.0817740969013609,-0.27864219163401405,0.036355590873667895
2021-11-15,3.8764424592694233,0.16475623736969428,-0.31185645358483455,0.040627235134308444
2021-11-16,3.858991419065469,0.13219715978470079,-0.22908830966825292,0.04117774433330816
2021-11-17,3.9670739080503346,-0.03883639461584002,-0.29544268459798917,0.03700268581508203
2021-11-18,4.085393378297029,0.014991015532729976,-0.27829182390260254,0.036270722598742824
2021-11-19,4.199809849134683,0.19708253687841507,-0.3641202192384489,0.04418954669011405
2021-11-22,4.17036157725093,0.3284786019525856,-0.3849076370398312,0.0453799243110258
2021-11-23,4.306682694092036,0.45053143498217335,-0.15758481281376685,0.05056457736341613
2021-11-24,4.099303529751604,1.0345362090607375,-0.19498097401771503,0.059065473366581585
2021-11-25,4.162713103917529,1.0500102777875189,-0.36429959779746807,0.0497673410410467
2021-11-26,3.8899446804858,1.0520001418562168,-0.8879419959375479,0.05740880536412803
2021-11-29,4.059055702832227,0.724154167158943,-0.7254441441378588,0.048954449971440495
2021-11-30,4.158086033460661,0.5265122718649854,-0.6132443175770642,0.04201355021514551
2021-12-01,4.284695255115834,0.4761039736568732,-0.804654201176147,0.03975260896243765
2021-12-02,4.429554419056516,0.3290509672921463,-0.4841255249575238,0.035944453360394465
2021-12-03,4.2671403992569905,0.5774275986825228,-0.7064907362045227,0.04122221451821235
2021-12-06,4.206802415021621,0.6387824949616174,-0.6045104940724877,0.03977106066021514
2021-12-07,4.1738859237315085,0.5891544224888147,-0.6465702712217455,0.0400973296522796
2021-12-08,4.206527090095393,0.6554926042274545,-0.7234451772742211,0.04232879873094952
2021-12-09,4.2057612935664865,1.018255229086454,-1.0978645890267182,0.050463907366220244
2021-12-10,4.192543307092473,1.2236312967844867,-1.3266639701015928,0.04839904424178054
2021-12-11,4.203188822883917,1.2759667915661561,-1.3980293615762456,0.05033956226120094
2021-12-13,4.2215827319925365,1.3789650200813817,-1.492581239862471,0.055399748162993596
2021-12-14,4.2410009292010535,1.4369467940132719,-1.5064879036507177,0.05326032276227717
2021-12-15,4.387280146265049,1.3585578931435986,-1.3121946866660301,0.06024858124294362
2021-12-16,4.442873837605928,1.4897667243525303,-1.2685006870094842,0.06620978978856332
2021-12-17,4.213441871347112,1.7021646632868173,-1.2488603191497345,0.064555195214965
2021-12-20,4.22224789842616,1.703388926483502,-1.313609670898376,0.06920287147883024
2021-12-21,4.200762550014533,1.6896032535454242,-1.2258049402108966,0.06630676053242326
2021-12-22,4.215451850352556,1.6883698584283893,-1.2904398605062235,0.06753561448838909
2021-12-23,4.305293285412298,1.5151730350712556,-1.1032047360774548,0.06457479467243722
2021-12-27,4.370140659485531,1.5310987830423137,-1.1977405241358712,0.06042909877883635
2021-12-28,4.360915086004775,1.520854446238814,-1.1549529055707977,0.06203656370023156
2021-12-29,4.353004361550552,1.5086953807330896,-1.0841330426916826,0.06363532289839165
2021-12-30,4.424898184403619,1.7164568724218876,-1.4253955916020946,0.06298468693658946
2021-12-31,4.441731460794928,1.6932378557804069,-1.3504117279145682,0.057534950855948
2022-01-03,4.4309468660647475,1.6998945078437826,-1.3030519460187346,0.0604211597012549
2022-01-04,4.640631308231776,1.594875505829821,-1.3534835305126927,0.05723726881284926
2022-01-05,4.670088542750651,1.7156770113480135,-1.330133056372612,0.05461202013953332
2022-01-06,4.634520168005579,1.6854589193232177,-1.1907906331153653,0.062313284253986405
2022-01-07,4.761839614685046,1.391684912746821,-1.0825421737291727,0.05664816074115723
2022-01-10,4.710884735315384,1.1141121466842017,-0.6771110989870869,0.05767755825538342
2022-01-11,4.756966679214536,0.8008627753953719,-0.4294448834693226,0.05380597177525485
2022-01-12,4.674362421009249,0.8746912948581912,-0.4759604264794034,0.05272961443261399
2022-01-13,4.638461861394743,0.7668335897660915,-0.5502248055614462,0.047067989732615244
2022-01-14,4.563521347459521,0.8407508837109297,-0.6754611386659142,0.0430269372719046
2022-01-17,4.647047743328035,0.8209569835042934,-0.7344882270867256,0.044929909917041204
2022-01-18,4.792810971250762,0.737446976208972,-0.7336491657785669,0.04487881635179333
2022-01-19,4.900538451791753,0.7539970890262494,-0.4681683806054736,0.04740796262649693
2022-01-20,4.768715165538113,0.8330734936156861,-0.8340681443466055,0.044935622461962026
2022-01-21,4.71244917084907,0.8730173872875172,-0.7468525725442545,0.045985882447990546
2022-01-24,4.810878255937166,0.9265299415024674,-0.797430257574528,0.051393444328169294
2022-01-25,4.706811208015792,1.08288431219322,-0.9149904116415047,0.04990249544024676
2022-01-26,4.715627441910283,1.2785623646795519,-1.3136081969184783,0.04139787774954751
2022-01-27,4.752166916262295,1.4186957693360394,-1.4972631518822515,0.04564843030852133
2022-01-28,4.734440568899785,1.493585096665822,-1.3856513113506839,0.05495937980505934
2022-01-31,4.792856254477395,1.3879601656779046,-1.3182112218916568,0.04616997021927377
2022-02-01,4.888688393189931,1.273373567800379,-1.1318959331190555,0.04773512925308281
2022-02-02,4.852810261765305,1.3001558569977818,-1.0704562778537776,0.051892895204639966
2022-02-03,4.88003937934155,1.2935332302782232,-1.0661460347941487,0.05122214769040869
2022-02-04,4.872379356890737,1.1176915111158963,-1.0205962144622294,0.03990072713999047
2022-02-07,4.818523019013676,1.0157278063345307,-1.0138089674008237,0.032916156552876004
2022-02-08,4.762537591055703,1.1383463274768104,-1.364065188281248,0.031511330046595405
2022-02-09,4.6927147932400235,1.0449918566845153,-1.4476378667908563,0.020155522761527774
2022-02-10,4.720760111366502,1.0498874231312323,-1.497890304706489,0.01913978768577864
2022-02-11,4.80344169707771,1.2750152173853975,-1.3705197054651743,0.03681354005718521
2022-02-14,4.791784346792581,1.7541622978343425,-1.7846566917246531,0.044392521056578337
2022-02-15,4.81886065445547,1.8555096630163121,-1.8611993178383834,0.03995539995296812
2022-02-16,4.8419124240236915,2.009167786557357,-2.18658121009622,0.039077620657779394
2022-02-17,4.831456363483117,2.001049634408821,-2.3418816381936094,0.02990796031241186
2022-02-18,4.775166176561174,2.0244000853686788,-2.337962435633151,0.030667022661652096
2022-02-21,4.7854794696382585,2.0414802554156495,-2.534381421382086,0.03420650030647826
2022-02-22,4.868604024871985,1.9261696723311106,-2.430827692549034,0.028694548079141763
2022-02-23,4.937487916782594,1.819761294764891,-2.391212940035686,0.03031013384348618
2022-02-24,4.935858484345279,1.9770764974432942,-2.2592649321906983,0.030873006450844027
2022-02-25,5.052894423189267,2.004463450047782,-2.3223839942306683,0.03327271012387794
2022-02-28,5.122802814782211,1.987144242799262,-2.4381908769504244,0.02591604161632222
2022-03-01,5.2090511090618286,1.980033081497755,-2.4969142003642264,0.030036477111381174
2022-03-02,5.260663340252498,2.2188541934656447,-2.6433201271294635,0.02843874602836364
2022-03-03,5.197458076831844,2.59200300377418,-3.182711329188626,0.03140517670370845
2022-03-04,5.248454565402412,2.7766054385377177,-3.3126276551431917,0.029033262113253407
2022-03-07,5.590919159012909,3.6504324278678295,-4.219993926717757,0.050943206969745546
2022-03-08,5.6720802684318805,3.4622041658131355,-3.8121885827471305,0.02834350529807834
2022-03-09,5.662277316158354,3.5221324241587406,-3.9372205843320014,0.033902659143028396
2022-03-10,5.612304306073027,3.384022385373764,-3.8781725302447234,0.03984131083179141
2022-03-11,5.777457170118613,3.4846034413142277,-4.0439886727005865,0.0423614367128948
2022-03-16,5.883605826316406,3.348384490014363,-3.7009941169368896,0.04386600459666424
2022-03-17,5.762975862287555,3.1704061404914,-3.650312433505554,0.040995370616440346
2022-03-18,5.745298597153039,3.090735456198901,-3.072110704813163,0.04348702683090556
2022-03-21,5.7992078778649905,3.131225379848729,-3.196479533928568,0.04825612270841437
2022-03-22,5.863694812402458,3.236587000563966,-3.068662402088662,0.06256563967231393
2022-03-23,6.060875871326727,2.992576023662179,-2.6215561940252643,0.060219976255214525
2022-03-24,6.233558779801398,2.9866333540422585,-2.6438311335934084,0.06262275619298953
2022-03-25,6.345135644753048,3.0408316045364017,-2.7387307104108536,0.062257025376076774
2022-03-26,6.232180767990628,3.0976468498794274,-2.3956671895302084,0.06259819221922557
2022-03-28,6.19306901248593,3.0588852802051547,-1.8699232145815396,0.07064126227481846
2022-03-29,6.094027461148294,3.247752074156224,-2.087423275006732,0.06911971045971788
2022-03-30,6.008666211313457,3.320778178804266,-2.5551693179793413,0.061903842665466294
2022-03-31,5.775420726084707,3.3720052406194156,-2.473529640009535,0.049395603208089056
2022-04-01,5.577537154558988,3.5312918411117358,-2.0413217172928353,0.04587675518381423
2022-04-04,5.445956271129215,3.558591719193741,-1.5644839836792228,0.04829833016683696
2022-04-05,5.467317447545426,3.538459180917262,-1.3465553497677558,0.04076568026236317
2022-04-06,5.865800384027769,3.48069421174451,-0.7823818218643512,0.043568502968545066
2022-04-07,5.940839107012286,3.518659674238895,-1.039663632839647,0.04012611044832973
2022-04-08,6.0965995213230295,3.5379133099867444,-1.0819468573435238,0.04419812692840109
2022-04-11,6.202072049737681,3.6388758610222935,-1.3140074806124036,0.0577016124890521
2022-04-12,6.124400645751768,3.751727559064387,-1.7307691751864798,0.053355395525498686
2022-04-13,5.807175982740065,3.716817208704816,-1.530188473811191,0.046127401465923895
2022-04-14,5.645850876289338,3.5177003506646134,-1.8378049403806827,0.039882346458117786
2022-04-19,5.7640476228374204,3.5139142757012958,-1.7163535587187226,0.039155278734483656
2022-04-20,6.1175690245619965,3.3135429016372315,-1.9198181974583495,0.032878913715400394
2022-04-21,6.12715057474462,3.2542743485151098,-1.7135715811537784,0.03131223766812599
2022-04-22,6.21517885102453,3.2735959108006014,-1.7651771110260353,0.03308879811417781
2022-04-25,6.222303106822131,3.3615461757655845,-2.3468377282578294,0.0359148894606779
2022-04-26,6.353486884808977,3.2225448342211953,-2.111591086467574,0.032133351216405016
2022-04-27,6.387510602893253,3.1789244758244166,-2.021529614771167,0.027899503687131764
2022-04-28,6.299094494175531,3.1577441611036865,-1.779211552458349,0.036239333450901294
2022-04-29,6.358169940851179,3.1601867999426583,-1.8977113356384592,0.03088805508885132
2022-05-02,6.4432577171698195,3.1118809191940855,-1.9234873380587485,0.03124060642856497
2022-05-03,6.472135533918815,3.1121106208035907,-1.821022929906392,0.030870668176753876
2022-05-04,6.668224540781921,3.0376379626516194,-1.7030063189182303,0.027413668042699773
2022-05-05,6.646669475128461,3.041888449780025,-1.953795762894101,0.029871871026932968
2022-05-06,6.719434944443764,2.994055233232652,-1.8353279279816879,0.027699821014761608
2022-05-09,6.786215772434332,2.997580145782529,-1.8411064549181722,0.025917613935979345
2022-05-10,6.933602067480906,2.850123689163263,-1.9130739499367033,0.021918647004277855
2022-05-11,7.028726264525351,2.7391466811139913,-2.1358682928604993,0.020311326907470485
2022-05-12,6.938963200542886,2.6374432801342165,-1.9428416941773334,0.021526473619320603
2022-05-13,6.985339931849182,2.506064994513728,-2.018006043818771,0.02179994346209345
2022-05-16,6.905201600211863,2.521855130188636,-1.912510534804389,0.01810425886944994
2022-05-17,6.851292151757334,2.5914658653183578,-1.920257807399533,0.02277394511546871
2022-05-18,6.837116191496988,2.6199024323618465,-2.037626388587061,0.021858631354798746
2022-05-19,6.761186140713743,2.809780378790504,-2.299791529768444,0.021235619531929144
2022-05-20,6.645248373351493,2.975832713984229,-2.6615193334982084,0.025438754542212994
2022-05-23,6.503725409988722,3.0904992604850823,-3.0518073530415553,0.02770555248137826
2022-05-24,6.476514175483216,3.0488257243052495,-2.502296531627997,0.027259530873681943
2022-05-25,6.408773884207288,3.0158185257754804,-2.366858623077123,0.02333829191106572
2022-05-26,6.5619377244180415,3.068956320161325,-2.1074958239459303,0.02580252533137587
2022-05-27,6.608161242287572,3.0453635983387,-2.28356062848566,0.020856859874825176
2022-05-30,6.666341983271531,3.0347731148629213,-2.3787733617196323,0.021817007232256904
2022-05-31,6.792626028590318,2.9933226774348354,-2.4671788255159117,0.02791616258490796
2022-06-01,6.841092360823007,3.037652075346166,-2.4193657440032674,0.02470859656362895
2022-06-02,6.863090059895821,3.042190956642856,-2.576621425586805,0.022393286604382355
2022-06-03,6.855087239559786,3.0386743958554168,-2.5184572060864516,0.025723798654760963
2022-06-07,6.899379831317702,3.0263893822158927,-2.5851444014018377,0.025796215844774928
2022-06-08,6.965573577798189,3.0142819932561755,-2.3752464940722158,0.027344415964345704
2022-06-09,7.143102603833923,2.98435371148472,-2.360733415344712,0.027411990074677726
2022-06-10,7.193962163641501,3.1075642248197366,-2.17054623803986,0.033528348328916546
2022-06-13,7.530046395839547,3.1130701525193225,-2.0883946106959885,0.03288663655919662
2022-06-14,7.970064456494498,3.073550166203737,-2.3270183779776445,0.04860225996515569
2022-06-15,7.880815444373492,3.216696670863574,-2.1427315618586307,0.04937913297118771
2022-06-16,7.813156041977058,3.388571810027938,-2.5604450951323527,0.05391018644112925
2022-06-17,8.043041389392442,3.662021903430479,-2.836736580915793,0.053084690427040365
2022-06-20,8.056040031164981,3.6309581664789548,-2.8867905415891753,0.052704432691647846
2022-06-21,8.131560534505365,3.6568609851559946,-2.8940807529866417,0.05954224841255908
2022-06-22,7.933987254570878,3.6592221538393543,-2.8939548220123616,0.050954536292062876
2022-06-23,7.758972256881814,3.6038252588030857,-3.244022255608052,0.04848996995540284
2022-06-24,7.449166457684113,3.740611830123241,-3.4171621351666293,0.03596905978932463
2022-06-27,7.755743390805312,3.4946092673155853,-2.893451732115918,0.0322429631565746
2022-06-28,8.073599731677962,3.575638579100501,-3.18984788462413,0.03560341799541787
2022-06-29,7.873643487611186,4.261537147175589,-3.7904865609181386,0.04817828035516606
2022-06-30,7.785711564768418,4.753008156377161,-4.2552889455939376,0.035825164313914325
2022-07-01,7.717307502368976,4.995374448706497,-4.7457616504708575,0.03636779755130344
2022-07-04,7.6775836719307815,5.273037473405705,-4.996114916517667,0.03593293837955294
2022-07-05,7.749510718182753,5.342530152963481,-4.786872698779776,0.03536929349498628
2022-07-06,7.984644224821524,5.944906847455865,-5.688825678384312,0.04112469662110412
2022-07-07,8.080208573048571,7.36081901767429,-6.762055482895257,0.07174450004636883
2022-07-08,8.060856437722965,8.225580408404307,-7.67208314382011,0.06031119487515952
2022-07-11,8.11690662362502,8.268275067370928,-7.974485891874505,0.05838723643078886
2022-07-12,8.18500295091774,8.248659571408517,-7.791494012615891,0.06292440141601825
2022-07-13,8.373185560021598,8.846310843977504,-8.70888224525038,0.05690895595745386
2022-07-14,8.810681870877666,9.495953883806276,-9.630721359565005,0.05966174984954895
2022-07-15,8.585980719942683,9.86293734747846,-9.744802236576962,0.06521671649751878
2022-07-18,8.61557504749003,9.760749999149414,-9.687336609198187,0.06622065162053521
2022-07-19,8.572713317398868,9.550988646351355,-9.386554269838248,0.0650874485836411
2022-07-20,8.438340203325538,9.365430177526068,-9.041584083206143,0.06421570600793619
2022-07-21,8.361057621390685,9.047476436626324,-8.36998910858461,0.05691046642810348
2022-07-22,8.311445910197449,9.322144281529804,-8.890700767083517,0.06480279636248855
2022-07-25,8.142639811006253,9.383095669321511,-8.63172171372059,0.06841777956747123
2022-07-26,7.932866885129567,9.093579467704227,-8.250355732006618,0.06385079807845699
2022-07-27,7.99588762861035,9.503473527292792,-8.687512699563472,0.06088521494356743
2022-07-28,8.160698975968236,9.88780819239487,-9.184886901613202,0.07406230021927371
2022-07-29,8.031371449551068,10.755608828448544,-9.601578353958264,0.09668203510458537
2022-08-01,7.892832042224981,11.005974692425903,-9.703791641168877,0.10429782013449425
2022-08-02,7.799197890615382,11.282723154283843,-9.852171792849054,0.11076182255104974
2022-08-03,7.838187058172835,10.96382468106815,-9.922880670012388,0.10691938803250063
2022-08-04,7.86148781380983,10.382016903443782,-9.14043406930907,0.09468107531820769
2022-08-05,7.805881876230074,9.887954962314813,-8.626851468393022,0.090246358915117
2022-08-08,7.764407137148986,9.785093260578842,-8.6351683848917,0.08058330193427789
2022-08-09,7.813954183101774,10.422172216647798,-9.451541512180759,0.08175557625799913
2022-08-10,7.841329937745188,10.56581038632977,-9.610001556308292,0.08339692193407779
2022-08-11,7.8059083161259535,10.572071336244871,-9.634666328216438,0.08902953918489204
2022-08-12,7.760585194998923,10.618623781462741,-10.035550764512255,0.084929051444123
2022-08-15,7.78709499720505,10.661564153992902,-10.275822787947051,0.08169398248614736
2022-08-16,7.858945522034907,10.690913525385389,-10.34114673958169,0.08072371762590555
2022-08-17,7.97777418273079,11.276328656910641,-10.595628209072705,0.09250430634472695
2022-08-18,8.091674935883985,11.009481518775695,-9.951689895028162,0.09958899594777668
2022-08-19,8.636651502530055,10.628064760949183,-9.278295043261322,0.10504950297439916
2022-08-22,8.494547196188263,10.71486312013493,-9.322682208614708,0.1053732793918492
2022-08-23,8.966883697883059,10.531537780344156,-9.160811121925244,0.11027301441631165
2022-08-24,9.01583597879182,10.577722066983325,-9.087279281188197,0.11051952052244343
2022-08-25,8.709949553208908,11.03196718963534,-9.527988314067697,0.1187240810330461
2022-08-26,8.670551076959633,11.06880181722579,-9.304774205028245,0.11920511876186192
2022-08-29,8.69147319872493,11.178718500608039,-9.165944137585873,0.12616282340879378
2022-08-30,8.720509073673517,11.226437582076601,-9.21025404865095,0.13346656013069896
2022-08-31,8.69274770719605,11.554435695772044,-9.405571287659058,0.13301553969517907
2022-09-01,8.746628527844399,11.66220374819217,-9.695627438703857,0.13717298134306327
2022-09-02,8.830732074121714,11.404178939234173,-9.245372410626183,0.13972350717400175
2022-09-05,8.882486025606957,11.270453995825285,-9.216895928422419,0.1342942521533573
2022-09-06,8.970080178673694,11.382836147832709,-9.190216963522673,0.13806136589310414
2022-09-07,8.92434862096281,11.404756717773534,-9.172861531295247,0.1390712402488217
2022-09-08,9.188847734338804,10.523239754129266,-8.614224247636976,0.12657401737257096
2022-09-09,9.470554814897254,9.82764107285861,-8.575242868833076,0.10646097619082648
2022-09-12,9.367596063041676,9.855869733555393,-8.50074943298929,0.10468021159296417
2022-09-13,9.009708456367099,9.729222191342293,-8.477624813221684,0.10186853157648931
2022-09-14,9.033939347238569,10.086531253929325,-8.786214610166004,0.10491685268755938
2022-09-15,9.163932081227287,10.139496869065903,-9.235318778931445,0.09973108049253436
2022-09-16,9.06979513388195,10.177124900726676,-9.214249047889153,0.0984447037062478
2022-09-19,8.99101196075874,9.955223961376468,-8.769454418193959,0.09727743428644187
2022-09-20,8.992691052919126,9.89100541488348,-8.855630030931133,0.09641666421805173
2022-09-21,9.09083574005345,9.61632979678866,-8.549154764628328,0.09262617225237571
2022-09-22,9.137883393083232,9.664171621295154,-8.572015179733592,0.09557446607768033
2022-09-23,8.88555000092673,9.341506674829079,-8.980620338965034,0.08218226020708667
2022-09-26,9.208558351908268,8.948737285691312,-8.559913960123875,0.07772907629793456
2022-09-27,9.476013508540909,8.629201323120242,-8.43709182904915,0.0734548900082913
2022-09-28,9.568489756843393,7.437880511569525,-7.3523301376856045,0.05549896919819729
2022-09-29,9.670026753430845,7.225190804575733,-7.078567157796594,0.053586656757272116
2022-09-30,9.757081561684691,7.372352399787279,-7.295240663827117,0.058728883928211524
2022-10-03,9.662091818202875,7.6788664357105505,-7.357634833860673,0.0622271026153662
2022-10-04,9.522797318253852,7.891237436059445,-7.650197723346929,0.053669591094299925
2022-10-05,9.579961329527375,7.897072106218737,-7.545828482314451,0.052549914095057514
2022-10-06,9.63585028543046,7.998037896346595,-7.5424353200216565,0.05829417434025569
2022-10-07,9.652752786808753,8.196663177993623,-7.642970755265776,0.05585833071541981
2022-10-10,9.676364453383659,8.265476153925958,-7.480207085167846,0.060422774469547226
2022-10-11,9.80321754561114,8.848283685466388,-8.007307527738345,0.06550452084644948
2022-10-12,10.030250373867972,9.13706390102467,-8.139272499502882,0.07834522861175502
2022-10-13,10.194721897902621,9.422524006617259,-8.296473532287076,0.09444200444228554
2022-10-14,10.258959062297658,10.309414224569123,-9.559365577876008,0.1002441450057157
2022-10-15,9.720744544341072,11.995645182262088,-10.530153851077138,0.11229596218073006
2022-10-17,9.665165392964257,12.545771790699943,-11.001481907739887,0.12410237518798724
2022-10-18,10.1418917792493,12.761619206251629,-11.256006129522675,0.12686651174092933
2022-10-19,10.20609119766676,12.275107316529725,-10.485372644993161,0.12856394669612906
2022-10-20,10.448474954636417,12.096071918709084,-10.340325135982983,0.12536099194663483
2022-10-21,10.460286461437866,11.778474506293087,-10.20764532902784,0.11310222000492594
2022-10-24,10.600676276630152,11.549863910789632,-9.864560502001074,0.12000741953434747
2022-10-25,10.542814282781313,11.536304969943224,-9.61565841215013,0.11730261015947374
2022-10-26,10.096159684604935,11.518134442594706,-9.601863817974772,0.11388924819709334
2022-10-27,10.047867059271553,11.508411488189997,-9.695782473437147,0.11398904056792565
2022-10-28,9.877387891706887,11.26873731227212,-9.271502743979728,0.1072628866890987
2022-11-02,10.0268171978583,11.183250709505716,-9.523127426190552,0.11013143749261724
2022-11-03,10.391420607676995,10.372693764704575,-8.224928397825122,0.09825258627228367
2022-11-04,10.456515883626016,9.73835710028256,-7.3942962171537,0.10437575475146568
2022-11-07,10.1916848167328,9.141017240901839,-6.48761516218913,0.11159259014327354
2022-11-08,9.983342543755564,8.66689704670274,-6.158979851147672,0.11084650969524393
2022-11-09,9.749359498135231,8.956126876241434,-7.015887015222648,0.08802829863939395
2022-11-10,9.399145916459453,8.839694077041944,-6.934336988471297,0.08056875038504234
2022-11-11,8.134340674347857,9.24529118694524,-7.614393447637734,0.05965121035738459
2022-11-14,8.438353788187614,8.966522452812951,-8.358908503535709,0.0406766523414708
2022-11-15,8.256301630242197,8.955378720387401,-8.418461473503905,0.036876040482693745
2022-11-16,8.184731181817742,8.941007642562983,-8.485270678612164,0.03839857411899667
2022-11-17,8.468454559848826,9.124981027832938,-8.977664230513467,0.032271117855461044
2022-11-18,8.644493327283373,9.729077842106328,-9.591145277711492,0.03225804091546744
2022-11-21,8.419820165726769,9.07166818957512,-9.346650161941465,0.022553780556654645
2022-11-22,8.032969589728635,8.363030581911804,-8.809407238990135,0.01614983438247941
2022-11-23,7.945428869113623,8.502753368050637,-9.775395065109802,0.034082434562367266
2022-11-24,8.255572868718309,8.567619436432746,-9.904268115158725,0.03443540643018728
2022-11-25,8.098410952166732,8.583102572964293,-10.237283185337992,0.04898214628494208
2022-11-28,8.027051846075791,8.626902745957882,-10.131787910628177,0.043082060597031686
2022-11-29,8.123975832978527,8.577216179117801,-10.176498849045062,0.041758942682579854
2022-11-30,8.153493301525643,8.547468538108435,-10.156790521873335,0.04477410829692832
2022-12-01,8.303619566213284,8.611025747513919,-10.38525455827534,0.04154448589961282
2022-12-02,8.31807423964374,9.104880194037927,-10.839637822641187,0.04495189263003029
2022-12-05,8.203277981229913,9.430613280508622,-11.28074630059406,0.04894624989022382
2022-12-06,8.369847433728292,9.529625967791873,-11.47028422093158,0.0470033105781942
2022-12-07,8.359184017909554,10.028622120180906,-11.522005856410107,0.04136035600310827
2022-12-08,8.37186186749744,10.494962371889937,-11.78200429954256,0.055212153685637734
2022-12-09,8.713867571248281,10.775528360515459,-11.908250405737052,0.05557596347032766
2022-12-12,9.098395196363862,10.641088702850167,-11.117535858985564,0.06300879828395485
2022-12-13,9.001175877134338,10.353076394703152,-10.443909583682611,0.06008133129854846
2022-12-14,8.28495119730267,10.369799943685724,-10.423489747249876,0.06119865138622218
2022-12-15,8.42428692908305,10.310095835076886,-10.208811331385956,0.06417377303883047
2022-12-16,8.56929781344627,10.303363054036248,-9.981880407653565,0.06184237269093535
2022-12-19,8.63318804400628,10.291116790679562,-9.992784155208083,0.061511670120698816
2022-12-20,8.697779903406028,10.173530693319108,-9.769801261562048,0.06693160369028348
2022-12-21,9.017398012547835,9.818371042667696,-9.046451306106377,0.09112735720264478
2022-12-22,9.001559580839954,9.867113297108578,-9.163960317482895,0.06508346117647412
2022-12-23,8.98854893669863,9.855276330734181,-9.123710779772736,0.06645856213716211
2022-12-27,9.005469162217908,9.853198299092602,-9.192754114980461,0.06497576552232731
2022-12-28,9.010904199556823,9.882007108944265,-9.221017549805664,0.0668638624261513
2022-12-29,9.177655697752321,9.718595461579774,-8.961439877173486,0.0815598213575233
2022-12-30,9.215540872427452,9.603593661171143,-8.671045070772022,0.07204745102726842
2023-01-02,9.229357669007722,9.606420714978388,-8.741642567182224,0.07040501129474373
2023-01-03,9.14462320213256,9.585513995708043,-8.819613799590256,0.06947708203160778
2023-01-04,8.926304183895954,9.298787414288922,-8.753273693779292,0.053270794972760854
2023-01-05,8.479144258542123,9.030811871549266,-9.302631680998473,0.03997752976416344
2023-01-06,8.40112723216696,8.72603641590728,-9.925150334060154,0.023202922368237684
2023-01-09,7.871921642219553,8.811844659393449,-10.128896079534115,0.030240292498464348
2023-01-10,8.084759183135802,9.002926760392855,-10.187981436207114,0.01612352214249474
2023-01-11,8.01817555559395,9.196830765357618,-10.70765050138141,0.018842838312481253
2023-01-12,7.836836033438345,9.204329555662651,-10.462807283040368,0.022678596702236285
2023-01-13,7.761938356654119,8.87049032937977,-10.447758293059957,0.03109536393055705
2023-01-16,7.785434784326458,8.668453259248588,-10.760410136352345,0.04013924825002905
2023-01-17,7.9446672504351055,8.56374603151984,-10.440195307357351,0.038886060115987595
2023-01-18,7.735222562284855,8.412740021328743,-10.499367460009537,0.045756234975900076
2023-01-19,7.632168393256849,8.5617244573061,-11.016479654537605,0.05855227032226773
2023-01-20,7.73373171721633,8.539582768809852,-11.138519638139467,0.05590916860759264
2023-01-23,8.06745132425308,8.429916802649114,-10.988301323830838,0.06913359592593325
2023-01-24,8.134924875080483,7.993379146329387,-10.88226308324129,0.08498382456502562
2023-01-25,8.03224525037611,8.890658471359815,-12.06155308883678,0.08107448571061865
2023-01-26,8.108128643680582,8.432372667810643,-11.357260790159273,0.0906749761333255
2023-01-27,8.203556551300345,8.391812048529612,-11.321563517434873,0.0866148051410079
2023-01-30,8.450805804331514,8.267576900959542,-11.068868636302414,0.08978542077981676
2023-01-31,8.426557015996583,8.211849440258934,-10.984516088397264,0.08815781821682264
2023-02-01,8.330377196553052,8.355340919258431,-10.972457434678299,0.08211236798986994
2023-02-02,8.141830245890066,8.438213518035822,-10.900036539961786,0.08306619208078025
2023-02-03,8.116951612795013,8.327066607215714,-10.848144896818845,0.08422028115928079
2023-02-06,8.222676007889612,8.225846333321348,-10.593458708624322,0.08993481291082576
2023-02-07,8.446306626259902,7.976974636352624,-10.605669005895002,0.09347776368446152
2023-02-08,8.291498150743596,8.080150464642617,-10.521463344565447,0.08668632985644839
2023-02-09,8.08268348164365,8.553522429697118,-11.321280652563708,0.07588807133086907
2023-02-10,8.241565551289591,9.17502985392234,-11.63039456295465,0.06100161098273145
2023-02-13,8.334378232854197,9.490249266074024,-11.632609702044178,0.04550114113235868
2023-02-14,8.118727154099451,9.64919824305172,-11.706987294213125,0.05062918832486026
2023-02-15,8.291969483337018,9.307130375482577,-10.940188300152885,0.04695710472962726
2023-02-16,8.443908042919022,9.272734917422287,-10.987685163849306,0.04858794959975392
2023-02-17,8.83324886388093,9.626875466343115,-11.024302238412956,0.022230756194581074
2023-02-20,8.742108650328541,9.71585228584178,-10.754044632862108,0.017994820363782447
2023-02-21,8.903648762226652,9.575659797431811,-10.758990310818358,0.020163239099152377
2023-02-22,8.808253093634764,9.446352064699825,-10.94187081584684,0.02966792878489029
2023-02-23,8.673185608153082,9.362599170143863,-11.604700795066005,0.04748740781140567
2023-02-24,8.593110241238758,9.481163727361697,-11.810253802957943,0.047836294626612354
2023-02-27,8.417701872753941,9.358427008332608,-11.555789375370168,0.04770463714157675
2023-02-28,8.413768394783695,9.08555740342618,-11.162279160306856,0.05226397570513117
2023-03-01,8.510616619626944,8.957875693920947,-10.98067888654399,0.051161923916141994
2023-03-02,8.670634577539502,8.040902889657788,-9.57115538962174,0.05659995563287659
2023-03-03,8.612683138079591,8.101026702079803,-9.832748927554086,0.04891374700843623
2023-03-06,8.430282565305298,8.337262301654151,-9.962330751856525,0.051858167659395445
2023-03-07,8.388223922843014,8.498560143997064,-10.170042492515265,0.0545454157837428
2023-03-08,8.43002313267794,8.75905123106865,-10.336328247437503,0.05507500684721182
2023-03-09,8.457558820254103,9.052251195436627,-10.626067843033628,0.05087136289379178
2023-03-10,8.350679736289198,9.478667840623832,-10.827675883074393,0.048746274887363154
2023-03-13,8.225603520554541,9.234430795345432,-10.327009539141171,0.042625190007646634
2023-03-14,8.285514521068055,9.230069716109762,-10.364115089019641,0.043948867235204345
2023-03-16,8.386208804002756,9.168922405485462,-10.369608283664235,0.04130501124208464
2023-03-17,8.36193128667167,9.17841260431888,-10.29876871107131,0.04166287004996186
2023-03-20,8.406160891093869,9.120894545904653,-10.161488055498307,0.04389821323493177
2023-03-21,8.57813420852942,8.618378252500552,-9.964105690423821,0.05815379342107238
2023-03-22,8.471796524875213,8.474064120286608,-9.89693164338604,0.05403571747123285
2023-03-23,8.116094287690608,8.567805469843428,-9.794868341172231,0.052300134977949476
2023-03-24,8.135133334819818,8.649342033514197,-9.93083135786017,0.04933448382398095
2023-03-27,8.05421378846745,8.805425233682708,-10.040451423914385,0.046860519244332564
2023-03-28,8.06349825461187,8.808474991962877,-10.072631409436323,0.044549092096838036
2023-03-29,8.129102381745051,9.213974973275505,-10.469623739207089,0.04058263232213934
2023-03-30,8.196478752921385,9.127462079437679,-10.345463896848667,0.047459903881497484
2023-03-31,8.284175414818588,9.282519444839696,-10.556323772938484,0.048460800246773655
2023-04-03,8.471399021314443,9.341145258454212,-10.51484909602921,0.055672352959008305
2023-04-04,8.524003742689084,9.201189840654228,-10.233122596780417,0.05579978500725743
2023-04-05,8.280458081711986,9.177254925408292,-10.257155255801663,0.060845322676285285
2023-04-06,8.235872429926191,9.114056146753414,-9.919629396000367,0.06172983286807411
2023-04-11,8.187902792995603,9.087312964993146,-9.535224250013018,0.06006618524026632
2023-04-12,8.34274612729557,9.135420527086762,-9.451275212509946,0.06087389078667128
2023-04-13,8.266028344601146,9.527058769020712,-9.052267974482856,0.058135543703708166
2023-04-14,8.151999829330775,9.731935753952497,-9.730995723907695,0.05906991170306031
2023-04-17,8.21513117664391,9.703982022479108,-9.742235611935596,0.059291654311062626
2023-04-18,8.302878781749248,9.722184923074584,-9.824892316618989,0.05952113545391575
2023-04-19,8.197715474014165,9.245201117655892,-9.460821119972247,0.06374566624876857
2023-04-20,8.10712258651694,9.049162350824947,-9.63037627762178,0.07465802197401444
2023-04-21,7.8920638729917645,8.983955837563565,-9.843512608804698,0.07832813080141802
2023-04-24,7.941568385501079,8.863444051735463,-10.19170332372965,0.08188315592174272
2023-04-25,8.074219114396985,8.854348832666446,-10.768094717782017,0.08617967567553664
2023-04-26,8.067068938755382,8.760597439161995,-10.811116188991763,0.08755849743793807
2023-04-27,8.131537741857828,8.647750931515384,-10.814990992374518,0.09323741994404941
2023-04-28,8.046444419459249,8.526315896050006,-10.733163908155884,0.09950375435326393
2023-05-02,7.997562941366975,8.559433964654476,-10.648739266037625,0.09232557291127719
2023-05-03,8.080264462952472,8.690534336561038,-11.392663559251558,0.09240317934468646
2023-05-04,8.126779155440785,8.860864226558636,-11.614968373923887,0.08840838457277665
2023-05-05,8.056140392879447,8.710397645876341,-11.128038466718131,0.08709618840329084
2023-05-08,8.213948355381834,8.68053308405178,-11.192676712964461,0.08499316530951764
2023-05-09,8.183921792297681,8.685518983494271,-11.105225163961979,0.08273801138626538
2023-05-10,8.177566449407623,8.727685515205238,-11.09891861035241,0.0791164622981133
2023-05-11,8.077183684740946,8.82453042254233,-11.124796953391854,0.0708140587965235
2023-05-12,8.107345830211434,8.788333288774632,-11.121700981701988,0.0716469528301995
2023-05-15,8.140196952545613,8.800111760781764,-11.164601680679795,0.07114622688339257
2023-05-16,7.993591702315854,8.77476410269252,-10.987732331597858,0.07253009159922284
2023-05-17,8.036637704916172,8.76714788324036,-11.056390579144132,0.07056694011406757
2023-05-18,8.028737052347015,8.804323631008007,-10.98884684759814,0.07459389148619479
2023-05-19,7.9932798704233035,8.920577541932577,-10.96576379349731,0.06499129423736308
2023-05-22,7.99939753043976,9.0298656949914,-11.033441773480742,0.06839219727409504
2023-05-23,8.26817883602889,8.646270957506815,-10.287534232556785,0.0651564627269936
2023-05-24,8.25509105786458,8.242574037602841,-9.717157005068588,0.06114307518327942
2023-05-25,8.280955522165844,8.020728102686935,-9.372649205035826,0.06176289218022179
2023-05-26,8.302729903307593,8.117973759280567,-9.68909561271499,0.06946462476588477
2023-05-30,8.214057418413713,8.156724986125832,-9.658056020512781,0.06654367354232597
2023-05-31,8.14406832843165,8.263986682597817,-9.951943082617097,0.06892378114225027
2023-06-01,8.16104007092152,8.171354329650768,-9.969366731560951,0.07198670377120157
2023-06-02,8.089765400888774,8.230150878604812,-10.388230649768087,0.07773313529959248
2023-06-05,8.112579141652244,8.264553245124374,-10.414270561163578,0.07762974939850009
2023-06-06,8.000146879499521,8.347226436381701,-10.681480915524087,0.07373033630636235
2023-06-07,7.993992070820931,8.517786426306726,-10.693394952858823,0.06793004821289621
2023-06-08,7.86949354807548,8.182432650519512,-10.247424436666256,0.07104202035890869
2023-06-09,7.803421090227601,8.218194566016296,-10.300369495267866,0.07343967623893306
2023-06-12,7.699762005205899,8.011432261778872,-10.129606583120692,0.08002749602420457
2023-06-13,7.621759795504382,7.9350660483299365,-10.16149647627109,0.07418565556630947
2023-06-14,7.709877752910877,7.905132809670921,-10.339091508689252,0.07790738586742374
2023-06-15,7.696050872412687,7.918148506565868,-10.224581064465518,0.08111998792986984
2023-06-16,7.803004130821534,7.6653817060539104,-9.895475181049518,0.08745824336825851
2023-06-19,7.975979118457478,7.559402482524663,-9.971388159263773,0.08702297250243662
2023-06-20,7.989440547421052,7.535245400565257,-9.982918317882788,0.08512135574093525
2023-06-21,7.788898255683559,7.576898076955543,-9.91138485306746,0.07844259415954222
2023-06-22,7.650110609320883,7.613821194673215,-9.562048000401147,0.07298592329899979
2023-06-23,7.6121021557971185,7.619807597672578,-9.806158068801746,0.070059129456234
2023-06-26,7.554318900272615,7.655828408325318,-10.069362636179497,0.07220452911516625
2023-06-27,7.385341548172475,7.175445059019734,-9.044350793516989,0.07623915019178876
2023-06-28,7.259676791801799,7.131815918170949,-8.860681919587297,0.08101830956060078
2023-06-29,7.203289009189891,7.258886364314519,-9.297323556708411,0.08092351735033078
2023-06-30,7.302140193362008,7.325445623100263,-9.619990566646507,0.08379320680207779
2023-07-03,7.292460212219433,7.360513897424602,-9.697878179275575,0.08096951003541308
2023-07-04,7.2539314064394125,7.372992606340871,-9.726060925764202,0.08248158205544885
2023-07-05,7.054241450787619,7.563813598875431,-9.987913662293135,0.08129134964327668
2023-07-06,7.1823090102231015,7.890336490130975,-10.350382859171978,0.07717079081097412
2023-07-07,7.357986938967727,7.775149417696868,-9.908444278704016,0.07164023500018175
2023-07-10,7.426655540446318,7.609775505661633,-9.762114233348814,0.07194149260668561
2023-07-11,7.284202983946729,7.697246606752253,-9.914512053250524,0.07496841623812088
2023-07-12,7.290387016440078,7.612200403567259,-9.635261473146453,0.0708347983647575
2023-07-13,7.129294148346821,7.401492652838019,-9.414776880264604,0.06986628240648221
2023-07-14,7.0727288384698515,7.564593889525393,-9.674643496202924,0.07047022047425786
2023-07-17,6.9787024660957355,7.542248033826793,-9.563602402041692,0.07313112730652915
2023-07-18,6.801590911447216,7.628832606064428,-9.722825717244099,0.07513254428995195
2023-07-19,6.892579682454857,7.42505033197527,-9.497530115621217,0.07601284185410193
2023-07-20,7.068064583111814,7.283941326867175,-9.232549391070881,0.07702993389758372
2023-07-21,7.074035829056433,7.266392941081618,-9.230368037192825,0.07465039539659997
2023-07-24,7.110620924221391,7.240756282546121,-9.22187568559448,0.07325649440018964
2023-07-25,7.003000339917099,7.055250695792865,-8.853619136762545,0.0735478687544973
2023-07-26,7.100192012687973,6.793482756062577,-8.386560178980858,0.07142180034787306
2023-07-27,7.072599559320184,6.793393955342425,-8.616426307425318,0.07298939561091833
2023-07-28,7.084171141597173,6.65063970563615,-8.292401102529071,0.07274110783149636
2023-07-31,7.076644797847088,6.5267700028222215,-8.390121187832356,0.07319920602918673
2023-08-01,7.259722493645679,6.42543206600434,-8.327770393096396,0.07141324539043845
2023-08-02,7.416828653233294,6.408449186542134,-8.354770742690416,0.07291792890089487
2023-08-03,7.357390508034935,6.265901652288189,-7.96258246343202,0.07190166277132244
2023-08-04,7.479973790778827,6.275405130354407,-8.058558298368135,0.07405613102346993
2023-08-07,7.422699496842153,6.254993278232524,-8.032089416156607,0.07182009124013926
2023-08-08,7.397865521077927,6.269224630365034,-8.077935743488664,0.0730634709178063
2023-08-09,7.383354602694627,6.2528051040228325,-8.00096274867139,0.07271716117741536
2023-08-10,7.384036592554375,6.245211716317559,-8.137965879845176,0.06982797624069421
2023-08-11,7.214488296304215,6.2733205773353005,-8.134750853814712,0.06988299074406236
2023-08-14,7.241889414446373,5.8419698854081625,-7.717777608345165,0.0790899459023974
2023-08-15,7.481847330661781,5.42550377801606,-7.154082305558633,0.08087356813626752
2023-08-16,7.4298074628178545,5.583399488813472,-7.4888684185520304,0.07891496112808903
2023-08-17,7.772380268299596,5.255009403551243,-7.210884496096594,0.07749158902169291
2023-08-18,7.500774711846495,5.521970074379648,-7.284997432512749,0.06950821051872658
2023-08-21,7.604849246213418,5.393857697283852,-6.993222999989482,0.06924619244703178
2023-08-22,7.737570771317003,5.248756366396082,-6.7787463880449135,0.06842400241594462
2023-08-23,7.528381336941051,5.288613916140547,-6.825194383418927,0.06445212853130657
2023-08-24,7.428722942092396,5.277935503812585,-6.840974554698849,0.06527064299974016
2023-08-25,7.274779336389818,5.262729608349608,-6.8629983560462335,0.06401988661938289
2023-08-28,7.119857943579378,5.432630058210649,-7.011059763146923,0.07431449512280898
2023-08-29,7.1831665078803395,5.411985509419929,-7.203433989541473,0.07032700845947869
2023-08-30,7.21727213468983,5.3125368746442305,-7.331056198469835,0.07675870143647648
2023-08-31,7.089020998576653,5.0562132754715075,-7.202417587386515,0.08424963949701658
2023-09-01,7.116885154966711,5.049843620593965,-7.265440195465068,0.08601732885939208
2023-09-04,7.095113543843878,5.088259233258685,-7.353422584736428,0.08244015063671924
2023-09-05,7.05128941061694,5.088668533436007,-7.3080019022693685,0.08515303164439977
2023-09-06,7.3951128594365265,4.935788841972941,-7.231956766116844,0.0903767552104002
2023-09-07,7.365110445821173,4.906569157835082,-7.228547844657196,0.08946540449276087
2023-09-08,7.338378873087633,4.802054320279666,-6.972461429229136,0.0870739843509223
2023-09-11,7.218144191797059,4.797187509954768,-6.852369735591502,0.08220724060725376
2023-09-12,7.200719126945825,4.788488875951945,-6.978462803130691,0.08381679691308203
2023-09-13,7.185648301123085,4.78673515613406,-6.894221698345641,0.08166274744223319
2023-09-14,7.156931136464423,4.716986857791119,-6.926406851872176,0.08707735042912618
2023-09-15,7.149917176440931,4.631018569875238,-6.927510377227785,0.09037578121543244
2023-09-18,7.183930467348452,4.504274272861011,-7.155895297718839,0.09096755556445671
2023-09-19,7.21764946735225,4.22836050982857,-6.775354788444622,0.09395708405584931
2023-09-20,7.2090138051374515,4.103904202294375,-6.495013722559579,0.08844989456777969
2023-09-21,7.254739038364931,4.060610811598645,-6.530938465136325,0.09193509392541296
2023-09-22,7.2669987699096295,3.730271682100349,-6.13355529842116,0.09549245243118851
2023-09-25,7.26358627868994,3.7338547077027053,-6.128471868282459,0.09478406480401576
2023-09-26,7.3928667531174765,3.7942091483929845,-6.036983650454484,0.09145455107044625
2023-09-27,7.443313801000207,3.7811379081478362,-5.964887883728972,0.08720130061181895
2023-09-28,7.643483809679353,3.950999756679531,-6.0726081151773705,0.07443528607388795
2023-09-29,7.584023507103197,3.919299244204081,-5.928759747640014,0.0779530741771849
2023-10-02,7.606984825040329,3.7140699603616394,-5.55684721138073,0.06905977754002321
2023-10-03,7.651468284592391,3.3057935859063483,-4.840952184503992,0.06707523573559426
2023-10-04,7.828870663476439,3.2862997182789955,-4.953455950060779,0.06939968275631532
2023-10-05,7.835814525417387,3.423704853702378,-5.212562844504568,0.06981708902390353
2023-10-06,7.847090416507628,3.323457432925093,-4.964973362487887,0.06786154497147999
2023-10-09,7.83660169116607,3.3993879428931604,-4.9114585656782985,0.06063869660275756
2023-10-10,7.628789581648008,3.330773190657306,-4.864335183220289,0.060067550096849325
2023-10-11,7.297635734128775,3.2526050927418613,-4.71130155385092,0.06292869675459678
2023-10-12,7.340327220562261,3.2193339032660204,-4.817760524785266,0.06729189403860471
2023-10-13,7.43025540105366,3.253300553996602,-5.1227701252859,0.07543520214657118
2023-10-16,7.476236411100196,3.5441660666700594,-5.3654029754858135,0.07176194369713391
2023-10-17,7.503356822227,3.418546985297485,-5.035564404474056,0.0729153295869829
2023-10-18,7.560909316505398,3.358950609127162,-5.088217061718656,0.0647398826064123
2023-10-19,7.712085020527378,3.208314802123275,-4.689717784739973,0.06377407301038146
2023-10-20,7.659257815663134,3.135716074143483,-4.304514215719203,0.06657627153404733
2023-10-24,7.700916015461837,3.048824156931236,-4.417402753626384,0.05672115418159146
2023-10-25,7.784349399036238,2.7960655699819714,-4.192575173539405,0.06752017019465288
2023-10-26,7.755198168171829,2.3894006186689785,-3.3593086702514032,0.06712561872571185
2023-10-27,7.87274882907168,2.2743684861165017,-3.501156889257246,0.07412822725335753
2023-10-30,7.745262254557614,2.291161829375751,-3.5095909068136946,0.06979419433654148
2023-10-31,7.666481499954975,2.2577583469696663,-3.393040737648749,0.0686115972249857
2023-11-02,7.4542259047065285,2.4112766930671032,-3.591610733625041,0.07064784265576922
2023-11-03,7.381917076212755,2.3451512775279437,-3.5740016832076624,0.07008735743801014
2023-11-06,7.195766396137258,2.65742064779777,-4.263723284635336,0.08421349339857231
2023-11-07,7.405669758900281,2.3894836167582914,-3.8187149069799546,0.08132124759948617
2023-11-08,7.3534146831103495,2.413141224774819,-3.87231793190904,0.08204691310928734
2023-11-09,7.400167482929955,2.5443609327384755,-3.9316011713804935,0.07991073923139258
2023-11-10,7.302380244282634,2.3383771197312146,-3.6435927226431644,0.07340871798115578
2023-11-13,7.340530900447921,2.4027314293811863,-3.7906934017200045,0.06972632823760166
2023-11-14,7.399199040298022,2.3228019982101045,-3.60040175307426,0.07398505815508984
2023-11-15,7.177527835697774,2.4184537986763313,-3.7649220493018114,0.07589793628052054
2023-11-16,7.205069255630016,2.442315708220391,-4.031442229186176,0.07108110773228038
2023-11-17,6.91899540900178,2.3802560236414707,-3.8793048666425523,0.07389848319191207
2023-11-20,7.014336237919071,2.3402692624462227,-3.820403604826351,0.07340699708618763
2023-11-21,6.708323308511803,2.4850416890340217,-3.9939002315591132,0.08545252451403118
2023-11-22,6.968357960336918,2.245033574498432,-3.8388485046147247,0.08624188907970176
2023-11-23,7.034286520875598,2.238805681255129,-3.880664239517693,0.08165477703679888
2023-11-24,7.197489474525268,2.1583554059480328,-3.667368851693713,0.08050274341654497
2023-11-27,7.1692918795603875,2.130774595634869,-3.6297257781429586,0.0811410326401564
2023-11-28,7.023111710077268,2.1356059950869137,-3.5576786403388927,0.08117224710522258
2023-11-29,6.845548451678904,2.1940817063068057,-3.720116981571758,0.08255744269799205
2023-11-30,6.791500576757791,2.1935711025392606,-3.8655089643760494,0.08600676602841023
2023-12-01,6.922273390088535,1.9976935853577302,-3.5360652323276045,0.08795819016348881
2023-12-04,6.9027685520581015,1.9985200270016636,-3.5969182630526655,0.0871970779450717
2023-12-05,6.579312488698005,2.096358727779838,-3.8929946410556777,0.09072901651028698
2023-12-06,6.628939467796886,2.1575478943986375,-4.07859193790701,0.0954105358950724
2023-12-07,6.56972676643904,2.0774697701896763,-4.008491514639141,0.09910721250182443
2023-12-08,6.673812936564519,1.8742933884107844,-3.86784723225649,0.09637439538544079
2023-12-11,6.664964040338912,1.8460582375421428,-4.080660830866463,0.0996429134070265
2023-12-12,6.51351014608889,2.016254834570663,-4.6464234783397185,0.09175822549505033
2023-12-13,6.604425211361601,1.8332289474656382,-4.2962795312012645,0.0978135868043601
2023-12-14,6.321064292974325,1.8067802099530155,-4.371479324298169,0.09529690309425194
2023-12-15,6.279078370602089,1.4207745529503746,-3.849193653408459,0.0989313789489938
2023-12-18,6.3652474643813255,1.3702891745434367,-3.693134190790265,0.09472666305897398
2023-12-19,6.411613093893201,1.3955055712691884,-3.7875223405957064,0.09364342149405225
2023-12-20,6.268300955667401,1.3419937097758585,-3.7204817397201317,0.10505685959950582
2023-12-21,6.181380726924342,1.398656196909913,-3.991212721341459,0.09235086302850969
2023-12-22,6.125371818518343,1.5568075731064521,-3.7275328806311228,0.08299535264750729
2023-12-27,6.147340217958539,1.5453389731062663,-3.619995910317404,0.08576145728570778
2023-12-28,6.139977919776576,1.579408066873367,-3.644817677294135,0.08552807832530891
2023-12-29,6.124200209501582,1.5752510398980264,-3.6150612170115473,0.08554087947356116
2024-01-02,6.266506946610716,1.5435327690667946,-3.62066088108878,0.08098519952658746
2024-01-03,6.3241226766682805,1.4821984251412208,-3.718380664162484,0.08755547895344365
2024-01-04,6.380789008454628,1.4500429327786644,-3.9578692388178,0.08117639342084301
2024-01-05,6.47715632312315,1.2447244136519438,-3.806329809290899,0.07858552747618419
2024-01-08,6.424055153604743,1.1536803655750072,-3.8055243959208966,0.07970446791547806
2024-01-09,6.39455670940141,0.9827721868556171,-3.475356744036188,0.07269973605003652
2024-01-10,6.494522397792832,0.799234088549262,-4.130169297568654,0.06217371814464738
2024-01-11,6.2346604092768745,0.8213482994424002,-3.361143650384296,0.08267975045957172
2024-01-12,6.087109848760057,0.8390946790940158,-3.519821144334519,0.08762445827330527
2024-01-15,6.1115528628963505,0.9559673307971419,-3.744580477802938,0.08345819112698205
2024-01-16,6.1713566057148554,0.8746903888829332,-3.553486090152702,0.08890513419599574
2024-01-17,6.333155454161691,0.5854463173670993,-3.626120601160279,0.09863027182922572
2024-01-18,6.326178662967944,0.6583166929342329,-3.5314515360015144,0.09152126746202666
2024-01-19,6.263939913665255,0.6883593954101305,-3.4490686956912042,0.08775432832836047
2024-01-22,6.26290900872208,0.5928902549085844,-3.260286959347889,0.08689291605069832
2024-01-23,6.363160009533426,0.37605054878618976,-2.9818147464181317,0.09020545450040116
2024-01-24,6.394551544691952,0.20384870287690982,-2.63637543967023,0.07843545300338521
2024-01-25,6.507500386050523,0.04364175831390008,-2.0477090989863904,0.07506850990354479
2024-01-26,6.43862879943093,0.16125783746391537,-2.1686411367035947,0.06985792662854018
2024-01-29,6.531910825791604,0.14468425817902214,-2.150220803830538,0.07507648280165607
2024-01-30,6.521375742433877,0.13661073549100883,-2.0850550203385527,0.06362544276435264
2024-01-31,6.292042569252052,0.40174770013288014,-1.9793232541334718,0.05892884685574364
2024-02-01,6.267329344266775,0.36091806951894806,-2.118816419736245,0.06390430242231425
2024-02-02,6.1075449173311585,0.4935946080825749,-2.3502163394358826,0.06546602500470322
2024-02-05,6.259443798058532,0.42931615653140814,-2.1593889726555773,0.06612674666667492
2024-02-06,6.394261666336671,0.36731836355454167,-2.1837520574926543,0.06268863511225443
2024-02-07,6.41622494827981,0.36421706684875477,-2.156567034711569,0.06404799442822688
2024-02-08,6.468516690857329,0.3799637788876023,-2.182849117468383,0.06059169701588718
2024-02-09,6.35694211518771,0.24069333134698956,-2.210401107904718,0.06604514050929691
2024-02-12,6.341325259860923,0.24794208337681353,-2.1951068800774993,0.06505390332543846
2024-02-13,6.415351600300949,0.23627078502450097,-2.1938793124958855,0.06646407458605492
2024-02-14,6.492463154949473,0.14968621278687116,-2.0346559972934894,0.0644111844585581
2024-02-15,6.48404781904786,0.13190110330538077,-2.1904540711030185,0.06297576715283873
2024-02-16,6.432049131260962,0.1513099572748955,-2.103178485248342,0.06327682567339464
2024-02-19,6.372156985274559,0.23194533020223662,-2.025303636896054,0.05789179374440001
2024-02-20,6.350261017513846,0.2172483612784339,-2.032704151672816,0.05955490702452361
2024-02-21,6.320915756241353,0.18418368661601997,-2.0566607979550873,0.05874399414870623
2024-02-22,6.31748155139399,0.04541149312942648,-1.8944582013885787,0.06537627669288926
2024-02-23,6.297909773941009,0.037705099911705786,-1.9828289500158776,0.06465940082793162
2024-02-26,6.219290873234917,0.10311584348748792,-2.039631314150047,0.0628673776814797
2024-02-27,6.239064644987648,0.11547597006875154,-2.023467794236698,0.061202154304274316
2024-02-28,6.444039426083471,0.06069090515381287,-1.9407674050071813,0.06097083638466271
2024-02-29,6.393949975113541,0.05870183666429989,-1.659598681477195,0.05341884131434716
2024-03-01,6.461704354374314,0.05646746455151743,-1.6742035535536275,0.05419602379955611
2024-03-04,6.3647009906826,0.14168413604948496,-1.858907414113757,0.05276938898459144
2024-03-05,6.339126136704451,0.2122058670949659,-1.8341544908310314,0.05466359056625857
2024-03-06,6.329845485702403,0.23476439894853354,-1.9557868342726354,0.05676884054391839
2024-03-07,6.3310606719280855,0.25701065055677796,-1.9976550338720724,0.05841133190586705
2024-03-08,6.305202125266721,0.2865246254608067,-2.0962559876721194,0.059029456484481525
2024-03-11,6.279182265086252,0.22365286190477007,-2.0278107698237533,0.061073407847937584
2024-03-12,6.316457696743035,0.23271180696312027,-2.0303920656666414,0.06210516474286781
2024-03-13,6.388334357971457,0.2667530923650698,-2.119835539814838,0.061564169686536004
2024-03-14,6.321416080364555,0.8100282464758963,-2.6668624709569633,0.06065677756682628
2024-03-18,6.467351080125445,0.8575593648459375,-2.6305249113215448,0.05784167298534684
2024-03-19,6.719354937358852,0.8259339080354605,-2.438536092812263,0.04504007273997264
2024-03-20,6.403682173021058,0.6348570315848563,-1.8733015781225268,0.04452910152466086
2024-03-21,6.5130117152831115,0.6077996724869076,-2.1211399864280933,0.04669156040059282
2024-03-22,6.655152576394087,0.5242020770638137,-2.1156059374251015,0.04744464536437853
2024-03-25,6.617860817379938,0.5279576389798677,-2.013702507658698,0.04551364620884106
2024-03-26,6.6775729571479765,0.47960794860035366,-1.8989822238171539,0.04526679252133493
2024-03-27,6.706095576503997,0.4587201693676669,-1.8174416474821748,0.04289131658200441
2024-03-28,6.7736957244187135,0.4513257472221346,-1.7863731542390402,0.041078166886291984
2024-04-02,6.806611973194543,0.4290438804758743,-1.7443080259160266,0.039858576020653194
2024-04-03,6.829353137111793,0.30775871076821565,-1.454018136870154,0.03742537414580219
2024-04-04,6.853538447875043,0.1993712526111658,-1.3652146594940144,0.03858693722346366
2024-04-05,6.7414454840132185,0.1895064282964504,-1.2063176733611518,0.0361412553425097
2024-04-08,6.791722284551937,0.11537948634741807,-1.3023446529121094,0.04029858683430425
2024-04-09,6.892916436424689,-0.11842697809055215,-1.12747806690304,0.04170813539260499
2024-04-10,6.840505899555586,-0.06861040584875794,-1.1927851435098862,0.0454462389558415
2024-04-11,7.05426615708071,-0.12643815690981328,-1.026026419583887,0.04096646717528992
2024-04-12,7.076201788692632,0.05184013971679896,-1.265414008050947,0.039932962479533034
2024-04-15,7.006537583806318,0.11780514123801286,-1.0613234519869268,0.0320223050519419
2024-04-16,7.236859605794848,0.090401523819522,-1.0111533329227351,0.029706508044980033
2024-04-17,7.350209219684707,0.10930110885990983,-1.1447381766525944,0.027713285783725238
2024-04-18,7.2805420377273,0.11703531044277389,-0.991745720853813,0.02854700463856022
2024-04-19,7.254912386124844,0.10531700395761594,-1.018948874120445,0.029870881951938145
2024-04-22,7.240385218524536,0.11176003210936507,-0.9662153914947933,0.025468837741679587
2024-04-23,7.186833661098894,0.13292843775437513,-0.9701401615754234,0.024851047293586722
2024-04-24,7.019338201491495,0.11462453487966623,-0.8477016989217032,0.02259562229815586
2024-04-25,7.065302942422132,0.03527787612411164,-0.704892097347242,0.023719780748118105
2024-04-26,7.261083837001427,0.00499795768866991,-1.113002740558926,0.015185210841462517
2024-04-29,7.235813185646865,0.009708766132720273,-0.966550145539347,0.012598772951468046
2024-04-30,7.22012753849503,-0.07180372295796997,-0.8510322886393789,0.017433766262123906
2024-05-02,7.20572822811049,-0.09769847260264251,-0.8449245235011694,0.01886380780816838
2024-05-03,7.0645704340420945,-0.15301348113834573,-0.8110268067833927,0.023192891145911183
2024-05-06,6.924957296866311,-0.08286484485289916,-1.0098334315453017,0.026260435562998365
2024-05-07,6.794625002035313,0.005388633341879281,-1.3346489160474788,0.02626854164476964
2024-05-08,6.672584487400188,0.04544099039275939,-1.4036784789067125,0.03721371554758406
2024-05-09,6.729256029113093,0.049358437155895815,-1.297804462321008,0.032021898589643
2024-05-10,6.8582309867066265,-0.027356961150135143,-1.3270423458412315,0.03105519543135427
2024-05-13,6.812895137196207,-0.0471217127970869,-1.1637508774167598,0.034714964471815206
2024-05-14,6.814025057997145,-0.005795625663179217,-1.2475900741733688,0.03117453893064385
2024-05-15,6.806548385469913,0.027821480654528778,-1.3695139440681277,0.03356781411523555
2024-05-16,6.668342012162667,0.10458814803299714,-1.4789932246454633,0.032019667275797775
2024-05-17,6.683033014725438,0.0454010288395594,-1.3715628931371773,0.037376861323981526
2024-05-21,6.7588749050930295,-0.036610694524377804,-1.2310115679079783,0.03867302872001401
2024-05-22,6.816163102372074,-0.07063478341902998,-1.3617989037493603,0.035380246952199566
2024-05-23,6.8866198316362395,-0.06676160321452612,-1.2780224246435476,0.04183974150994954
2024-05-24,6.999369811853646,-0.12482024611390775,-1.2762023795553854,0.035247364994371685
2024-05-27,7.095755706394942,-0.2389312133243603,-1.001382681484522,0.03670985333410242
2024-05-28,7.095755706394942,-0.2389312133243603,-1.001382681484522,0.03670985333410242
2024-05-29,7.0457557063949405,-0.23893121332436495,-1.0013826814845113,0.03670985333410254
2024-05-30,7.032540730728487,-0.31144565800166507,-0.8213904307819887,0.03547057911453084
2024-05-31,6.977227325174808,-0.2672850763410381,-0.8765322882909846,0.03280391465353748
2024-06-03,6.918539236897394,-0.22291631874635903,-1.013129035166498,0.033764608946201
2024-06-04,6.852842680571205,-0.13954095519402437,-1.1088968032468034,0.03109516655470701
2024-06-05,6.832560341775112,-0.14487662401259696,-1.0963166525421335,0.03335712580686435
2024-06-06,6.769037245983257,-0.16914538180843472,-1.0623437555860504,0.03479570015209426
2024-06-07,6.625678721688333,-0.15989975236836754,-0.9203382074941521,0.04396589551751694
2024-06-10,6.715115400815961,-0.259202419760902,-0.9987081581641352,0.03542867107863127
2024-06-11,6.842870410251536,-0.3195922506260133,-1.0069454163697251,0.03492147876652348
2024-06-12,6.966325552508597,-0.3687042081677868,-1.3704325309045258,0.03257047626727591
2024-06-13,6.822829892491445,-0.3483073086325085,-1.2243546287356255,0.037376534933279776
2024-06-14,6.945454557573846,-0.33949548566234833,-1.4143165681042258,0.03357698776649858
2024-06-17,6.978922595948212,-0.2638444386621294,-1.5560241523015728,0.027972681893108354
2024-06-18,6.9984608294053565,-0.2606816748695205,-1.6368365203699717,0.02565718282174689
2024-06-19,6.892456204255718,-0.1983290812282269,-1.499771472781887,0.04166957540956644
2024-06-20,6.8211560491619245,-0.12118459652225395,-1.4109093129383907,0.035519479964645675
2024-06-21,6.883837965638187,-0.08135269645940942,-1.5631750680672196,0.031051224664689694
2024-06-24,6.861874541964132,-0.007622404415308298,-1.5443901908708175,0.02866626374333148
2024-06-25,6.846130776986333,-0.06588543948024009,-1.392543098918315,0.03225750877262555
2024-06-26,6.904605686446186,-0.07271795019154502,-1.7114419023014407,0.02346723335140269
2024-06-27,6.90703156269675,-0.1288935481951247,-1.6772644338133118,0.02298340262725361
2024-06-28,6.849900699679053,-0.2351928446509156,-1.3660461358980804,0.032325811401672525
2024-07-01,6.86938233106362,-0.34221531125399113,-1.2974446982082024,0.03917310474222815
2024-07-02,6.913600886024491,-0.43021095182468655,-1.0802901443313064,0.04230103565807219
2024-07-03,6.966958216737467,-0.4886262323917356,-1.1142803692923071,0.03976919862798089
2024-07-04,6.945942708054262,-0.47781746586656343,-1.1196721673877565,0.04193869543424113
2024-07-05,7.046087037160254,-0.4786118802602733,-1.3833158965963317,0.035620390689406194
2024-07-08,7.042836723345143,-0.47720883437469713,-1.4874051565106226,0.029272513588974015
2024-07-09,6.924189300009374,-0.5030817015790973,-1.433568939170327,0.03289145126877352
2024-07-10,6.858990196666709,-0.5304487680976544,-1.3948868365207046,0.044122918866697065
2024-07-11,6.770114843758437,-0.5245019265554225,-1.215315731958109,0.04559228674839868
2024-07-12,6.63643184878529,-0.3027786271476682,-1.6294891564208764,0.04557658168014836
2024-07-15,6.584358579506033,-0.2234174542954639,-1.6661775507196457,0.046986048661378246
2024-07-16,6.383615435109705,-0.05152030074149275,-1.8681146234196577,0.049257630818102034
2024-07-17,6.398899863963879,-0.11991466709747986,-1.7221122954485553,0.048825185451379954
2024-07-18,6.466644261987864,-0.19624794658996103,-1.6080204002844358,0.050992878293449236
2024-07-19,6.48932885081684,-0.2393803758837243,-1.658929256008888,0.049918199771542736
2024-07-22,6.476733471522337,-0.2573621796271172,-1.5670611185240964,0.04939685216931358
2024-07-23,6.504572138310354,-0.3097556514887517,-1.8451732821046558,0.05122317735702672
2024-07-24,6.518236507748062,-0.27876528781143867,-1.7848301959783575,0.05378688913513113
2024-07-25,6.470329665952065,-0.2610751403916418,-1.765804676680829,0.05091081003830144
2024-07-26,6.495367043818922,-0.30560352775158356,-1.6920467078940176,0.05032419775001968
2024-07-29,6.51243671692715,-0.30314936159258177,-1.7617549186945325,0.04627764370271841
2024-07-30,6.397460617260472,-0.36216990987957365,-1.9405110671204775,0.0367793351946063
2024-07-31,6.230162866789834,-0.372819529570871,-1.5559982017156395,0.04993253321625847
2024-08-01,6.2390945688815425,-0.434042237827709,-1.4898422955162034,0.049387282346162596
2024-08-02,6.216678260825988,-0.4668912654501098,-1.7692814208007015,0.04195997474384544
2024-08-03,6.311955259157498,-0.5004190928145675,-2.109464867517686,0.04203653163834219
2024-08-05,6.109562007727397,-0.4800742493047082,-1.5646324934800067,0.05445868509245695
2024-08-06,6.37813418266802,-0.5398960163785391,-2.366424518975977,0.04144291925787634
2024-08-07,6.398030751310336,-0.523291417981368,-2.3266685675269474,0.0393300221487075
2024-08-08,6.275809145556178,-0.5424839199615523,-1.6992095319496527,0.061076126696910586
2024-08-09,6.334089047060797,-0.5330071225502125,-1.648910471372078,0.06031680020322797
2024-08-12,6.706977751642331,-0.4645252368267009,-2.6549151180838164,0.04201116577429448
2024-08-13,6.701891723418719,-0.45576281813668623,-2.7897399191010015,0.04417165651512954
2024-08-14,6.499922544043546,-0.45894272327126573,-2.400885315875351,0.04279699562852053
2024-08-15,6.324031714145426,-0.4769444342542503,-1.7636924104455325,0.05559194991975282
2024-08-16,6.360625521302226,-0.42698677873024693,-1.7675704290931769,0.043897313301461405
2024-08-21,6.357373540282079,-0.36539439035866517,-1.5965075504119197,0.04642040615766812
2024-08-22,6.350910389447236,-0.3840695225519377,-1.5928941405081947,0.04435247833732041
2024-08-23,6.3254952686015535,-0.41133481287811263,-1.506056945710375,0.0460640605326956
2024-08-26,6.329693847931584,-0.3882530275781091,-1.6256834406808642,0.0451270116026078
2024-08-27,6.31318527715233,-0.4244080373138927,-1.581979948441986,0.04621336250489002
2024-08-28,6.535622649464986,-0.4755300708388975,-2.151735303046159,0.03651550998333635
2024-08-29,6.411314768811912,-0.5059609633733334,-1.532729615194244,0.04876079472218386
2024-08-30,6.531252338244167,-0.5299042582659588,-2.0418259559948515,0.034378935327722175
2024-09-02,6.418943201239823,-0.5192214465793982,-1.6419987634971398,0.043529453613947916
2024-09-03,6.425896946417653,-0.5494477829739471,-1.5230611211951417,0.05175538887070877
2024-09-04,6.409659090934571,-0.6290416506605027,-1.5166031123354862,0.05409888136967546
2024-09-05,6.421669749810495,-0.638758592354284,-1.7676063260660477,0.043275707794521626
2024-09-06,6.276930996295575,-0.5447598496643822,-1.7409935802169734,0.051211717097077
2024-09-09,6.42277614375585,-0.6395520621930388,-2.0283869511802473,0.03798602591461432
2024-09-10,6.428365172375265,-0.8155279298587615,-1.9382497862709362,0.04468403660437793
2024-09-11,6.4215365814309955,-0.8185465257394391,-1.9059373959400288,0.04736272752855321
2024-09-12,6.427926884932314,-0.7638556446889573,-1.9737181959364558,0.052586047233085964
2024-09-13,6.406128575468764,-0.7223413529887914,-1.9443001343062032,0.0569829979311917
2024-09-16,6.400506428403547,-0.6776208418274035,-2.0329098114317197,0.054763136888036454
2024-09-17,6.417059324963482,-0.6349601204269335,-2.2458323669253826,0.04790661354885201
2024-09-18,6.420672181071338,-0.6354286403302577,-2.1412380843324206,0.04773324831805888
2024-09-19,6.450630924439205,-0.6413287388705077,-2.1660537540973612,0.04902938202112553
2024-09-20,6.607718940806948,-0.7968307894578585,-2.1094905620749835,0.03741343874536998
2024-09-23,6.569107230234945,-0.8070417656116708,-1.8964669665184053,0.044347266202959784
2024-09-24,6.610292683651093,-0.8870692780537639,-2.071988928117685,0.04566304332796423
2024-09-25,6.613578931716128,-0.9684911852218603,-2.1624765162813806,0.04151374016285036
2024-09-26,6.62132204219085,-1.0291154205170086,-2.255009008170465,0.03860023805765296
2024-09-27,6.595568280837822,-0.966126694006334,-2.634880755874097,0.034425903486225706
2024-09-30,6.47534428759152,-0.9513521028153343,-2.2124329970826704,0.04398073094869789
2024-10-01,6.489794792715935,-0.9473876722436085,-2.1755215408374826,0.05016880634657498
2024-10-02,6.644525700531848,-0.9372132157840458,-2.5082280625068543,0.0378672012811475
2024-10-03,6.807562342813833,-0.8924712446801643,-2.3779809871752655,0.03611174556344308
2024-10-04,6.944596894848785,-0.8295372462324172,-2.7724938706429465,0.03653187166486948
2024-10-07,6.957853857987239,-0.905088494215496,-2.0247432938654235,0.032209019004170336
2024-10-08,6.863202148083957,-0.9135544368852577,-1.6475042974695755,0.03056068155375309
2024-10-09,6.830412275447257,-0.7551519770635504,-1.820774924592544,0.0294191902486136
2024-10-10,6.7698625557302226,-0.8763394793891057,-1.6764837259468741,0.028116827095298353
2024-10-11,6.7294643321327845,-0.8124263257683177,-1.6221580409987226,0.03063239621717814
2024-10-14,6.901141594720947,-0.9024586770509527,-1.6829590085548773,0.025859124700505495
2024-10-15,6.895169427517048,-0.8593076076033984,-1.473033886047537,0.023510656507912016
2024-10-16,6.76993377978739,-0.8420632444582299,-1.5726080711755663,0.033165326158319214
2024-10-17,7.144387515898044,-0.9807047728971038,-2.0592648124767416,0.024781923119370722
2024-10-18,7.168864714820602,-0.8386888066344612,-2.2272103183904894,0.021578508666988027
2024-10-21,7.114516721559789,-0.8360839742490253,-1.8983880819532584,0.019316046583480656
2024-10-22,7.439695112589059,-0.977011791042037,-1.5138586097312472,0.019107824085263563
2024-10-24,7.273025055718512,-0.7846225979613093,-1.84117115245944,0.013800517191088633
2024-10-25,7.286505713011512,-0.8766550946212733,-1.6454213808242917,0.01789664443023992
2024-10-28,7.404897396787973,-0.9056953847560449,-1.4155419648159862,0.009647021946305985
2024-10-29,7.5182700109075284,-0.915019175577145,-1.2390261832091485,0.007691781239477582
2024-10-30,7.276339363760641,-0.6678155086509516,-1.7224548809453526,0.010986794831455001
2024-10-31,7.32714099753069,-0.5527001469368454,-1.255572699973904,0.008051600917132815
2024-11-04,7.342584883857378,-0.46826906125010165,-1.3135261231660396,0.013340128407642567
2024-11-05,7.336445674486028,-0.47710526166784145,-1.4819060612831085,0.012949747859506188
2024-11-06,7.339762438424486,-0.43996556040063733,-1.4023179348452628,0.010588009386733405
2024-11-07,7.354274826081414,-0.6249262647522884,-1.094372602425504,0.008355616987067842
2024-11-08,7.124426038519536,-0.6749929672927029,-1.7750005837736955,0.012487576622540762
2024-11-11,7.12528058790563,-0.6629338064158681,-1.271534484619015,0.013209047787781942
2024-11-12,7.1189462793916345,-0.615818655192086,-1.1135439515148255,0.018156372476786194
2024-11-13,7.1810687660740555,-0.7099990306880565,-1.227495070775046,0.013807776213380077
2024-11-14,7.12794612343034,-0.7447511665837038,-1.1014234596724062,0.013970721744966082
2024-11-15,7.031487824654847,-0.6592606686861425,-1.5733380625112268,0.019003494708449746
2024-11-18,6.988590903668721,-0.7036470826498347,-1.3320223739079868,0.021936941536557297
2024-11-19,7.038440904312349,-0.7582501512771164,-1.6115923021870209,0.018966399535914103
2024-11-20,7.050463419774809,-0.7922456733401,-1.466924266765111,0.019274927623589306
2024-11-21,7.031232865863091,-0.721237592467291,-1.3704485405789835,0.01717686942223149
2024-11-22,7.011579571028379,-0.6240904332028273,-1.5250997876292431,0.01984228633647556
2024-11-25,6.917960479837929,-0.5469018232849612,-1.8910162522617102,0.012376437664719403
2024-11-26,6.894063847415653,-0.524567876975441,-2.047750010713553,0.013917025923645639
2024-11-27,6.833415414284529,-0.5538376266474436,-1.7265663534845885,0.02465912396567164
2024-11-28,6.9064674158596855,-0.43604113654091303,-1.5608450500708717,0.02342069422107544
2024-11-29,6.9142990402081805,-0.41060558116251905,-1.6581356769635311,0.01832233255088507
2024-12-02,6.903131331882214,-0.4308266411196517,-1.5686956118543318,0.018840673491439426
2024-12-03,6.910020350829595,-0.4286696293094361,-1.5999546841485586,0.018341493835280376
2024-12-04,6.905677762007645,-0.4190687023962494,-1.579835715681286,0.018951552915816714
2024-12-05,7.016970804490614,-0.4375949670587698,-1.6452459024400954,0.019596766708661346
2024-12-06,6.999844674766571,-0.4564106846278617,-1.6217858214568293,0.020511092184173924
2024-12-07,7.016632009078704,-0.4592921872874379,-1.6789138815526643,0.019155499116513684
2024-12-09,6.973186974988351,-0.4437086895106426,-1.6646878714752207,0.019720780845526732
2024-12-10,6.949183082691887,-0.4467833925733311,-1.6403866992906673,0.01698725594765045
2024-12-11,6.910329252709837,-0.4283198599333632,-1.6999863838556815,0.017981886600517964
2024-12-12,6.883357720498191,-0.4422770688240768,-1.718358651091334,0.021429658075376636
2024-12-13,6.814130905859127,-0.44800031274660745,-1.6586671443460386,0.02034223280458515
2024-12-14,6.912386204293182,-0.4649725218533268,-1.6937432360010014,0.02019499496305851
2024-12-16,6.898568039889604,-0.48786477095035896,-1.5386823738800763,0.02326853743148368
2024-12-17,7.1261721787030865,-0.6519233221664481,-1.3256382032787088,0.018841195289555236
2024-12-18,7.137808082877498,-0.69640825581846,-1.2144020409142582,0.020363438756010793
2024-12-19,7.076923849683751,-0.6328986892665571,-1.2557405637458796,0.016345177782891386
2024-12-20,7.216595506217648,-0.7183013556711165,-1.09515563497337,0.021851095658452648
2024-12-23,7.2384819200412265,-0.7120852568225651,-1.1562390484445237,0.01717567232304405
2024-12-30,7.277266996543691,-0.7414648639677208,-1.069738357195651,0.017597807901084398
2024-12-31,7.273758999515958,-0.7358365023915695,-1.0504109437761004,0.01769919051824632
2025-01-02,7.273758999515958,-0.7358365023915695,-1.0504109437761004,0.01769919051824632
2025-01-03,7.283665168926232,-0.7282489394163981,-1.1732690869398597,0.014510526610404209
2025-01-06,7.310347749454574,-0.7367745696701904,-1.0622314018176031,0.016109745280655875
2025-01-07,7.292064257943978,-0.7414097921476347,-1.0351183571284253,0.012853343928508593
2025-01-08,7.39404589683504,-0.8943456722001524,-0.71773695225321,0.014544320465302534
2025-01-09,7.41623086385542,-0.9108566081397955,-0.7118904204123604,0.014940256961363071
2025-01-10,7.396358651575607,-0.9754628040959282,-0.7335808553317315,0.020476007192910053
2025-01-13,7.532009316779239,-1.1372558682821028,-0.5769923814637216,0.014173787184587602
2025-01-14,7.571689296614229,-1.1041194544269952,-0.5883834833717034,0.0167360178200831
2025-01-15,7.524094371644752,-1.1060675107387283,-0.6731454354095969,0.018563351957134513
2025-01-16,7.431982385929659,-1.0116313894470814,-0.9966591760198885,0.02151587737497706
2025-01-17,7.421818001085181,-1.0337583956544216,-0.9727942688299668,0.021383813630542158
2025-01-20,7.414872288898821,-0.9512152097988247,-1.1299866081667085,0.017728947819749232
2025-01-21,7.373636474386873,-0.8801336873729546,-1.27278458621021,0.019278679309717564
2025-01-22,7.328446840928688,-0.8685635652591753,-1.2589666543935645,0.016559567749707526
2025-01-23,7.2572661377257965,-0.8211305754553596,-1.112243434667117,0.014813462919594959
2025-01-24,7.254882084045631,-0.8209700707200352,-1.248472018874373,0.01775024148539041
2025-01-27,7.390209632403961,-0.9258164300587157,-1.637178584331546,0.024236995322933004
2025-01-28,7.3864090263543,-0.9651861765768667,-1.508164665053013,0.02034905860006351
2025-01-29,7.294032991163202,-0.8136083122332538,-1.7439739756042432,0.01567508372003075
2025-01-30,7.29007957569604,-0.7933068911539117,-1.7517336426661567,0.018820988561862192
2025-01-31,7.271173028948648,-0.8245317729622791,-1.5193808658305668,0.018442445769641734
2025-02-03,7.375438580931369,-0.9600709977043212,-1.1866948383173563,0.019930973524220432
2025-02-04,7.296209245167643,-0.8842126573982945,-1.4498762356556785,0.016678824663643427
2025-02-05,7.22975311729472,-0.800235573423431,-1.658651133029422,0.014830782111560104
2025-02-06,7.2031217768424,-0.8184097673401716,-1.502654581977673,0.015280250273315534
2025-02-07,7.16423902592975,-0.7587701834087641,-1.742792453613509,0.017816446793766712
2025-02-10,7.198771184131897,-0.7570525534607149,-1.6079648631146792,0.019009941687775915
2025-02-11,7.276037586054926,-0.6661607279415518,-1.6220864661039098,0.017633638188642838
2025-02-12,7.3706580875441,-0.7313182836463152,-1.3800164810164264,0.015323615590856316
2025-02-13,7.405233382471976,-0.7186562211955849,-1.7802105870981675,0.023988967343178833
2025-02-14,7.4356650799644814,-0.6816917765374936,-1.912229233635215,0.021412182445399355
2025-02-17,7.385043885551523,-0.7076317177231399,-1.7147523889585652,0.013055287747525082
2025-02-18,7.323662494683659,-0.6380311015493855,-1.8343985298133032,0.01318416617623121
2025-02-19,7.311085161971366,-0.7400735197047854,-1.5006800571783299,0.011107240221785358
2025-02-20,7.3188441732946945,-0.7683549572039192,-1.391336337988252,0.0072886617376612325
2025-02-21,7.277182446761852,-0.7665619015915458,-1.3703445964451144,0.009668513997499656
2025-02-24,7.270059659318592,-0.7619568937569131,-1.392372497392747,0.009523752054721361
2025-02-25,7.201897802640179,-0.7836866715330024,-1.3467567467224792,0.010315062317326854
2025-02-26,7.19194401727078,-0.8062631765977812,-1.3433976092641249,0.01580883186821592
2025-02-27,7.177309901881955,-0.8107803299327621,-1.3753414012395273,0.016514712726805967
2025-02-28,7.144232333941628,-0.7500572337391754,-1.6407135726967719,0.016854274584358706
2025-03-03,7.13512209150621,-0.6440638075320259,-1.7126613020444987,0.018446514837466996
2025-03-04,7.077567710711038,-0.6091937313389112,-1.825994677319512,0.017381757583978148
2025-03-05,7.145276336724915,-0.6689179122133105,-1.6012831906202254,0.0212472156258523
2025-03-06,7.223033615109953,-0.7559480348003804,-1.5558133512654568,0.023886026788248887
2025-03-07,7.258423349837043,-0.8505260064035848,-1.3910901561867393,0.024234903178081448
2025-03-10,7.248615526191204,-0.7964992257173088,-1.5343079099188595,0.02116323577933912
2025-03-11,7.290021867304766,-0.8296550588679262,-1.3714614165283217,0.021150555685607968
2025-03-12,7.383052832337342,-0.8966228982392322,-1.1744060158616845,0.018229328646408943
2025-03-13,7.461581626692169,-0.9358995285325539,-1.0719419641955121,0.013622043864559797
2025-03-14,7.385538359552301,-0.8004939979423503,-1.3057264267633588,0.012868070174226922
2025-03-17,7.357603831664541,-0.7798443154510153,-1.335092803422485,0.013671698573642989
2025-03-18,7.3627296674927125,-0.8151343870819914,-1.356931931582788,0.013920334928154815
2025-03-19,7.376145336633694,-0.9012570441150178,-1.2138704951141537,0.017349305476651748
2025-03-20,7.395223793857832,-0.893562645761977,-1.3064216386773007,0.0174823500572754
2025-03-21,7.411462674524885,-0.9819534239997822,-1.0731697299812324,0.01595066717958418
2025-03-24,7.4830546521350385,-1.0105967722285865,-0.9890267682175486,0.015387216591006938
2025-03-25,7.5241514116771215,-0.9948112274125883,-1.0172850073802988,0.018433486836235274
2025-03-26,7.319820893653186,-0.8242393734467498,-1.341542753828375,0.017384734306925564
2025-03-27,7.4259430974865195,-0.9240121999909459,-1.148250083419969,0.01720386925528538
2025-03-28,7.430010694558677,-0.9297833998030033,-1.122206846073428,0.018601407245418467
2025-03-31,7.488181659112662,-0.9439413786612899,-1.0866496441943203,0.01596449477416892
2025-04-01,7.478090024537649,-0.9388447511390299,-1.049918699317499,0.013093124855317231
2025-04-02,7.361245954768529,-0.8587202069424139,-1.200489864668307,0.015704686583294207
2025-04-03,7.321706709223057,-0.8947140488769983,-1.2666719826441686,0.01926197738887371
2025-04-04,7.121040955648978,-0.8213313768008419,-1.394929612525849,0.02142790767399416
2025-04-07,7.102721094898653,-0.9075491797731291,-1.397123629507822,0.022864293994918697
2025-04-08,7.2758921112772885,-1.1809936980186295,-1.397520744853049,0.029984371766053574
2025-04-09,7.451429633436474,-1.3893437002436502,-1.1702797396428302,0.03919524412453757
2025-04-10,7.268807392933632,-1.099013908652436,-1.4516621282090443,0.02725664098907965
2025-04-11,7.3784133925783735,-1.2092680206592474,-1.4566152978219424,0.032115587549132046
2025-04-14,7.333832059338098,-1.2722225948156063,-1.2854813208219955,0.035571008008760036
2025-04-15,7.409166793469436,-1.2530963960732233,-1.4511934074447772,0.03867228942080517
2025-04-16,7.3372083426295385,-1.2619437415782813,-1.3926258369405715,0.03864017100747521
2025-04-17,7.348876762458095,-1.3406544350396785,-1.4264177448634277,0.03763405156613074
2025-04-22,7.246261114054909,-1.3019255370961862,-1.6876108558004206,0.048830426916693745
2025-04-23,7.1624457412360325,-1.2629777835877498,-1.8324564439630178,0.05364434935170759
2025-04-24,7.22181801408031,-1.2492261761611774,-1.7625524547577416,0.049021962470274676
2025-04-25,7.1936947789454955,-1.2555981486391026,-1.6182845395672065,0.04910493286748354
2025-04-28,7.201387422584807,-1.2781290798328004,-1.7680440370541315,0.05012726226568924
2025-04-29,7.1126384703817145,-1.18038103690889,-1.971320231685036,0.055703298941075695
2025-04-30,7.045768425259877,-1.1241169362944399,-1.9130301855800813,0.056297326023888455
2025-05-05,7.081711471123858,-1.0745716638425806,-2.1745076249818363,0.049845562575780544
2025-05-06,7.105706777223357,-1.1033053852348549,-2.0186899052880203,0.04908368503998413
2025-05-07,7.12725994666032,-1.1209131250715894,-1.886657509157778,0.050614773575072526
2025-05-08,7.045913996479805,-1.0799040433670994,-2.0446502330571468,0.050914900081241145
2025-05-09,7.093422362235587,-1.2430773517638318,-1.7580179847088033,0.051491215585820004
2025-05-12,7.145511650514147,-1.2966431840719461,-1.6722007124702047,0.05457627333450839
2025-05-13,7.150892493627936,-1.2938385503798664,-1.6271592710744442,0.05277213304903126
2025-05-14,7.23939725666466,-1.30545705434477,-1.5933999250047672,0.052777020199526646
2025-05-15,7.258831468888648,-1.2455185982458203,-1.6746914604615866,0.047225281806557794
2025-05-16,7.17947540760266,-1.128159641750283,-1.9016784079077216,0.04276804141936849
2025-05-17,7.243038267955534,-1.1636198602525056,-1.5611793461076506,0.04717705432729475
2025-05-19,7.3595470027442325,-1.2485683565259815,-1.6425114749396668,0.048761216486218596
2025-05-20,7.195107339942652,-1.2028810239248684,-1.5747678740366027,0.04921714318436488
2025-05-21,7.296941629449888,-1.2634078161333564,-1.4706433157452397,0.04425989735288455
2025-05-22,7.335165328391221,-1.2875577832342415,-1.6506117465232406,0.04910514335480725
2025-05-23,7.301372001620245,-1.2752366816855867,-1.728299682226674,0.0553564855675622
2025-05-26,7.297553135889704,-1.3305212205434198,-1.71073247654523,0.0553738196238496
2025-05-27,7.294965782434623,-1.3081693265879675,-1.9236343189237695,0.05600005213417734
2025-05-28,7.353272181385597,-1.3140189933761126,-1.7825781038126822,0.055751530909305715
2025-05-29,7.3472784621535405,-1.2808096762389138,-1.9336312077219775,0.045929953396394774
2025-05-30,7.282818526538087,-1.2446061059647404,-2.064943266787176,0.04362649684968858
2025-06-02,7.302285379442327,-1.296100343137756,-1.7818665719655005,0.04864727205550746
2025-06-03,7.228104646850065,-1.241493706949387,-1.928507968603804,0.049385392746065515
2025-06-04,7.256555215661666,-1.2791163870738758,-1.8214437463131663,0.04972636179269468
2025-06-05,7.2372480015754626,-1.251571955777819,-1.855624540752299,0.049206796540991686
2025-06-06,7.31529240365358,-1.3212459452257759,-1.7256892744446677,0.05120279744074732
2025-06-10,7.330822741902414,-1.3317653730277295,-1.62390060986245,0.050704239302778266
2025-06-11,7.420941797507895,-1.2788796633779478,-1.663464318625565,0.04875442535592845
2025-06-12,7.4244763018508815,-1.3549037603833956,-1.4988446235146533,0.045156022138487406
2025-06-13,7.463064212308392,-1.3519986374504858,-1.6228353843328407,0.04474800357129018
2025-06-16,7.476318134628388,-1.3432170362506761,-1.5408916544720364,0.045778749154558034
2025-06-17,7.463764550143774,-1.3157867032736714,-2.0461693635637475,0.03648418819260852
2025-06-18,7.400010479326148,-1.2962536652415337,-1.9011263649373364,0.039806319026015384
2025-06-19,7.410569030451519,-1.271355820349672,-1.7071711368154894,0.04681099327958429
2025-06-20,7.409757541314426,-1.2716957046949906,-1.5000867974266336,0.04323563151375481
2025-06-23,7.451090403064517,-1.2217145885270668,-1.8383394970238962,0.04021215286803551
2025-06-24,7.3575834401201305,-1.1870258761345847,-2.0288358865744325,0.040649288660731676
2025-06-25,7.322889859137242,-1.0914653561074497,-2.052191761747795,0.044152964155569206
2025-06-26,7.310647675571033,-1.1007117565541173,-1.9241114339638559,0.04494376922326332
2025-06-27,7.304712890961931,-1.1016854864531171,-2.0069279369005275,0.041013253098647756
2025-06-30,7.296515995722098,-1.1187775639284865,-1.9308951797072131,0.04221825728137429
2025-07-01,7.244491825611251,-1.080519061797046,-2.1565170319820623,0.04209888003583577
2025-07-02,7.385466917645956,-1.100728198259767,-2.5602733209908144,0.03181379948439388
2025-07-03,7.343651234176622,-1.1136502838669562,-2.2894820846737205,0.03506561955766805
2025-07-04,7.39974679151444,-1.1141009370695798,-2.6455961635656604,0.03270023253688406
2025-07-07,7.4070851321208595,-1.0852241243670484,-2.783336337055282,0.03659692904728987
2025-07-08,7.407290947838838,-1.086301475456636,-2.758833617060137,0.039235167064513465
2025-07-09,7.451824487498914,-1.1250624268614355,-2.7018863543857883,0.039687528031707324
2025-07-10,7.383165332563191,-1.0813778836924608,-2.549599313284852,0.03506663447996139
2025-07-11,7.472886371297209,-1.1246444826520576,-2.408700032909622,0.03586630894666049
2025-07-14,7.532865477606556,-1.1162266996374999,-2.6652337372733617,0.038729400992892724
2025-07-15,7.486773342823572,-1.0565810815440142,-2.6456953930762976,0.038561500936769195
2025-07-16,7.540903803946691,-1.086769995359963,-2.6542393344671726,0.04066227893521517
2025-07-17,7.620596765221962,-1.176175639604321,-2.748572645554476,0.04310971095022748
2025-07-18,7.623171977904306,-1.210274178374842,-2.8024933320012906,0.044520814843325124
2025-07-21,7.609795223851138,-1.211016274185018,-2.984143518988925,0.05035464329956294
2025-07-22,7.617586948561711,-1.1912203601385776,-3.147302582604421,0.05476129447700465
2025-07-23,7.612845441391059,-1.145622803053402,-3.1256268219404117,0.05589100843536296
2025-07-24,7.584088193135115,-1.1441259611606696,-2.794147867852614,0.04218277995498081
2025-07-25,7.6340807866777185,-1.1325850644879365,-2.84539643967758,0.047936283351435446
2025-07-28,7.499739096967511,-1.10661771420391,-2.446798528364296,0.034589247499147234
2025-07-29,7.605416466027213,-1.0846541984546774,-2.8621087214765737,0.04647422902419774
2025-07-30,7.610635925521134,-1.0779013343688946,-2.896897186717002,0.049434140348288275
2025-07-31,7.767862802122944,-1.1288545816795994,-2.7715357460563466,0.04386037594148045
2025-08-01,7.608183840012501,-1.1477293154850994,-2.0363169893905155,0.02573507496270967
2025-08-04,7.630009378419249,-1.0290837300506706,-2.9069690317199353,0.049152282995252004
2025-08-05,7.575613273136342,-0.9884697949752994,-2.9706565984792497,0.05123414136154702
2025-08-06,7.603994462227145,-1.046655126943219,-2.930557133903294,0.046799378439194704
2025-08-07,7.517574615473442,-1.0299089351040316,-2.909377992794868,0.045263376517806916
2025-08-08,7.57253415418882,-1.0191618976303023,-3.2303257452470455,0.054864968275878584
2025-08-11,7.558001498643019,-0.9398485443817403,-3.3551920504018184,0.063501132705449
2025-08-12,7.593167973545586,-0.9914515733489454,-3.2204744789160054,0.06131533732173769
2025-08-13,7.594183887444927,-0.9832492184848846,-3.3419953831244538,0.05823376193150134
2025-08-14,7.568604046245176,-0.9659526161470355,-3.4029823383457307,0.0626399690509927
2025-08-15,7.569246127070705,-1.0133039231219543,-3.246117596031154,0.06120639150984987
2025-08-18,7.58391250653317,-1.0230433610050267,-3.3113865391706505,0.06297685281531128
2025-08-19,7.62308032309065,-1.0449848481096393,-3.2139409364602414,0.05933161235037885
2025-08-21,7.616090036033639,-1.045333079449771,-3.2866336250565724,0.0600136820527837
2025-08-22,7.675394214212966,-1.1076706579988007,-3.0814080448035197,0.05535469997400296
2025-08-25,7.679056868056219,-1.090396448917909,-3.352718108053326,0.07027460536953974
2025-08-26,7.71077661937646,-1.1098690228343275,-3.360842368934149,0.07200044117044058
2025-08-27,7.596694008411012,-1.071160045194833,-3.04348976473286,0.05180798924369911
2025-08-28,7.627370326991854,-1.0573850900498307,-3.3007711677361513,0.059866096412593085
2025-08-29,7.586169332918517,-1.0878151490464096,-2.9891432551545063,0.050227160662365176
2025-09-01,7.684857075044886,-1.163680587980281,-3.0862525464439634,0.05691642199115603
2025-09-02,7.707373032181157,-1.1631767656615146,-3.1277315842068742,0.060915842926466325
2025-09-03,7.618315940072077,-1.0878322146686423,-2.8928201677390044,0.048925168370847864
2025-09-04,7.69537928838262,-1.098467545028527,-3.132489318383883,0.05876807590380641
2025-09-05,7.657589977287397,-1.0890437749371087,-2.9727391762280266,0.052338616232755895
2025-09-08,7.552195281382094,-1.0871000038892242,-2.818222620433086,0.042347105814483005
2025-09-09,7.60232830653676,-1.0521017005916224,-3.142559803499363,0.055008060367427614
2025-09-10,7.626708734917172,-1.0477577979952943,-3.3193720455700046,0.06409985829079483
2025-09-11,7.647804526992242,-1.018297539292819,-3.3174251154932497,0.06522945341769705
2025-09-12,7.612957795978477,-0.9084096535406803,-3.598910959033001,0.06955233081700816
2025-09-15,7.64024900716937,-0.9038698678567291,-3.543924791673938,0.07014355281096009
2025-09-16,7.6304394696332345,-0.8685740384704977,-3.6453439403038943,0.07274029015235348
2025-09-17,7.6166873882583,-0.9196345255808158,-3.536168189255451,0.0710804593333274
2025-09-18,7.564971742028086,-0.8778120878275819,-3.5990235485849795,0.07303156972398658
2025-09-19,7.5733434034953895,-0.8164754263016317,-3.7085942887803482,0.07520982864736603
2025-09-22,7.558466261993443,-0.7971504872857714,-3.5823869137978273,0.07291183647921286
2025-09-23,7.547905821773362,-0.7875879484104175,-3.6622832431081784,0.07672141011607636
2025-09-24,7.437405801542637,-0.7127834640847136,-3.403752019354539,0.06774495100430648
2025-09-25,7.501655893530384,-0.7544749787514359,-3.351397728304633,0.0655819942284383
2025-09-26,7.55451104310216,-0.8323633948095249,-3.1236113967752575,0.06441732405657173
2025-09-29,7.514765958534642,-0.8312015464563239,-3.139950951787147,0.06619230430173806
2025-09-30,7.515854463612064,-0.8290554602056097,-3.0595269206194424,0.06362034534818083
2025-10-01,7.572210801212561,-0.8798509879260338,-2.9952338607077857,0.06837079467652399
2025-10-02,7.540161979892733,-0.7823388986359725,-3.16441155689149,0.06070585778628062
2025-10-03,7.550214540476189,-0.8122315177870489,-3.0789024332688206,0.0629390749095144
2025-10-06,7.553539586854341,-0.8324232702676448,-2.933238282000085,0.04661555846380104
2025-10-07,7.584238526680239,-0.8738913844631798,-3.2834930552014128,0.05799261967154002
2025-10-08,7.52157443385545,-0.9219707418792139,-3.013841011324691,0.047089725960708415
2025-10-09,7.5535190171596,-0.8950583117932691,-2.987788353737298,0.0476624944383148
2025-10-10,7.631289551700337,-0.8911110277890144,-3.259094087634794,0.05346291451097049
2025-10-13,7.5507573059087125,-0.8547190292264202,-3.27114286613552,0.060379330992984835
2025-10-14,7.511363505951385,-0.802315993028158,-3.3458381319128088,0.06059133621520363
2025-10-15,7.525532787658793,-0.8030486783704304,-3.293925906764652,0.06080350315168909
2025-10-16,7.562478137665137,-0.7977863828260612,-3.2962169320164265,0.06271558551052168
2025-10-17,7.5815822718794195,-0.8636577811272095,-3.281347314151573,0.06018858006778304
2025-10-18,7.595979169925937,-0.899352919086495,-3.228466779464551,0.0607667951050202
2025-10-20,7.62143401918001,-0.887225015980261,-3.299419047152633,0.062339717082694125
2025-10-21,7.595230533831037,-0.8804338582942618,-3.2912136401943877,0.06444895622314857
2025-10-22,7.585580552945637,-0.8573635117463037,-3.313867601965554,0.06438405027590476
2025-10-27,7.599832315434145,-0.9053046658275848,-3.1504612852689085,0.060746871185345074
2025-10-28,7.590941792059078,-0.8548245317265549,-3.30222474825136,0.060486318191295955
2025-10-29,7.49034541055134,-0.7802298427152825,-3.2293188985844714,0.06018071369518126
2025-10-30,7.541939327767539,-0.7705353475211337,-3.1792695197241074,0.06488568868457988
2025-10-31,7.5713040349700975,-0.7736354679685029,-3.111030952687895,0.06556205293458647
2025-11-03,7.5827654070144135,-0.7661412793756325,-3.2332951657967075,0.06825141249125222
2025-11-04,7.568641545251418,-0.747928716490847,-3.3252974732800182,0.0683159676885867
2025-11-05,7.567505106703716,-0.8096463097923604,-3.115827438186501,0.06510629240315989
2025-11-06,7.583226392881189,-0.8030246308294539,-3.1253552297967078,0.06309862438843722
2025-11-07,7.603846428525519,-0.8027038332630043,-3.1724020619227185,0.062114863322459225
2025-11-10,7.520519558390618,-0.7735262731570502,-3.2164185039314077,0.06440455093350361
2025-11-11,7.585987552364643,-0.893434784223007,-3.1222355212702912,0.059287739494440043
2025-11-12,7.660496703403545,-0.9724850525088495,-3.014609707814124,0.06003103409129781
2025-11-13,7.644042073097603,-0.9338578402908123,-3.0466058224242283,0.06203653435049244
2025-11-14,7.66287057055458,-0.9019933771893377,-3.150866111475569,0.05898082753016475
2025-11-17,7.6731529093506765,-0.8966577083707554,-3.163446262180257,0.06339948416299293
2025-11-18,7.732936781073146,-0.9816617005120677,-2.986979206444284,0.059409029895356166
2025-11-19,7.719617115677272,-0.8801971345983225,-3.133234212506806,0.06610205150691989
2025-11-20,7.7166077126942545,-0.8965551938537021,-3.1098885629768453,0.06629148524502809
2025-11-21,7.58420938639408,-0.9849508518729243,-2.302842102903717,0.03263106685127201
2025-11-24,7.522738366354412,-1.0291199910223696,-2.071038812262649,0.026541053510836583
2025-11-25,7.454000212497395,-0.9514121620610082,-2.0374841420946788,0.026962318212264944
2025-11-26,7.436234576831399,-0.9312413315515162,-2.02616062509674,0.025698329271946506
2025-11-27,7.418198399151983,-0.9279141407355075,-2.0052819639663375,0.024713583141450137
2025-11-28,7.423412166242095,-0.9152218079075949,-2.038838411184811,0.025325680942506586
2025-12-01,7.454168416671071,-0.982348200442492,-1.9711993125485523,0.025610863562803402
2025-12-02,7.453486921975814,-1.0042785826274734,-1.8913224736111982,0.025199079995249056
2025-12-03,7.456105513499411,-0.9478432792381608,-2.153060269588909,0.024376942499487988
2025-12-04,7.423373818557515,-1.0010232924680669,-2.1769646474930697,0.022933639824485815
2025-12-05,7.449097476016609,-1.0116008333224977,-2.0860379399860487,0.023308801964173006
2025-12-08,7.453823217464753,-1.0852793601432809,-1.8281611003759304,0.024063210567340825
2025-12-09,7.439676048391324,-1.0326037773446337,-2.0262336429669756,0.022232369949217658
2025-12-10,7.443083361908993,-1.026726551791002,-1.8931043475537466,0.02250721977740007
2025-12-11,7.458345427066596,-1.0632457846899992,-1.8594380506949957,0.023578100068953615
2025-12-12,7.495701511577775,-1.0921147516951217,-1.9508432803919211,0.024212972398081737
2025-12-13,7.490369964777416,-1.1171202029714384,-1.9050196322385733,0.020803650867549386
2025-12-15,7.493590011778811,-1.124864667047931,-1.919986010582912,0.02336002143892716
2025-12-16,7.448021819227279,-1.1149733889145659,-1.9800191706608654,0.02497472459140772
2025-12-17,7.467452748786104,-1.2559193786131888,-2.1615874561427866,0.028396408813641676
2025-12-18,7.453250028182076,-1.161322767872373,-2.554764622184198,0.0307216616565116
2025-12-19,7.450236599976965,-1.1378763965822163,-2.60835400326218,0.039033332403434734
2025-12-22,7.398041358488208,-1.2193121829369509,-2.5952267754433276,0.033307146948309566
2025-12-23,7.405690913359126,-1.2743965609935222,-2.4247007619012844,0.03972267903141014
2025-12-29,7.451968980902849,-1.2807423387281995,-2.4914748350216582,0.03617632000207158
2025-12-30,7.441349820250483,-1.285282687821266,-2.465172908176466,0.03797113628031528
2025-12-31,7.277118623283139,-1.3101508762539265,-1.9666657605356772,0.027092032790141055
2026-01-05,7.222398669164738,-1.2761124716925083,-1.859892611316748,0.026965631863333693
2026-01-06,7.185808630713813,-1.2353784809864659,-1.9588842891989924,0.02663572337737364
2026-01-07,7.178840675072966,-1.2731681968427018,-1.8871334247452978,0.030171665653527944
2026-01-08,7.214200325914006,-1.2735179260510843,-1.9964804698864,0.03175806556187129
2026-01-09,7.240947060985334,-1.3182296983682822,-1.9361710955278033,0.03094169045360262
2026-01-10,7.185558106231932,-1.2503288379378847,-1.9454892122225242,0.034134739598085204
2026-01-12,7.165773030527873,-1.226896246827828,-2.0223461859935883,0.031338809115120464
2026-01-13,7.163842162457261,-1.2065731937605682,-1.9977064793764097,0.03314834067218416
2026-01-14,7.145072342029136,-1.1892891323308241,-1.886475420013495,0.033663747106123076
2026-01-15,7.144325154808862,-1.1506608836788197,-1.7756703137170244,0.030057598137815902
2026-01-16,7.186217547306361,-1.1803360959689408,-1.7691142160925666,0.028643754900680583
2026-01-19,7.246181004965141,-1.2214216085382363,-1.679919167799549,0.030118213614922656
2026-01-20,7.239655131810263,-1.2863080220659127,-1.6876884791359374,0.03210357770099028
2026-01-21,7.206329317167116,-1.2593450203807963,-1.697879461567446,0.027609903446886516
2026-01-22,7.163329101954881,-1.266920668206582,-1.6098909008901447,0.026690228539795715
2026-01-23,7.137886222235999,-1.23167088012676,-1.698502167608577,0.028137166698906715
2026-01-26,7.094168287234405,-1.1577558390420042,-1.7982145210265015,0.03093961574296744
2026-01-27,7.085471324826813,-1.132197351038852,-1.8352699982820389,0.030534538893723904
2026-01-28,7.046707780388234,-1.0696582503961123,-1.9752397200581189,0.03300153408614363
2026-01-29,7.042821265542041,-1.0329482393027583,-1.9673555604495716,0.030322935091642658
2026-01-30,7.072627615009022,-1.044872562101475,-1.8842205948838093,0.027581636398382427
2026-02-02,7.032548504074191,-1.051400810310306,-1.8672807601445025,0.028225327939219252
2026-02-03,7.024699491115118,-1.022523648812274,-1.916174887985793,0.024835654787599117
2026-02-04,6.961763792011425,-0.9388372543345707,-1.9728175258174458,0.02443388207742489
2026-02-05,6.966333631582494,-0.9755917070601993,-1.8140186827059739,0.024125354863801143
2026-02-06,6.94529666346981,-0.9739846743862254,-1.7749591248387417,0.024691178469548464
2026-02-09,6.979418682651659,-0.9486010763700541,-1.8537022976549085,0.024423664130560373
2026-02-10,6.9570891177055305,-0.9309587840265741,-1.8979333721366842,0.0240218154569764
2026-02-11,6.954521877103696,-0.929743372889421,-1.9706379397988556,0.024703133599937598
2026-02-12,6.939163608997913,-1.002242428499986,-1.8835918441166575,0.0285408744046724
2026-02-13,6.946687862701733,-1.006000641126564,-1.898351580839919,0.02625043756039441
2026-02-16,6.884606036742409,-0.903453147300659,-2.0648231907531067,0.025373639022032393
2026-02-17,6.763994001257413,-0.8110830312390453,-2.0322047215133865,0.029797932469079084
2026-02-18,6.77518061529733,-0.8544571417709507,-1.9275925066390225,0.030288507613886403
2026-02-19,6.812390850901169,-0.8825680239453203,-1.8670931128221628,0.026974444163174308
2026-02-20,6.787709187008029,-0.900419170974087,-1.7364493383887796,0.02513371188023088
2026-02-23,6.807259896873537,-0.8993083478539748,-1.7430732858788722,0.024734889331844912
2026-02-24,6.782535621058296,-0.9049968468409167,-1.7119026809825346,0.02703476358362275
2026-02-25,6.736070650425753,-0.8096981050448455,-1.8936685187229176,0.027218278819987705
2026-02-26,6.708761090043104,-0.8306228785346301,-1.8053010960466598,0.026691531861782643
2026-02-27,6.682516348062,-0.829731819388875,-1.8219113588533595,0.027199199733999046
2026-03-02,6.759013558325696,-0.8787043489863032,-1.611872749134828,0.0295146587877658
2026-03-03,6.876541281136623,-0.8554574358958525,-1.5962159477405693,0.022803546459275792
2026-03-04,6.929871794807658,-0.7392484197316284,-1.5749123971735113,0.022296738626124645
2026-03-05,6.950813312063086,-0.7727597271054398,-1.5654827485847074,0.02345279636298899
2026-03-06,7.126254273584335,-0.8776222678453762,-1.199128636415726,0.019364902553432255
2026-03-09,7.811007811769138,-0.8480900819530218,-0.9377422343259898,0.008938111351265366
2026-03-10,7.139430538076339,-0.7603245011238674,-0.9349120723277156,0.010167707531034118
2026-03-11,7.262903123097146,-0.7662849001047617,-1.0213525271017245,0.006809529133958401
2026-03-12,7.37237545528887,-0.7052928813817794,-0.985811645155847,0.007030760547386571
2026-03-13,7.527646191926951,-0.6150244713851041,-0.8824678749767538,0.00935942339541476
2026-03-16,7.6075657449034555,-0.528066052158557,-1.0674516111118906,0.01114990677747139
2026-03-17,7.476699189700529,-0.5046396311830924,-1.065369202735833,0.011669174832921063
2026-03-18,7.20892655607278,-0.3715456203628832,-1.058262113242728,0.012027477597124492
2026-03-19,7.49339450782757,-0.4130316199018972,-0.8851396718615342,0.01531018957635717
2026-03-20,7.34131025898728,-0.06843997477236667,-0.9659363100298318,0.014823679148313354
2026-03-23,7.561836569309283,0.7695300787019927,-1.3506103547760315,0.028102350365668816
2026-03-24,7.57595844510893,0.3794332640790463,-1.1247937553628058,0.019074232837658855
2026-03-25,7.48313898476233,0.18690218312911744,-0.928082098055424,0.0191985470968302
2026-03-26,7.33003852025401,0.19859413891512703,-0.8484079055085353,0.028081047573428896
2026-03-27,7.281998337880146,0.3060109459814225,-0.432221350863175,0.019317930949026015
2026-03-30,7.279548476170221,0.27528862155608325,-0.4199848284015963,0.01794493507881597
2026-03-31,7.254428011276649,0.2617166683344711,-0.4667906515757592,0.020708434453391607
2026-04-01,7.095672627200309,0.15265673052480563,-0.6055575461441135,0.015839142995807826
2026-04-02,7.184325642936445,0.16460546141295268,-0.5537264670733774,0.01462787884123804
2026-04-07,7.02797066676181,0.2314619635381556,-0.49317298663894993,0.01732778640280078
2026-04-08,6.863806780180617,0.06560585986603014,-0.7038795750088118,0.006136377044951479
2026-04-09,6.7032323677947145,0.1935681051455662,-0.8707541506082741,0.00913788638370105
2026-04-10,6.753300187511001,0.19448230424332444,-0.9333900298458049,0.008716721857929743
2026-04-13,6.142143235365274,0.47549957830746764,-1.342204491606287,0.008191223783299208
2026-04-14,6.212831309064713,0.4909529405088685,-1.4767125909364285,0.006544539199117131
2026-04-15,6.106445516821809,0.5944348789095858,-1.393331691301911,0.004168869197462596
2026-04-16,6.150008696788763,0.5908629582268575,-1.415983885213662,0.007891564617872953
2026-04-17,6.106187632235357,0.638370288131324,-1.2383111881803617,0.006547706646039748
2026-04-20,5.904615711387781,0.6684341521270709,-1.3585561657871241,0.004511416516046936
2026-04-21,5.854996489571079,0.7146232782321312,-1.5076634688700572,0.005639974433847652
2026-04-22,5.791570833576235,0.7533493033805432,-1.555510605119342,0.006185139883865741
2026-04-23,5.910988652234595,0.7536566554826668,-1.5502192774975503,0.004992093854572325
2026-04-24,5.904568834704018,0.8521045796345034,-1.4218437255785032,0.008116797760322883
2026-04-27,5.892248458231074,0.9389269822416096,-1.5839645352285634,0.005289141736460932
2026-04-28,5.985367498945595,0.967970237363849,-1.603165852589599,0.003464270035390363
2026-04-29,5.969017791044349,1.0771228308571155,-1.7486933697781755,0.010086023898187612
2026-04-30,5.92002338874341,1.1212570473764054,-1.7651153809860776,0.00897921176477805
2026-05-04,5.828838741526049,1.2251942889662042,-1.7679356884151805,0.010170914041900538
2026-05-05,5.844283987283916,1.2728549290321851,-1.7738447781070599,0.015581502567551603
2026-05-06,5.692173197036175,1.3916604750284618,-1.741110316652521,0.016086145397382474
2026-05-07,5.62831863749693,1.365619056704238,-1.9165537522833074,0.012962501956511966
2026-05-08,5.634653352332552,1.1781605334641108,-1.8900573257324509,0.01541036658859595
2026-05-11,5.382649307329732,1.2187185609725126,-1.5365124731006508,0.010390328740782107
2026-05-12,5.631517064350094,1.1206992970560445,-1.5975650433961937,0.012665798443105678
2026-05-13,5.63605566577441,0.9747768002061074,-2.0329349284603526,0.007981203828190179
2026-05-14,5.47758135983193,1.1134338217757338,-1.950053278854962,0.007602461757956806
2026-05-15,5.494734171112585,1.0327493480783443,-1.7660142938876058,0.006893777260414186
2026-05-18,5.537339313371108,0.9968872560633217,-1.6073492066257105,0.009510372781190482
2026-05-19,5.517357104107752,1.1752785247395148,-2.2287164815787164,0.025942984568030195
2026-05-20,5.539738655854964,1.0802270116051436,-1.969740571470214,0.018798516149825324
2026-05-21,5.508969479502974,1.1486690808599769,-2.3001775288226822,0.034034329081431225
2026-05-22,5.519494849041351,0.9981382581509842,-1.8077198527489742,0.02483802867089356
2026-05-26,5.43927455690102,1.066532647451312,-1.7812010534257996,0.016385510622178846
2026-05-27,5.291633405029152,0.8854438539603036,-1.490665450983952,0.008471357704148192
2026-05-28,5.281590241623114,0.800831847830093,-1.505213871994049,0.007485557261457237
2026-05-29,5.195695518756609,0.8247932535238066,-1.5444780965719178,0.008111261224758222
2026-06-01,5.226909480197494,0.688140626324504,-1.458574115901062,0.010722025162967953
2026-06-02,5.253126857009961,0.6897897881972082,-1.57103399870758,0.00809742050455773
2026-06-03,5.303819942721974,0.7014860313320274,-1.5643827529517764,0.012372555780511333
2026-06-04,5.2289405818583745,0.7218506050233471,-1.3008306808392842,0.021752245538641794
2026-06-05,5.17565184739276,0.7783541630103674,-1.2371340377079287,0.007500900433004873
2026-06-08,5.304112495613765,0.8854586705743818,-1.3245966373843214,0.0033646663703599164
